#! elementShape quadrilateral
#! elementNumPoints 4
4255	4104
0.000000	0.000000
0.250000	0.000000
0.500000	0.000000
0.750000	0.000000
1.000000	0.000000
1.250000	0.000000
1.500000	0.000000
1.750000	0.000000
2.000000	0.000000
2.250000	0.000000
2.500000	0.000000
2.750000	0.000000
3.000000	0.000000
3.250000	0.000000
3.500000	0.000000
3.750000	0.000000
4.000000	0.000000
4.250000	0.000000
4.500000	0.000000
4.750000	0.000000
5.000000	0.000000
5.250000	0.000000
5.500000	0.000000
5.750000	0.000000
6.000000	0.000000
6.250000	0.000000
6.500000	0.000000
6.750000	0.000000
7.000000	0.000000
7.250000	0.000000
7.500000	0.000000
7.750000	0.000000
8.000000	0.000000
8.250000	0.000000
8.500000	0.000000
8.750000	0.000000
9.000000	0.000000
9.250000	0.000000
9.500000	0.000000
9.750000	0.000000
10.000000	0.000000
10.250000	0.000000
10.500000	0.000000
10.750000	0.000000
11.000000	0.000000
11.250000	0.000000
11.500000	0.000000
11.750000	0.000000
12.000000	0.000000
12.250000	0.000000
12.500000	0.000000
12.750000	0.000000
13.000000	0.000000
13.250000	0.000000
13.500000	0.000000
13.750000	0.000000
14.000000	0.000000
14.250000	0.000000
14.500000	0.000000
14.750000	0.000000
15.000000	0.000000
15.250000	0.000000
15.500000	0.000000
15.750000	0.000000
16.000000	0.000000
16.250000	0.000000
16.500000	0.000000
16.750000	0.000000
17.000000	0.000000
17.250000	0.000000
17.500000	0.000000
17.750000	0.000000
18.000000	0.000000
18.250000	0.000000
18.500000	0.000000
18.750000	0.000000
19.000000	0.000000
19.250000	0.000000
19.500000	0.000000
19.750000	0.000000
20.000000	0.000000
20.250000	0.000000
20.500000	0.000000
20.750000	0.000000
21.000000	0.000000
21.250000	0.000000
21.500000	0.000000
21.750000	0.000000
22.000000	0.000000
22.250000	0.000000
22.500000	0.000000
22.750000	0.000000
23.000000	0.000000
23.250000	0.000000
23.500000	0.000000
23.750000	0.000000
24.000000	0.000000
24.250000	0.000000
24.500000	0.000000
24.750000	0.000000
25.000000	0.000000
25.250000	0.000000
25.500000	0.000000
25.750000	0.000000
26.000000	0.000000
26.250000	0.000000
26.500000	0.000000
26.750000	0.000000
27.000000	0.000000
27.250000	0.000000
27.500000	0.000000
27.750000	0.000000
28.000000	0.000000
28.250000	0.000000
28.500000	0.000000
0.000000	0.250000
0.250000	0.250000
0.500000	0.250000
0.750000	0.250000
1.000000	0.250000
1.250000	0.250000
1.500000	0.250000
1.750000	0.250000
2.000000	0.250000
2.250000	0.250000
2.500000	0.250000
2.750000	0.250000
3.000000	0.250000
3.250000	0.250000
3.500000	0.250000
3.750000	0.250000
4.000000	0.250000
4.250000	0.250000
4.500000	0.250000
4.750000	0.250000
5.000000	0.250000
5.250000	0.250000
5.500000	0.250000
5.750000	0.250000
6.000000	0.250000
6.250000	0.250000
6.500000	0.250000
6.750000	0.250000
7.000000	0.250000
7.250000	0.250000
7.500000	0.250000
7.750000	0.250000
8.000000	0.250000
8.250000	0.250000
8.500000	0.250000
8.750000	0.250000
9.000000	0.250000
9.250000	0.250000
9.500000	0.250000
9.750000	0.250000
10.000000	0.250000
10.250000	0.250000
10.500000	0.250000
10.750000	0.250000
11.000000	0.250000
11.250000	0.250000
11.500000	0.250000
11.750000	0.250000
12.000000	0.250000
12.250000	0.250000
12.500000	0.250000
12.750000	0.250000
13.000000	0.250000
13.250000	0.250000
13.500000	0.250000
13.750000	0.250000
14.000000	0.250000
14.250000	0.250000
14.500000	0.250000
14.750000	0.250000
15.000000	0.250000
15.250000	0.250000
15.500000	0.250000
15.750000	0.250000
16.000000	0.250000
16.250000	0.250000
16.500000	0.250000
16.750000	0.250000
17.000000	0.250000
17.250000	0.250000
17.500000	0.250000
17.750000	0.250000
18.000000	0.250000
18.250000	0.250000
18.500000	0.250000
18.750000	0.250000
19.000000	0.250000
19.250000	0.250000
19.500000	0.250000
19.750000	0.250000
20.000000	0.250000
20.250000	0.250000
20.500000	0.250000
20.750000	0.250000
21.000000	0.250000
21.250000	0.250000
21.500000	0.250000
21.750000	0.250000
22.000000	0.250000
22.250000	0.250000
22.500000	0.250000
22.750000	0.250000
23.000000	0.250000
23.250000	0.250000
23.500000	0.250000
23.750000	0.250000
24.000000	0.250000
24.250000	0.250000
24.500000	0.250000
24.750000	0.250000
25.000000	0.250000
25.250000	0.250000
25.500000	0.250000
25.750000	0.250000
26.000000	0.250000
26.250000	0.250000
26.500000	0.250000
26.750000	0.250000
27.000000	0.250000
27.250000	0.250000
27.500000	0.250000
27.750000	0.250000
28.000000	0.250000
28.250000	0.250000
28.500000	0.250000
0.000000	0.500000
0.250000	0.500000
0.500000	0.500000
0.750000	0.500000
1.000000	0.500000
1.250000	0.500000
1.500000	0.500000
1.750000	0.500000
2.000000	0.500000
2.250000	0.500000
2.500000	0.500000
2.750000	0.500000
3.000000	0.500000
3.250000	0.500000
3.500000	0.500000
3.750000	0.500000
4.000000	0.500000
4.250000	0.500000
4.500000	0.500000
4.750000	0.500000
5.000000	0.500000
5.250000	0.500000
5.500000	0.500000
5.750000	0.500000
6.000000	0.500000
6.250000	0.500000
6.500000	0.500000
6.750000	0.500000
7.000000	0.500000
7.250000	0.500000
7.500000	0.500000
7.750000	0.500000
8.000000	0.500000
8.250000	0.500000
8.500000	0.500000
8.750000	0.500000
9.000000	0.500000
9.250000	0.500000
9.500000	0.500000
9.750000	0.500000
10.000000	0.500000
10.250000	0.500000
10.500000	0.500000
10.750000	0.500000
11.000000	0.500000
11.250000	0.500000
11.500000	0.500000
11.750000	0.500000
12.000000	0.500000
12.250000	0.500000
12.500000	0.500000
12.750000	0.500000
13.000000	0.500000
13.250000	0.500000
13.500000	0.500000
13.750000	0.500000
14.000000	0.500000
14.250000	0.500000
14.500000	0.500000
14.750000	0.500000
15.000000	0.500000
15.250000	0.500000
15.500000	0.500000
15.750000	0.500000
16.000000	0.500000
16.250000	0.500000
16.500000	0.500000
16.750000	0.500000
17.000000	0.500000
17.250000	0.500000
17.500000	0.500000
17.750000	0.500000
18.000000	0.500000
18.250000	0.500000
18.500000	0.500000
18.750000	0.500000
19.000000	0.500000
19.250000	0.500000
19.500000	0.500000
19.750000	0.500000
20.000000	0.500000
20.250000	0.500000
20.500000	0.500000
20.750000	0.500000
21.000000	0.500000
21.250000	0.500000
21.500000	0.500000
21.750000	0.500000
22.000000	0.500000
22.250000	0.500000
22.500000	0.500000
22.750000	0.500000
23.000000	0.500000
23.250000	0.500000
23.500000	0.500000
23.750000	0.500000
24.000000	0.500000
24.250000	0.500000
24.500000	0.500000
24.750000	0.500000
25.000000	0.500000
25.250000	0.500000
25.500000	0.500000
25.750000	0.500000
26.000000	0.500000
26.250000	0.500000
26.500000	0.500000
26.750000	0.500000
27.000000	0.500000
27.250000	0.500000
27.500000	0.500000
27.750000	0.500000
28.000000	0.500000
28.250000	0.500000
28.500000	0.500000
0.000000	0.750000
0.250000	0.750000
0.500000	0.750000
0.750000	0.750000
1.000000	0.750000
1.250000	0.750000
1.500000	0.750000
1.750000	0.750000
2.000000	0.750000
2.250000	0.750000
2.500000	0.750000
2.750000	0.750000
3.000000	0.750000
3.250000	0.750000
3.500000	0.750000
3.750000	0.750000
4.000000	0.750000
4.250000	0.750000
4.500000	0.750000
4.750000	0.750000
5.000000	0.750000
5.250000	0.750000
5.500000	0.750000
5.750000	0.750000
6.000000	0.750000
6.250000	0.750000
6.500000	0.750000
6.750000	0.750000
7.000000	0.750000
7.250000	0.750000
7.500000	0.750000
7.750000	0.750000
8.000000	0.750000
8.250000	0.750000
8.500000	0.750000
8.750000	0.750000
9.000000	0.750000
9.250000	0.750000
9.500000	0.750000
9.750000	0.750000
10.000000	0.750000
10.250000	0.750000
10.500000	0.750000
10.750000	0.750000
11.000000	0.750000
11.250000	0.750000
11.500000	0.750000
11.750000	0.750000
12.000000	0.750000
12.250000	0.750000
12.500000	0.750000
12.750000	0.750000
13.000000	0.750000
13.250000	0.750000
13.500000	0.750000
13.750000	0.750000
14.000000	0.750000
14.250000	0.750000
14.500000	0.750000
14.750000	0.750000
15.000000	0.750000
15.250000	0.750000
15.500000	0.750000
15.750000	0.750000
16.000000	0.750000
16.250000	0.750000
16.500000	0.750000
16.750000	0.750000
17.000000	0.750000
17.250000	0.750000
17.500000	0.750000
17.750000	0.750000
18.000000	0.750000
18.250000	0.750000
18.500000	0.750000
18.750000	0.750000
19.000000	0.750000
19.250000	0.750000
19.500000	0.750000
19.750000	0.750000
20.000000	0.750000
20.250000	0.750000
20.500000	0.750000
20.750000	0.750000
21.000000	0.750000
21.250000	0.750000
21.500000	0.750000
21.750000	0.750000
22.000000	0.750000
22.250000	0.750000
22.500000	0.750000
22.750000	0.750000
23.000000	0.750000
23.250000	0.750000
23.500000	0.750000
23.750000	0.750000
24.000000	0.750000
24.250000	0.750000
24.500000	0.750000
24.750000	0.750000
25.000000	0.750000
25.250000	0.750000
25.500000	0.750000
25.750000	0.750000
26.000000	0.750000
26.250000	0.750000
26.500000	0.750000
26.750000	0.750000
27.000000	0.750000
27.250000	0.750000
27.500000	0.750000
27.750000	0.750000
28.000000	0.750000
28.250000	0.750000
28.500000	0.750000
0.000000	1.000000
0.250000	1.000000
0.500000	1.000000
0.750000	1.000000
1.000000	1.000000
1.250000	1.000000
1.500000	1.000000
1.750000	1.000000
2.000000	1.000000
2.250000	1.000000
2.500000	1.000000
2.750000	1.000000
3.000000	1.000000
3.250000	1.000000
3.500000	1.000000
3.750000	1.000000
4.000000	1.000000
4.250000	1.000000
4.500000	1.000000
4.750000	1.000000
5.000000	1.000000
5.250000	1.000000
5.500000	1.000000
5.750000	1.000000
6.000000	1.000000
6.250000	1.000000
6.500000	1.000000
6.750000	1.000000
7.000000	1.000000
7.250000	1.000000
7.500000	1.000000
7.750000	1.000000
8.000000	1.000000
8.250000	1.000000
8.500000	1.000000
8.750000	1.000000
9.000000	1.000000
9.250000	1.000000
9.500000	1.000000
9.750000	1.000000
10.000000	1.000000
10.250000	1.000000
10.500000	1.000000
10.750000	1.000000
11.000000	1.000000
11.250000	1.000000
11.500000	1.000000
11.750000	1.000000
12.000000	1.000000
12.250000	1.000000
12.500000	1.000000
12.750000	1.000000
13.000000	1.000000
13.250000	1.000000
13.500000	1.000000
13.750000	1.000000
14.000000	1.000000
14.250000	1.000000
14.500000	1.000000
14.750000	1.000000
15.000000	1.000000
15.250000	1.000000
15.500000	1.000000
15.750000	1.000000
16.000000	1.000000
16.250000	1.000000
16.500000	1.000000
16.750000	1.000000
17.000000	1.000000
17.250000	1.000000
17.500000	1.000000
17.750000	1.000000
18.000000	1.000000
18.250000	1.000000
18.500000	1.000000
18.750000	1.000000
19.000000	1.000000
19.250000	1.000000
19.500000	1.000000
19.750000	1.000000
20.000000	1.000000
20.250000	1.000000
20.500000	1.000000
20.750000	1.000000
21.000000	1.000000
21.250000	1.000000
21.500000	1.000000
21.750000	1.000000
22.000000	1.000000
22.250000	1.000000
22.500000	1.000000
22.750000	1.000000
23.000000	1.000000
23.250000	1.000000
23.500000	1.000000
23.750000	1.000000
24.000000	1.000000
24.250000	1.000000
24.500000	1.000000
24.750000	1.000000
25.000000	1.000000
25.250000	1.000000
25.500000	1.000000
25.750000	1.000000
26.000000	1.000000
26.250000	1.000000
26.500000	1.000000
26.750000	1.000000
27.000000	1.000000
27.250000	1.000000
27.500000	1.000000
27.750000	1.000000
28.000000	1.000000
28.250000	1.000000
28.500000	1.000000
0.000000	1.250000
0.250000	1.250000
0.500000	1.250000
0.750000	1.250000
1.000000	1.250000
1.250000	1.250000
1.500000	1.250000
1.750000	1.250000
2.000000	1.250000
2.250000	1.250000
2.500000	1.250000
2.750000	1.250000
3.000000	1.250000
3.250000	1.250000
3.500000	1.250000
3.750000	1.250000
4.000000	1.250000
4.250000	1.250000
4.500000	1.250000
4.750000	1.250000
5.000000	1.250000
5.250000	1.250000
5.500000	1.250000
5.750000	1.250000
6.000000	1.250000
6.250000	1.250000
6.500000	1.250000
6.750000	1.250000
7.000000	1.250000
7.250000	1.250000
7.500000	1.250000
7.750000	1.250000
8.000000	1.250000
8.250000	1.250000
8.500000	1.250000
8.750000	1.250000
9.000000	1.250000
9.250000	1.250000
9.500000	1.250000
9.750000	1.250000
10.000000	1.250000
10.250000	1.250000
10.500000	1.250000
10.750000	1.250000
11.000000	1.250000
11.250000	1.250000
11.500000	1.250000
11.750000	1.250000
12.000000	1.250000
12.250000	1.250000
12.500000	1.250000
12.750000	1.250000
13.000000	1.250000
13.250000	1.250000
13.500000	1.250000
13.750000	1.250000
14.000000	1.250000
14.250000	1.250000
14.500000	1.250000
14.750000	1.250000
15.000000	1.250000
15.250000	1.250000
15.500000	1.250000
15.750000	1.250000
16.000000	1.250000
16.250000	1.250000
16.500000	1.250000
16.750000	1.250000
17.000000	1.250000
17.250000	1.250000
17.500000	1.250000
17.750000	1.250000
18.000000	1.250000
18.250000	1.250000
18.500000	1.250000
18.750000	1.250000
19.000000	1.250000
19.250000	1.250000
19.500000	1.250000
19.750000	1.250000
20.000000	1.250000
20.250000	1.250000
20.500000	1.250000
20.750000	1.250000
21.000000	1.250000
21.250000	1.250000
21.500000	1.250000
21.750000	1.250000
22.000000	1.250000
22.250000	1.250000
22.500000	1.250000
22.750000	1.250000
23.000000	1.250000
23.250000	1.250000
23.500000	1.250000
23.750000	1.250000
24.000000	1.250000
24.250000	1.250000
24.500000	1.250000
24.750000	1.250000
25.000000	1.250000
25.250000	1.250000
25.500000	1.250000
25.750000	1.250000
26.000000	1.250000
26.250000	1.250000
26.500000	1.250000
26.750000	1.250000
27.000000	1.250000
27.250000	1.250000
27.500000	1.250000
27.750000	1.250000
28.000000	1.250000
28.250000	1.250000
28.500000	1.250000
0.000000	1.500000
0.250000	1.500000
0.500000	1.500000
0.750000	1.500000
1.000000	1.500000
1.250000	1.500000
1.500000	1.500000
1.750000	1.500000
2.000000	1.500000
2.250000	1.500000
2.500000	1.500000
2.750000	1.500000
3.000000	1.500000
3.250000	1.500000
3.500000	1.500000
3.750000	1.500000
4.000000	1.500000
4.250000	1.500000
4.500000	1.500000
4.750000	1.500000
5.000000	1.500000
5.250000	1.500000
5.500000	1.500000
5.750000	1.500000
6.000000	1.500000
6.250000	1.500000
6.500000	1.500000
6.750000	1.500000
7.000000	1.500000
7.250000	1.500000
7.500000	1.500000
7.750000	1.500000
8.000000	1.500000
8.250000	1.500000
8.500000	1.500000
8.750000	1.500000
9.000000	1.500000
9.250000	1.500000
9.500000	1.500000
9.750000	1.500000
10.000000	1.500000
10.250000	1.500000
10.500000	1.500000
10.750000	1.500000
11.000000	1.500000
11.250000	1.500000
11.500000	1.500000
11.750000	1.500000
12.000000	1.500000
12.250000	1.500000
12.500000	1.500000
12.750000	1.500000
13.000000	1.500000
13.250000	1.500000
13.500000	1.500000
13.750000	1.500000
14.000000	1.500000
14.250000	1.500000
14.500000	1.500000
14.750000	1.500000
15.000000	1.500000
15.250000	1.500000
15.500000	1.500000
15.750000	1.500000
16.000000	1.500000
16.250000	1.500000
16.500000	1.500000
16.750000	1.500000
17.000000	1.500000
17.250000	1.500000
17.500000	1.500000
17.750000	1.500000
18.000000	1.500000
18.250000	1.500000
18.500000	1.500000
18.750000	1.500000
19.000000	1.500000
19.250000	1.500000
19.500000	1.500000
19.750000	1.500000
20.000000	1.500000
20.250000	1.500000
20.500000	1.500000
20.750000	1.500000
21.000000	1.500000
21.250000	1.500000
21.500000	1.500000
21.750000	1.500000
22.000000	1.500000
22.250000	1.500000
22.500000	1.500000
22.750000	1.500000
23.000000	1.500000
23.250000	1.500000
23.500000	1.500000
23.750000	1.500000
24.000000	1.500000
24.250000	1.500000
24.500000	1.500000
24.750000	1.500000
25.000000	1.500000
25.250000	1.500000
25.500000	1.500000
25.750000	1.500000
26.000000	1.500000
26.250000	1.500000
26.500000	1.500000
26.750000	1.500000
27.000000	1.500000
27.250000	1.500000
27.500000	1.500000
27.750000	1.500000
28.000000	1.500000
28.250000	1.500000
28.500000	1.500000
0.000000	1.750000
0.250000	1.750000
0.500000	1.750000
0.750000	1.750000
1.000000	1.750000
1.250000	1.750000
1.500000	1.750000
1.750000	1.750000
2.000000	1.750000
2.250000	1.750000
2.500000	1.750000
2.750000	1.750000
3.000000	1.750000
3.250000	1.750000
3.500000	1.750000
3.750000	1.750000
4.000000	1.750000
4.250000	1.750000
4.500000	1.750000
4.750000	1.750000
5.000000	1.750000
5.250000	1.750000
5.500000	1.750000
5.750000	1.750000
6.000000	1.750000
6.250000	1.750000
6.500000	1.750000
6.750000	1.750000
7.000000	1.750000
7.250000	1.750000
7.500000	1.750000
7.750000	1.750000
8.000000	1.750000
8.250000	1.750000
8.500000	1.750000
8.750000	1.750000
9.000000	1.750000
9.250000	1.750000
9.500000	1.750000
9.750000	1.750000
10.000000	1.750000
10.250000	1.750000
10.500000	1.750000
10.750000	1.750000
11.000000	1.750000
11.250000	1.750000
11.500000	1.750000
11.750000	1.750000
12.000000	1.750000
12.250000	1.750000
12.500000	1.750000
12.750000	1.750000
13.000000	1.750000
13.250000	1.750000
13.500000	1.750000
13.750000	1.750000
14.000000	1.750000
14.250000	1.750000
14.500000	1.750000
14.750000	1.750000
15.000000	1.750000
15.250000	1.750000
15.500000	1.750000
15.750000	1.750000
16.000000	1.750000
16.250000	1.750000
16.500000	1.750000
16.750000	1.750000
17.000000	1.750000
17.250000	1.750000
17.500000	1.750000
17.750000	1.750000
18.000000	1.750000
18.250000	1.750000
18.500000	1.750000
18.750000	1.750000
19.000000	1.750000
19.250000	1.750000
19.500000	1.750000
19.750000	1.750000
20.000000	1.750000
20.250000	1.750000
20.500000	1.750000
20.750000	1.750000
21.000000	1.750000
21.250000	1.750000
21.500000	1.750000
21.750000	1.750000
22.000000	1.750000
22.250000	1.750000
22.500000	1.750000
22.750000	1.750000
23.000000	1.750000
23.250000	1.750000
23.500000	1.750000
23.750000	1.750000
24.000000	1.750000
24.250000	1.750000
24.500000	1.750000
24.750000	1.750000
25.000000	1.750000
25.250000	1.750000
25.500000	1.750000
25.750000	1.750000
26.000000	1.750000
26.250000	1.750000
26.500000	1.750000
26.750000	1.750000
27.000000	1.750000
27.250000	1.750000
27.500000	1.750000
27.750000	1.750000
28.000000	1.750000
28.250000	1.750000
28.500000	1.750000
0.000000	2.000000
0.250000	2.000000
0.500000	2.000000
0.750000	2.000000
1.000000	2.000000
1.250000	2.000000
1.500000	2.000000
1.750000	2.000000
2.000000	2.000000
2.250000	2.000000
2.500000	2.000000
2.750000	2.000000
3.000000	2.000000
3.250000	2.000000
3.500000	2.000000
3.750000	2.000000
4.000000	2.000000
4.250000	2.000000
4.500000	2.000000
4.750000	2.000000
5.000000	2.000000
5.250000	2.000000
5.500000	2.000000
5.750000	2.000000
6.000000	2.000000
6.250000	2.000000
6.500000	2.000000
6.750000	2.000000
7.000000	2.000000
7.250000	2.000000
7.500000	2.000000
7.750000	2.000000
8.000000	2.000000
8.250000	2.000000
8.500000	2.000000
8.750000	2.000000
9.000000	2.000000
9.250000	2.000000
9.500000	2.000000
9.750000	2.000000
10.000000	2.000000
10.250000	2.000000
10.500000	2.000000
10.750000	2.000000
11.000000	2.000000
11.250000	2.000000
11.500000	2.000000
11.750000	2.000000
12.000000	2.000000
12.250000	2.000000
12.500000	2.000000
12.750000	2.000000
13.000000	2.000000
13.250000	2.000000
13.500000	2.000000
13.750000	2.000000
14.000000	2.000000
14.250000	2.000000
14.500000	2.000000
14.750000	2.000000
15.000000	2.000000
15.250000	2.000000
15.500000	2.000000
15.750000	2.000000
16.000000	2.000000
16.250000	2.000000
16.500000	2.000000
16.750000	2.000000
17.000000	2.000000
17.250000	2.000000
17.500000	2.000000
17.750000	2.000000
18.000000	2.000000
18.250000	2.000000
18.500000	2.000000
18.750000	2.000000
19.000000	2.000000
19.250000	2.000000
19.500000	2.000000
19.750000	2.000000
20.000000	2.000000
20.250000	2.000000
20.500000	2.000000
20.750000	2.000000
21.000000	2.000000
21.250000	2.000000
21.500000	2.000000
21.750000	2.000000
22.000000	2.000000
22.250000	2.000000
22.500000	2.000000
22.750000	2.000000
23.000000	2.000000
23.250000	2.000000
23.500000	2.000000
23.750000	2.000000
24.000000	2.000000
24.250000	2.000000
24.500000	2.000000
24.750000	2.000000
25.000000	2.000000
25.250000	2.000000
25.500000	2.000000
25.750000	2.000000
26.000000	2.000000
26.250000	2.000000
26.500000	2.000000
26.750000	2.000000
27.000000	2.000000
27.250000	2.000000
27.500000	2.000000
27.750000	2.000000
28.000000	2.000000
28.250000	2.000000
28.500000	2.000000
0.000000	2.250000
0.250000	2.250000
0.500000	2.250000
0.750000	2.250000
1.000000	2.250000
1.250000	2.250000
1.500000	2.250000
1.750000	2.250000
2.000000	2.250000
2.250000	2.250000
2.500000	2.250000
2.750000	2.250000
3.000000	2.250000
3.250000	2.250000
3.500000	2.250000
3.750000	2.250000
4.000000	2.250000
4.250000	2.250000
4.500000	2.250000
4.750000	2.250000
5.000000	2.250000
5.250000	2.250000
5.500000	2.250000
5.750000	2.250000
6.000000	2.250000
6.250000	2.250000
6.500000	2.250000
6.750000	2.250000
7.000000	2.250000
7.250000	2.250000
7.500000	2.250000
7.750000	2.250000
8.000000	2.250000
8.250000	2.250000
8.500000	2.250000
8.750000	2.250000
9.000000	2.250000
9.250000	2.250000
9.500000	2.250000
9.750000	2.250000
10.000000	2.250000
10.250000	2.250000
10.500000	2.250000
10.750000	2.250000
11.000000	2.250000
11.250000	2.250000
11.500000	2.250000
11.750000	2.250000
12.000000	2.250000
12.250000	2.250000
12.500000	2.250000
12.750000	2.250000
13.000000	2.250000
13.250000	2.250000
13.500000	2.250000
13.750000	2.250000
14.000000	2.250000
14.250000	2.250000
14.500000	2.250000
14.750000	2.250000
15.000000	2.250000
15.250000	2.250000
15.500000	2.250000
15.750000	2.250000
16.000000	2.250000
16.250000	2.250000
16.500000	2.250000
16.750000	2.250000
17.000000	2.250000
17.250000	2.250000
17.500000	2.250000
17.750000	2.250000
18.000000	2.250000
18.250000	2.250000
18.500000	2.250000
18.750000	2.250000
19.000000	2.250000
19.250000	2.250000
19.500000	2.250000
19.750000	2.250000
20.000000	2.250000
20.250000	2.250000
20.500000	2.250000
20.750000	2.250000
21.000000	2.250000
21.250000	2.250000
21.500000	2.250000
21.750000	2.250000
22.000000	2.250000
22.250000	2.250000
22.500000	2.250000
22.750000	2.250000
23.000000	2.250000
23.250000	2.250000
23.500000	2.250000
23.750000	2.250000
24.000000	2.250000
24.250000	2.250000
24.500000	2.250000
24.750000	2.250000
25.000000	2.250000
25.250000	2.250000
25.500000	2.250000
25.750000	2.250000
26.000000	2.250000
26.250000	2.250000
26.500000	2.250000
26.750000	2.250000
27.000000	2.250000
27.250000	2.250000
27.500000	2.250000
27.750000	2.250000
28.000000	2.250000
28.250000	2.250000
28.500000	2.250000
0.000000	2.500000
0.250000	2.500000
0.500000	2.500000
0.750000	2.500000
1.000000	2.500000
1.250000	2.500000
1.500000	2.500000
1.750000	2.500000
2.000000	2.500000
2.250000	2.500000
2.500000	2.500000
2.750000	2.500000
3.000000	2.500000
3.250000	2.500000
3.500000	2.500000
3.750000	2.500000
4.000000	2.500000
4.250000	2.500000
4.500000	2.500000
4.750000	2.500000
5.000000	2.500000
5.250000	2.500000
5.500000	2.500000
5.750000	2.500000
6.000000	2.500000
6.250000	2.500000
6.500000	2.500000
6.750000	2.500000
7.000000	2.500000
7.250000	2.500000
7.500000	2.500000
7.750000	2.500000
8.000000	2.500000
8.250000	2.500000
8.500000	2.500000
8.750000	2.500000
9.000000	2.500000
9.250000	2.500000
9.500000	2.500000
9.750000	2.500000
10.000000	2.500000
10.250000	2.500000
10.500000	2.500000
10.750000	2.500000
11.000000	2.500000
11.250000	2.500000
11.500000	2.500000
11.750000	2.500000
12.000000	2.500000
12.250000	2.500000
12.500000	2.500000
12.750000	2.500000
13.000000	2.500000
13.250000	2.500000
13.500000	2.500000
13.750000	2.500000
14.000000	2.500000
14.250000	2.500000
14.500000	2.500000
14.750000	2.500000
15.000000	2.500000
15.250000	2.500000
15.500000	2.500000
15.750000	2.500000
16.000000	2.500000
16.250000	2.500000
16.500000	2.500000
16.750000	2.500000
17.000000	2.500000
17.250000	2.500000
17.500000	2.500000
17.750000	2.500000
18.000000	2.500000
18.250000	2.500000
18.500000	2.500000
18.750000	2.500000
19.000000	2.500000
19.250000	2.500000
19.500000	2.500000
19.750000	2.500000
20.000000	2.500000
20.250000	2.500000
20.500000	2.500000
20.750000	2.500000
21.000000	2.500000
21.250000	2.500000
21.500000	2.500000
21.750000	2.500000
22.000000	2.500000
22.250000	2.500000
22.500000	2.500000
22.750000	2.500000
23.000000	2.500000
23.250000	2.500000
23.500000	2.500000
23.750000	2.500000
24.000000	2.500000
24.250000	2.500000
24.500000	2.500000
24.750000	2.500000
25.000000	2.500000
25.250000	2.500000
25.500000	2.500000
25.750000	2.500000
26.000000	2.500000
26.250000	2.500000
26.500000	2.500000
26.750000	2.500000
27.000000	2.500000
27.250000	2.500000
27.500000	2.500000
27.750000	2.500000
28.000000	2.500000
28.250000	2.500000
28.500000	2.500000
0.000000	2.750000
0.250000	2.750000
0.500000	2.750000
0.750000	2.750000
1.000000	2.750000
1.250000	2.750000
1.500000	2.750000
1.750000	2.750000
2.000000	2.750000
2.250000	2.750000
2.500000	2.750000
2.750000	2.750000
3.000000	2.750000
3.250000	2.750000
3.500000	2.750000
3.750000	2.750000
4.000000	2.750000
4.250000	2.750000
4.500000	2.750000
4.750000	2.750000
5.000000	2.750000
5.250000	2.750000
5.500000	2.750000
5.750000	2.750000
6.000000	2.750000
6.250000	2.750000
6.500000	2.750000
6.750000	2.750000
7.000000	2.750000
7.250000	2.750000
7.500000	2.750000
7.750000	2.750000
8.000000	2.750000
8.250000	2.750000
8.500000	2.750000
8.750000	2.750000
9.000000	2.750000
9.250000	2.750000
9.500000	2.750000
9.750000	2.750000
10.000000	2.750000
10.250000	2.750000
10.500000	2.750000
10.750000	2.750000
11.000000	2.750000
11.250000	2.750000
11.500000	2.750000
11.750000	2.750000
12.000000	2.750000
12.250000	2.750000
12.500000	2.750000
12.750000	2.750000
13.000000	2.750000
13.250000	2.750000
13.500000	2.750000
13.750000	2.750000
14.000000	2.750000
14.250000	2.750000
14.500000	2.750000
14.750000	2.750000
15.000000	2.750000
15.250000	2.750000
15.500000	2.750000
15.750000	2.750000
16.000000	2.750000
16.250000	2.750000
16.500000	2.750000
16.750000	2.750000
17.000000	2.750000
17.250000	2.750000
17.500000	2.750000
17.750000	2.750000
18.000000	2.750000
18.250000	2.750000
18.500000	2.750000
18.750000	2.750000
19.000000	2.750000
19.250000	2.750000
19.500000	2.750000
19.750000	2.750000
20.000000	2.750000
20.250000	2.750000
20.500000	2.750000
20.750000	2.750000
21.000000	2.750000
21.250000	2.750000
21.500000	2.750000
21.750000	2.750000
22.000000	2.750000
22.250000	2.750000
22.500000	2.750000
22.750000	2.750000
23.000000	2.750000
23.250000	2.750000
23.500000	2.750000
23.750000	2.750000
24.000000	2.750000
24.250000	2.750000
24.500000	2.750000
24.750000	2.750000
25.000000	2.750000
25.250000	2.750000
25.500000	2.750000
25.750000	2.750000
26.000000	2.750000
26.250000	2.750000
26.500000	2.750000
26.750000	2.750000
27.000000	2.750000
27.250000	2.750000
27.500000	2.750000
27.750000	2.750000
28.000000	2.750000
28.250000	2.750000
28.500000	2.750000
0.000000	3.000000
0.250000	3.000000
0.500000	3.000000
0.750000	3.000000
1.000000	3.000000
1.250000	3.000000
1.500000	3.000000
1.750000	3.000000
2.000000	3.000000
2.250000	3.000000
2.500000	3.000000
2.750000	3.000000
3.000000	3.000000
3.250000	3.000000
3.500000	3.000000
3.750000	3.000000
4.000000	3.000000
4.250000	3.000000
4.500000	3.000000
4.750000	3.000000
5.000000	3.000000
5.250000	3.000000
5.500000	3.000000
5.750000	3.000000
6.000000	3.000000
6.250000	3.000000
6.500000	3.000000
6.750000	3.000000
7.000000	3.000000
7.250000	3.000000
7.500000	3.000000
7.750000	3.000000
8.000000	3.000000
8.250000	3.000000
8.500000	3.000000
8.750000	3.000000
9.000000	3.000000
9.250000	3.000000
9.500000	3.000000
9.750000	3.000000
10.000000	3.000000
10.250000	3.000000
10.500000	3.000000
10.750000	3.000000
11.000000	3.000000
11.250000	3.000000
11.500000	3.000000
11.750000	3.000000
12.000000	3.000000
12.250000	3.000000
12.500000	3.000000
12.750000	3.000000
13.000000	3.000000
13.250000	3.000000
13.500000	3.000000
13.750000	3.000000
14.000000	3.000000
14.250000	3.000000
14.500000	3.000000
14.750000	3.000000
15.000000	3.000000
15.250000	3.000000
15.500000	3.000000
15.750000	3.000000
16.000000	3.000000
16.250000	3.000000
16.500000	3.000000
16.750000	3.000000
17.000000	3.000000
17.250000	3.000000
17.500000	3.000000
17.750000	3.000000
18.000000	3.000000
18.250000	3.000000
18.500000	3.000000
18.750000	3.000000
19.000000	3.000000
19.250000	3.000000
19.500000	3.000000
19.750000	3.000000
20.000000	3.000000
20.250000	3.000000
20.500000	3.000000
20.750000	3.000000
21.000000	3.000000
21.250000	3.000000
21.500000	3.000000
21.750000	3.000000
22.000000	3.000000
22.250000	3.000000
22.500000	3.000000
22.750000	3.000000
23.000000	3.000000
23.250000	3.000000
23.500000	3.000000
23.750000	3.000000
24.000000	3.000000
24.250000	3.000000
24.500000	3.000000
24.750000	3.000000
25.000000	3.000000
25.250000	3.000000
25.500000	3.000000
25.750000	3.000000
26.000000	3.000000
26.250000	3.000000
26.500000	3.000000
26.750000	3.000000
27.000000	3.000000
27.250000	3.000000
27.500000	3.000000
27.750000	3.000000
28.000000	3.000000
28.250000	3.000000
28.500000	3.000000
0.000000	3.250000
0.250000	3.250000
0.500000	3.250000
0.750000	3.250000
1.000000	3.250000
1.250000	3.250000
1.500000	3.250000
1.750000	3.250000
2.000000	3.250000
2.250000	3.250000
2.500000	3.250000
2.750000	3.250000
3.000000	3.250000
3.250000	3.250000
3.500000	3.250000
3.750000	3.250000
4.000000	3.250000
4.250000	3.250000
4.500000	3.250000
4.750000	3.250000
5.000000	3.250000
5.250000	3.250000
5.500000	3.250000
5.750000	3.250000
6.000000	3.250000
6.250000	3.250000
6.500000	3.250000
6.750000	3.250000
7.000000	3.250000
7.250000	3.250000
7.500000	3.250000
7.750000	3.250000
8.000000	3.250000
8.250000	3.250000
8.500000	3.250000
8.750000	3.250000
9.000000	3.250000
9.250000	3.250000
9.500000	3.250000
9.750000	3.250000
10.000000	3.250000
10.250000	3.250000
10.500000	3.250000
10.750000	3.250000
11.000000	3.250000
11.250000	3.250000
11.500000	3.250000
11.750000	3.250000
12.000000	3.250000
12.250000	3.250000
12.500000	3.250000
12.750000	3.250000
13.000000	3.250000
13.250000	3.250000
13.500000	3.250000
13.750000	3.250000
14.000000	3.250000
14.250000	3.250000
14.500000	3.250000
14.750000	3.250000
15.000000	3.250000
15.250000	3.250000
15.500000	3.250000
15.750000	3.250000
16.000000	3.250000
16.250000	3.250000
16.500000	3.250000
16.750000	3.250000
17.000000	3.250000
17.250000	3.250000
17.500000	3.250000
17.750000	3.250000
18.000000	3.250000
18.250000	3.250000
18.500000	3.250000
18.750000	3.250000
19.000000	3.250000
19.250000	3.250000
19.500000	3.250000
19.750000	3.250000
20.000000	3.250000
20.250000	3.250000
20.500000	3.250000
20.750000	3.250000
21.000000	3.250000
21.250000	3.250000
21.500000	3.250000
21.750000	3.250000
22.000000	3.250000
22.250000	3.250000
22.500000	3.250000
22.750000	3.250000
23.000000	3.250000
23.250000	3.250000
23.500000	3.250000
23.750000	3.250000
24.000000	3.250000
24.250000	3.250000
24.500000	3.250000
24.750000	3.250000
25.000000	3.250000
25.250000	3.250000
25.500000	3.250000
25.750000	3.250000
26.000000	3.250000
26.250000	3.250000
26.500000	3.250000
26.750000	3.250000
27.000000	3.250000
27.250000	3.250000
27.500000	3.250000
27.750000	3.250000
28.000000	3.250000
28.250000	3.250000
28.500000	3.250000
0.000000	3.500000
0.250000	3.500000
0.500000	3.500000
0.750000	3.500000
1.000000	3.500000
1.250000	3.500000
1.500000	3.500000
1.750000	3.500000
2.000000	3.500000
2.250000	3.500000
2.500000	3.500000
2.750000	3.500000
3.000000	3.500000
3.250000	3.500000
3.500000	3.500000
3.750000	3.500000
4.000000	3.500000
4.250000	3.500000
4.500000	3.500000
4.750000	3.500000
5.000000	3.500000
5.250000	3.500000
5.500000	3.500000
5.750000	3.500000
6.000000	3.500000
6.250000	3.500000
6.500000	3.500000
6.750000	3.500000
7.000000	3.500000
7.250000	3.500000
7.500000	3.500000
7.750000	3.500000
8.000000	3.500000
8.250000	3.500000
8.500000	3.500000
8.750000	3.500000
9.000000	3.500000
9.250000	3.500000
9.500000	3.500000
9.750000	3.500000
10.000000	3.500000
10.250000	3.500000
10.500000	3.500000
10.750000	3.500000
11.000000	3.500000
11.250000	3.500000
11.500000	3.500000
11.750000	3.500000
12.000000	3.500000
12.250000	3.500000
12.500000	3.500000
12.750000	3.500000
13.000000	3.500000
13.250000	3.500000
13.500000	3.500000
13.750000	3.500000
14.000000	3.500000
14.250000	3.500000
14.500000	3.500000
14.750000	3.500000
15.000000	3.500000
15.250000	3.500000
15.500000	3.500000
15.750000	3.500000
16.000000	3.500000
16.250000	3.500000
16.500000	3.500000
16.750000	3.500000
17.000000	3.500000
17.250000	3.500000
17.500000	3.500000
17.750000	3.500000
18.000000	3.500000
18.250000	3.500000
18.500000	3.500000
18.750000	3.500000
19.000000	3.500000
19.250000	3.500000
19.500000	3.500000
19.750000	3.500000
20.000000	3.500000
20.250000	3.500000
20.500000	3.500000
20.750000	3.500000
21.000000	3.500000
21.250000	3.500000
21.500000	3.500000
21.750000	3.500000
22.000000	3.500000
22.250000	3.500000
22.500000	3.500000
22.750000	3.500000
23.000000	3.500000
23.250000	3.500000
23.500000	3.500000
23.750000	3.500000
24.000000	3.500000
24.250000	3.500000
24.500000	3.500000
24.750000	3.500000
25.000000	3.500000
25.250000	3.500000
25.500000	3.500000
25.750000	3.500000
26.000000	3.500000
26.250000	3.500000
26.500000	3.500000
26.750000	3.500000
27.000000	3.500000
27.250000	3.500000
27.500000	3.500000
27.750000	3.500000
28.000000	3.500000
28.250000	3.500000
28.500000	3.500000
0.000000	3.750000
0.250000	3.750000
0.500000	3.750000
0.750000	3.750000
1.000000	3.750000
1.250000	3.750000
1.500000	3.750000
1.750000	3.750000
2.000000	3.750000
2.250000	3.750000
2.500000	3.750000
2.750000	3.750000
3.000000	3.750000
3.250000	3.750000
3.500000	3.750000
3.750000	3.750000
4.000000	3.750000
4.250000	3.750000
4.500000	3.750000
4.750000	3.750000
5.000000	3.750000
5.250000	3.750000
5.500000	3.750000
5.750000	3.750000
6.000000	3.750000
6.250000	3.750000
6.500000	3.750000
6.750000	3.750000
7.000000	3.750000
7.250000	3.750000
7.500000	3.750000
7.750000	3.750000
8.000000	3.750000
8.250000	3.750000
8.500000	3.750000
8.750000	3.750000
9.000000	3.750000
9.250000	3.750000
9.500000	3.750000
9.750000	3.750000
10.000000	3.750000
10.250000	3.750000
10.500000	3.750000
10.750000	3.750000
11.000000	3.750000
11.250000	3.750000
11.500000	3.750000
11.750000	3.750000
12.000000	3.750000
12.250000	3.750000
12.500000	3.750000
12.750000	3.750000
13.000000	3.750000
13.250000	3.750000
13.500000	3.750000
13.750000	3.750000
14.000000	3.750000
14.250000	3.750000
14.500000	3.750000
14.750000	3.750000
15.000000	3.750000
15.250000	3.750000
15.500000	3.750000
15.750000	3.750000
16.000000	3.750000
16.250000	3.750000
16.500000	3.750000
16.750000	3.750000
17.000000	3.750000
17.250000	3.750000
17.500000	3.750000
17.750000	3.750000
18.000000	3.750000
18.250000	3.750000
18.500000	3.750000
18.750000	3.750000
19.000000	3.750000
19.250000	3.750000
19.500000	3.750000
19.750000	3.750000
20.000000	3.750000
20.250000	3.750000
20.500000	3.750000
20.750000	3.750000
21.000000	3.750000
21.250000	3.750000
21.500000	3.750000
21.750000	3.750000
22.000000	3.750000
22.250000	3.750000
22.500000	3.750000
22.750000	3.750000
23.000000	3.750000
23.250000	3.750000
23.500000	3.750000
23.750000	3.750000
24.000000	3.750000
24.250000	3.750000
24.500000	3.750000
24.750000	3.750000
25.000000	3.750000
25.250000	3.750000
25.500000	3.750000
25.750000	3.750000
26.000000	3.750000
26.250000	3.750000
26.500000	3.750000
26.750000	3.750000
27.000000	3.750000
27.250000	3.750000
27.500000	3.750000
27.750000	3.750000
28.000000	3.750000
28.250000	3.750000
28.500000	3.750000
0.000000	4.000000
0.250000	4.000000
0.500000	4.000000
0.750000	4.000000
1.000000	4.000000
1.250000	4.000000
1.500000	4.000000
1.750000	4.000000
2.000000	4.000000
2.250000	4.000000
2.500000	4.000000
2.750000	4.000000
3.000000	4.000000
3.250000	4.000000
3.500000	4.000000
3.750000	4.000000
4.000000	4.000000
4.250000	4.000000
4.500000	4.000000
4.750000	4.000000
5.000000	4.000000
5.250000	4.000000
5.500000	4.000000
5.750000	4.000000
6.000000	4.000000
6.250000	4.000000
6.500000	4.000000
6.750000	4.000000
7.000000	4.000000
7.250000	4.000000
7.500000	4.000000
7.750000	4.000000
8.000000	4.000000
8.250000	4.000000
8.500000	4.000000
8.750000	4.000000
9.000000	4.000000
9.250000	4.000000
9.500000	4.000000
9.750000	4.000000
10.000000	4.000000
10.250000	4.000000
10.500000	4.000000
10.750000	4.000000
11.000000	4.000000
11.250000	4.000000
11.500000	4.000000
11.750000	4.000000
12.000000	4.000000
12.250000	4.000000
12.500000	4.000000
12.750000	4.000000
13.000000	4.000000
13.250000	4.000000
13.500000	4.000000
13.750000	4.000000
14.000000	4.000000
14.250000	4.000000
14.500000	4.000000
14.750000	4.000000
15.000000	4.000000
15.250000	4.000000
15.500000	4.000000
15.750000	4.000000
16.000000	4.000000
16.250000	4.000000
16.500000	4.000000
16.750000	4.000000
17.000000	4.000000
17.250000	4.000000
17.500000	4.000000
17.750000	4.000000
18.000000	4.000000
18.250000	4.000000
18.500000	4.000000
18.750000	4.000000
19.000000	4.000000
19.250000	4.000000
19.500000	4.000000
19.750000	4.000000
20.000000	4.000000
20.250000	4.000000
20.500000	4.000000
20.750000	4.000000
21.000000	4.000000
21.250000	4.000000
21.500000	4.000000
21.750000	4.000000
22.000000	4.000000
22.250000	4.000000
22.500000	4.000000
22.750000	4.000000
23.000000	4.000000
23.250000	4.000000
23.500000	4.000000
23.750000	4.000000
24.000000	4.000000
24.250000	4.000000
24.500000	4.000000
24.750000	4.000000
25.000000	4.000000
25.250000	4.000000
25.500000	4.000000
25.750000	4.000000
26.000000	4.000000
26.250000	4.000000
26.500000	4.000000
26.750000	4.000000
27.000000	4.000000
27.250000	4.000000
27.500000	4.000000
27.750000	4.000000
28.000000	4.000000
28.250000	4.000000
28.500000	4.000000
0.000000	4.250000
0.250000	4.250000
0.500000	4.250000
0.750000	4.250000
1.000000	4.250000
1.250000	4.250000
1.500000	4.250000
1.750000	4.250000
2.000000	4.250000
2.250000	4.250000
2.500000	4.250000
2.750000	4.250000
3.000000	4.250000
3.250000	4.250000
3.500000	4.250000
3.750000	4.250000
4.000000	4.250000
4.250000	4.250000
4.500000	4.250000
4.750000	4.250000
5.000000	4.250000
5.250000	4.250000
5.500000	4.250000
5.750000	4.250000
6.000000	4.250000
6.250000	4.250000
6.500000	4.250000
6.750000	4.250000
7.000000	4.250000
7.250000	4.250000
7.500000	4.250000
7.750000	4.250000
8.000000	4.250000
8.250000	4.250000
8.500000	4.250000
8.750000	4.250000
9.000000	4.250000
9.250000	4.250000
9.500000	4.250000
9.750000	4.250000
10.000000	4.250000
10.250000	4.250000
10.500000	4.250000
10.750000	4.250000
11.000000	4.250000
11.250000	4.250000
11.500000	4.250000
11.750000	4.250000
12.000000	4.250000
12.250000	4.250000
12.500000	4.250000
12.750000	4.250000
13.000000	4.250000
13.250000	4.250000
13.500000	4.250000
13.750000	4.250000
14.000000	4.250000
14.250000	4.250000
14.500000	4.250000
14.750000	4.250000
15.000000	4.250000
15.250000	4.250000
15.500000	4.250000
15.750000	4.250000
16.000000	4.250000
16.250000	4.250000
16.500000	4.250000
16.750000	4.250000
17.000000	4.250000
17.250000	4.250000
17.500000	4.250000
17.750000	4.250000
18.000000	4.250000
18.250000	4.250000
18.500000	4.250000
18.750000	4.250000
19.000000	4.250000
19.250000	4.250000
19.500000	4.250000
19.750000	4.250000
20.000000	4.250000
20.250000	4.250000
20.500000	4.250000
20.750000	4.250000
21.000000	4.250000
21.250000	4.250000
21.500000	4.250000
21.750000	4.250000
22.000000	4.250000
22.250000	4.250000
22.500000	4.250000
22.750000	4.250000
23.000000	4.250000
23.250000	4.250000
23.500000	4.250000
23.750000	4.250000
24.000000	4.250000
24.250000	4.250000
24.500000	4.250000
24.750000	4.250000
25.000000	4.250000
25.250000	4.250000
25.500000	4.250000
25.750000	4.250000
26.000000	4.250000
26.250000	4.250000
26.500000	4.250000
26.750000	4.250000
27.000000	4.250000
27.250000	4.250000
27.500000	4.250000
27.750000	4.250000
28.000000	4.250000
28.250000	4.250000
28.500000	4.250000
0.000000	4.500000
0.250000	4.500000
0.500000	4.500000
0.750000	4.500000
1.000000	4.500000
1.250000	4.500000
1.500000	4.500000
1.750000	4.500000
2.000000	4.500000
2.250000	4.500000
2.500000	4.500000
2.750000	4.500000
3.000000	4.500000
3.250000	4.500000
3.500000	4.500000
3.750000	4.500000
4.000000	4.500000
4.250000	4.500000
4.500000	4.500000
4.750000	4.500000
5.000000	4.500000
5.250000	4.500000
5.500000	4.500000
5.750000	4.500000
6.000000	4.500000
6.250000	4.500000
6.500000	4.500000
6.750000	4.500000
7.000000	4.500000
7.250000	4.500000
7.500000	4.500000
7.750000	4.500000
8.000000	4.500000
8.250000	4.500000
8.500000	4.500000
8.750000	4.500000
9.000000	4.500000
9.250000	4.500000
9.500000	4.500000
9.750000	4.500000
10.000000	4.500000
10.250000	4.500000
10.500000	4.500000
10.750000	4.500000
11.000000	4.500000
11.250000	4.500000
11.500000	4.500000
11.750000	4.500000
12.000000	4.500000
12.250000	4.500000
12.500000	4.500000
12.750000	4.500000
13.000000	4.500000
13.250000	4.500000
13.500000	4.500000
13.750000	4.500000
14.000000	4.500000
14.250000	4.500000
14.500000	4.500000
14.750000	4.500000
15.000000	4.500000
15.250000	4.500000
15.500000	4.500000
15.750000	4.500000
16.000000	4.500000
16.250000	4.500000
16.500000	4.500000
16.750000	4.500000
17.000000	4.500000
17.250000	4.500000
17.500000	4.500000
17.750000	4.500000
18.000000	4.500000
18.250000	4.500000
18.500000	4.500000
18.750000	4.500000
19.000000	4.500000
19.250000	4.500000
19.500000	4.500000
19.750000	4.500000
20.000000	4.500000
20.250000	4.500000
20.500000	4.500000
20.750000	4.500000
21.000000	4.500000
21.250000	4.500000
21.500000	4.500000
21.750000	4.500000
22.000000	4.500000
22.250000	4.500000
22.500000	4.500000
22.750000	4.500000
23.000000	4.500000
23.250000	4.500000
23.500000	4.500000
23.750000	4.500000
24.000000	4.500000
24.250000	4.500000
24.500000	4.500000
24.750000	4.500000
25.000000	4.500000
25.250000	4.500000
25.500000	4.500000
25.750000	4.500000
26.000000	4.500000
26.250000	4.500000
26.500000	4.500000
26.750000	4.500000
27.000000	4.500000
27.250000	4.500000
27.500000	4.500000
27.750000	4.500000
28.000000	4.500000
28.250000	4.500000
28.500000	4.500000
0.000000	4.750000
0.250000	4.750000
0.500000	4.750000
0.750000	4.750000
1.000000	4.750000
1.250000	4.750000
1.500000	4.750000
1.750000	4.750000
2.000000	4.750000
2.250000	4.750000
2.500000	4.750000
2.750000	4.750000
3.000000	4.750000
3.250000	4.750000
3.500000	4.750000
3.750000	4.750000
4.000000	4.750000
4.250000	4.750000
4.500000	4.750000
4.750000	4.750000
5.000000	4.750000
5.250000	4.750000
5.500000	4.750000
5.750000	4.750000
6.000000	4.750000
6.250000	4.750000
6.500000	4.750000
6.750000	4.750000
7.000000	4.750000
7.250000	4.750000
7.500000	4.750000
7.750000	4.750000
8.000000	4.750000
8.250000	4.750000
8.500000	4.750000
8.750000	4.750000
9.000000	4.750000
9.250000	4.750000
9.500000	4.750000
9.750000	4.750000
10.000000	4.750000
10.250000	4.750000
10.500000	4.750000
10.750000	4.750000
11.000000	4.750000
11.250000	4.750000
11.500000	4.750000
11.750000	4.750000
12.000000	4.750000
12.250000	4.750000
12.500000	4.750000
12.750000	4.750000
13.000000	4.750000
13.250000	4.750000
13.500000	4.750000
13.750000	4.750000
14.000000	4.750000
14.250000	4.750000
14.500000	4.750000
14.750000	4.750000
15.000000	4.750000
15.250000	4.750000
15.500000	4.750000
15.750000	4.750000
16.000000	4.750000
16.250000	4.750000
16.500000	4.750000
16.750000	4.750000
17.000000	4.750000
17.250000	4.750000
17.500000	4.750000
17.750000	4.750000
18.000000	4.750000
18.250000	4.750000
18.500000	4.750000
18.750000	4.750000
19.000000	4.750000
19.250000	4.750000
19.500000	4.750000
19.750000	4.750000
20.000000	4.750000
20.250000	4.750000
20.500000	4.750000
20.750000	4.750000
21.000000	4.750000
21.250000	4.750000
21.500000	4.750000
21.750000	4.750000
22.000000	4.750000
22.250000	4.750000
22.500000	4.750000
22.750000	4.750000
23.000000	4.750000
23.250000	4.750000
23.500000	4.750000
23.750000	4.750000
24.000000	4.750000
24.250000	4.750000
24.500000	4.750000
24.750000	4.750000
25.000000	4.750000
25.250000	4.750000
25.500000	4.750000
25.750000	4.750000
26.000000	4.750000
26.250000	4.750000
26.500000	4.750000
26.750000	4.750000
27.000000	4.750000
27.250000	4.750000
27.500000	4.750000
27.750000	4.750000
28.000000	4.750000
28.250000	4.750000
28.500000	4.750000
0.000000	5.000000
0.250000	5.000000
0.500000	5.000000
0.750000	5.000000
1.000000	5.000000
1.250000	5.000000
1.500000	5.000000
1.750000	5.000000
2.000000	5.000000
2.250000	5.000000
2.500000	5.000000
2.750000	5.000000
3.000000	5.000000
3.250000	5.000000
3.500000	5.000000
3.750000	5.000000
4.000000	5.000000
4.250000	5.000000
4.500000	5.000000
4.750000	5.000000
5.000000	5.000000
5.250000	5.000000
5.500000	5.000000
5.750000	5.000000
6.000000	5.000000
6.250000	5.000000
6.500000	5.000000
6.750000	5.000000
7.000000	5.000000
7.250000	5.000000
7.500000	5.000000
7.750000	5.000000
8.000000	5.000000
8.250000	5.000000
8.500000	5.000000
8.750000	5.000000
9.000000	5.000000
9.250000	5.000000
9.500000	5.000000
9.750000	5.000000
10.000000	5.000000
10.250000	5.000000
10.500000	5.000000
10.750000	5.000000
11.000000	5.000000
11.250000	5.000000
11.500000	5.000000
11.750000	5.000000
12.000000	5.000000
12.250000	5.000000
12.500000	5.000000
12.750000	5.000000
13.000000	5.000000
13.250000	5.000000
13.500000	5.000000
13.750000	5.000000
14.000000	5.000000
14.250000	5.000000
14.500000	5.000000
14.750000	5.000000
15.000000	5.000000
15.250000	5.000000
15.500000	5.000000
15.750000	5.000000
16.000000	5.000000
16.250000	5.000000
16.500000	5.000000
16.750000	5.000000
17.000000	5.000000
17.250000	5.000000
17.500000	5.000000
17.750000	5.000000
18.000000	5.000000
18.250000	5.000000
18.500000	5.000000
18.750000	5.000000
19.000000	5.000000
19.250000	5.000000
19.500000	5.000000
19.750000	5.000000
20.000000	5.000000
20.250000	5.000000
20.500000	5.000000
20.750000	5.000000
21.000000	5.000000
21.250000	5.000000
21.500000	5.000000
21.750000	5.000000
22.000000	5.000000
22.250000	5.000000
22.500000	5.000000
22.750000	5.000000
23.000000	5.000000
23.250000	5.000000
23.500000	5.000000
23.750000	5.000000
24.000000	5.000000
24.250000	5.000000
24.500000	5.000000
24.750000	5.000000
25.000000	5.000000
25.250000	5.000000
25.500000	5.000000
25.750000	5.000000
26.000000	5.000000
26.250000	5.000000
26.500000	5.000000
26.750000	5.000000
27.000000	5.000000
27.250000	5.000000
27.500000	5.000000
27.750000	5.000000
28.000000	5.000000
28.250000	5.000000
28.500000	5.000000
0.000000	5.250000
0.250000	5.250000
0.500000	5.250000
0.750000	5.250000
1.000000	5.250000
1.250000	5.250000
1.500000	5.250000
1.750000	5.250000
2.000000	5.250000
2.250000	5.250000
2.500000	5.250000
2.750000	5.250000
3.000000	5.250000
3.250000	5.250000
3.500000	5.250000
3.750000	5.250000
4.000000	5.250000
4.250000	5.250000
4.500000	5.250000
4.750000	5.250000
5.000000	5.250000
5.250000	5.250000
5.500000	5.250000
5.750000	5.250000
6.000000	5.250000
6.250000	5.250000
6.500000	5.250000
6.750000	5.250000
7.000000	5.250000
7.250000	5.250000
7.500000	5.250000
7.750000	5.250000
8.000000	5.250000
8.250000	5.250000
8.500000	5.250000
8.750000	5.250000
9.000000	5.250000
9.250000	5.250000
9.500000	5.250000
9.750000	5.250000
10.000000	5.250000
10.250000	5.250000
10.500000	5.250000
10.750000	5.250000
11.000000	5.250000
11.250000	5.250000
11.500000	5.250000
11.750000	5.250000
12.000000	5.250000
12.250000	5.250000
12.500000	5.250000
12.750000	5.250000
13.000000	5.250000
13.250000	5.250000
13.500000	5.250000
13.750000	5.250000
14.000000	5.250000
14.250000	5.250000
14.500000	5.250000
14.750000	5.250000
15.000000	5.250000
15.250000	5.250000
15.500000	5.250000
15.750000	5.250000
16.000000	5.250000
16.250000	5.250000
16.500000	5.250000
16.750000	5.250000
17.000000	5.250000
17.250000	5.250000
17.500000	5.250000
17.750000	5.250000
18.000000	5.250000
18.250000	5.250000
18.500000	5.250000
18.750000	5.250000
19.000000	5.250000
19.250000	5.250000
19.500000	5.250000
19.750000	5.250000
20.000000	5.250000
20.250000	5.250000
20.500000	5.250000
20.750000	5.250000
21.000000	5.250000
21.250000	5.250000
21.500000	5.250000
21.750000	5.250000
22.000000	5.250000
22.250000	5.250000
22.500000	5.250000
22.750000	5.250000
23.000000	5.250000
23.250000	5.250000
23.500000	5.250000
23.750000	5.250000
24.000000	5.250000
24.250000	5.250000
24.500000	5.250000
24.750000	5.250000
25.000000	5.250000
25.250000	5.250000
25.500000	5.250000
25.750000	5.250000
26.000000	5.250000
26.250000	5.250000
26.500000	5.250000
26.750000	5.250000
27.000000	5.250000
27.250000	5.250000
27.500000	5.250000
27.750000	5.250000
28.000000	5.250000
28.250000	5.250000
28.500000	5.250000
0.000000	5.500000
0.250000	5.500000
0.500000	5.500000
0.750000	5.500000
1.000000	5.500000
1.250000	5.500000
1.500000	5.500000
1.750000	5.500000
2.000000	5.500000
2.250000	5.500000
2.500000	5.500000
2.750000	5.500000
3.000000	5.500000
3.250000	5.500000
3.500000	5.500000
3.750000	5.500000
4.000000	5.500000
4.250000	5.500000
4.500000	5.500000
4.750000	5.500000
5.000000	5.500000
5.250000	5.500000
5.500000	5.500000
5.750000	5.500000
6.000000	5.500000
6.250000	5.500000
6.500000	5.500000
6.750000	5.500000
7.000000	5.500000
7.250000	5.500000
7.500000	5.500000
7.750000	5.500000
8.000000	5.500000
8.250000	5.500000
8.500000	5.500000
8.750000	5.500000
9.000000	5.500000
9.250000	5.500000
9.500000	5.500000
9.750000	5.500000
10.000000	5.500000
10.250000	5.500000
10.500000	5.500000
10.750000	5.500000
11.000000	5.500000
11.250000	5.500000
11.500000	5.500000
11.750000	5.500000
12.000000	5.500000
12.250000	5.500000
12.500000	5.500000
12.750000	5.500000
13.000000	5.500000
13.250000	5.500000
13.500000	5.500000
13.750000	5.500000
14.000000	5.500000
14.250000	5.500000
14.500000	5.500000
14.750000	5.500000
15.000000	5.500000
15.250000	5.500000
15.500000	5.500000
15.750000	5.500000
16.000000	5.500000
16.250000	5.500000
16.500000	5.500000
16.750000	5.500000
17.000000	5.500000
17.250000	5.500000
17.500000	5.500000
17.750000	5.500000
18.000000	5.500000
18.250000	5.500000
18.500000	5.500000
18.750000	5.500000
19.000000	5.500000
19.250000	5.500000
19.500000	5.500000
19.750000	5.500000
20.000000	5.500000
20.250000	5.500000
20.500000	5.500000
20.750000	5.500000
21.000000	5.500000
21.250000	5.500000
21.500000	5.500000
21.750000	5.500000
22.000000	5.500000
22.250000	5.500000
22.500000	5.500000
22.750000	5.500000
23.000000	5.500000
23.250000	5.500000
23.500000	5.500000
23.750000	5.500000
24.000000	5.500000
24.250000	5.500000
24.500000	5.500000
24.750000	5.500000
25.000000	5.500000
25.250000	5.500000
25.500000	5.500000
25.750000	5.500000
26.000000	5.500000
26.250000	5.500000
26.500000	5.500000
26.750000	5.500000
27.000000	5.500000
27.250000	5.500000
27.500000	5.500000
27.750000	5.500000
28.000000	5.500000
28.250000	5.500000
28.500000	5.500000
0.000000	5.750000
0.250000	5.750000
0.500000	5.750000
0.750000	5.750000
1.000000	5.750000
1.250000	5.750000
1.500000	5.750000
1.750000	5.750000
2.000000	5.750000
2.250000	5.750000
2.500000	5.750000
2.750000	5.750000
3.000000	5.750000
3.250000	5.750000
3.500000	5.750000
3.750000	5.750000
4.000000	5.750000
4.250000	5.750000
4.500000	5.750000
4.750000	5.750000
5.000000	5.750000
5.250000	5.750000
5.500000	5.750000
5.750000	5.750000
6.000000	5.750000
6.250000	5.750000
6.500000	5.750000
6.750000	5.750000
7.000000	5.750000
7.250000	5.750000
7.500000	5.750000
7.750000	5.750000
8.000000	5.750000
8.250000	5.750000
8.500000	5.750000
8.750000	5.750000
9.000000	5.750000
9.250000	5.750000
9.500000	5.750000
9.750000	5.750000
10.000000	5.750000
10.250000	5.750000
10.500000	5.750000
10.750000	5.750000
11.000000	5.750000
11.250000	5.750000
11.500000	5.750000
11.750000	5.750000
12.000000	5.750000
12.250000	5.750000
12.500000	5.750000
12.750000	5.750000
13.000000	5.750000
13.250000	5.750000
13.500000	5.750000
13.750000	5.750000
14.000000	5.750000
14.250000	5.750000
14.500000	5.750000
14.750000	5.750000
15.000000	5.750000
15.250000	5.750000
15.500000	5.750000
15.750000	5.750000
16.000000	5.750000
16.250000	5.750000
16.500000	5.750000
16.750000	5.750000
17.000000	5.750000
17.250000	5.750000
17.500000	5.750000
17.750000	5.750000
18.000000	5.750000
18.250000	5.750000
18.500000	5.750000
18.750000	5.750000
19.000000	5.750000
19.250000	5.750000
19.500000	5.750000
19.750000	5.750000
20.000000	5.750000
20.250000	5.750000
20.500000	5.750000
20.750000	5.750000
21.000000	5.750000
21.250000	5.750000
21.500000	5.750000
21.750000	5.750000
22.000000	5.750000
22.250000	5.750000
22.500000	5.750000
22.750000	5.750000
23.000000	5.750000
23.250000	5.750000
23.500000	5.750000
23.750000	5.750000
24.000000	5.750000
24.250000	5.750000
24.500000	5.750000
24.750000	5.750000
25.000000	5.750000
25.250000	5.750000
25.500000	5.750000
25.750000	5.750000
26.000000	5.750000
26.250000	5.750000
26.500000	5.750000
26.750000	5.750000
27.000000	5.750000
27.250000	5.750000
27.500000	5.750000
27.750000	5.750000
28.000000	5.750000
28.250000	5.750000
28.500000	5.750000
0.000000	6.000000
0.250000	6.000000
0.500000	6.000000
0.750000	6.000000
1.000000	6.000000
1.250000	6.000000
1.500000	6.000000
1.750000	6.000000
2.000000	6.000000
2.250000	6.000000
2.500000	6.000000
2.750000	6.000000
3.000000	6.000000
3.250000	6.000000
3.500000	6.000000
3.750000	6.000000
4.000000	6.000000
4.250000	6.000000
4.500000	6.000000
4.750000	6.000000
5.000000	6.000000
5.250000	6.000000
5.500000	6.000000
5.750000	6.000000
6.000000	6.000000
6.250000	6.000000
6.500000	6.000000
6.750000	6.000000
7.000000	6.000000
7.250000	6.000000
7.500000	6.000000
7.750000	6.000000
8.000000	6.000000
8.250000	6.000000
8.500000	6.000000
8.750000	6.000000
9.000000	6.000000
9.250000	6.000000
9.500000	6.000000
9.750000	6.000000
10.000000	6.000000
10.250000	6.000000
10.500000	6.000000
10.750000	6.000000
11.000000	6.000000
11.250000	6.000000
11.500000	6.000000
11.750000	6.000000
12.000000	6.000000
12.250000	6.000000
12.500000	6.000000
12.750000	6.000000
13.000000	6.000000
13.250000	6.000000
13.500000	6.000000
13.750000	6.000000
14.000000	6.000000
14.250000	6.000000
14.500000	6.000000
14.750000	6.000000
15.000000	6.000000
15.250000	6.000000
15.500000	6.000000
15.750000	6.000000
16.000000	6.000000
16.250000	6.000000
16.500000	6.000000
16.750000	6.000000
17.000000	6.000000
17.250000	6.000000
17.500000	6.000000
17.750000	6.000000
18.000000	6.000000
18.250000	6.000000
18.500000	6.000000
18.750000	6.000000
19.000000	6.000000
19.250000	6.000000
19.500000	6.000000
19.750000	6.000000
20.000000	6.000000
20.250000	6.000000
20.500000	6.000000
20.750000	6.000000
21.000000	6.000000
21.250000	6.000000
21.500000	6.000000
21.750000	6.000000
22.000000	6.000000
22.250000	6.000000
22.500000	6.000000
22.750000	6.000000
23.000000	6.000000
23.250000	6.000000
23.500000	6.000000
23.750000	6.000000
24.000000	6.000000
24.250000	6.000000
24.500000	6.000000
24.750000	6.000000
25.000000	6.000000
25.250000	6.000000
25.500000	6.000000
25.750000	6.000000
26.000000	6.000000
26.250000	6.000000
26.500000	6.000000
26.750000	6.000000
27.000000	6.000000
27.250000	6.000000
27.500000	6.000000
27.750000	6.000000
28.000000	6.000000
28.250000	6.000000
28.500000	6.000000
0.000000	6.250000
0.250000	6.250000
0.500000	6.250000
0.750000	6.250000
1.000000	6.250000
1.250000	6.250000
1.500000	6.250000
1.750000	6.250000
2.000000	6.250000
2.250000	6.250000
2.500000	6.250000
2.750000	6.250000
3.000000	6.250000
3.250000	6.250000
3.500000	6.250000
3.750000	6.250000
4.000000	6.250000
4.250000	6.250000
4.500000	6.250000
4.750000	6.250000
5.000000	6.250000
5.250000	6.250000
5.500000	6.250000
5.750000	6.250000
6.000000	6.250000
6.250000	6.250000
6.500000	6.250000
6.750000	6.250000
7.000000	6.250000
7.250000	6.250000
7.500000	6.250000
7.750000	6.250000
8.000000	6.250000
8.250000	6.250000
8.500000	6.250000
8.750000	6.250000
9.000000	6.250000
9.250000	6.250000
9.500000	6.250000
9.750000	6.250000
10.000000	6.250000
10.250000	6.250000
10.500000	6.250000
10.750000	6.250000
11.000000	6.250000
11.250000	6.250000
11.500000	6.250000
11.750000	6.250000
12.000000	6.250000
12.250000	6.250000
12.500000	6.250000
12.750000	6.250000
13.000000	6.250000
13.250000	6.250000
13.500000	6.250000
13.750000	6.250000
14.000000	6.250000
14.250000	6.250000
14.500000	6.250000
14.750000	6.250000
15.000000	6.250000
15.250000	6.250000
15.500000	6.250000
15.750000	6.250000
16.000000	6.250000
16.250000	6.250000
16.500000	6.250000
16.750000	6.250000
17.000000	6.250000
17.250000	6.250000
17.500000	6.250000
17.750000	6.250000
18.000000	6.250000
18.250000	6.250000
18.500000	6.250000
18.750000	6.250000
19.000000	6.250000
19.250000	6.250000
19.500000	6.250000
19.750000	6.250000
20.000000	6.250000
20.250000	6.250000
20.500000	6.250000
20.750000	6.250000
21.000000	6.250000
21.250000	6.250000
21.500000	6.250000
21.750000	6.250000
22.000000	6.250000
22.250000	6.250000
22.500000	6.250000
22.750000	6.250000
23.000000	6.250000
23.250000	6.250000
23.500000	6.250000
23.750000	6.250000
24.000000	6.250000
24.250000	6.250000
24.500000	6.250000
24.750000	6.250000
25.000000	6.250000
25.250000	6.250000
25.500000	6.250000
25.750000	6.250000
26.000000	6.250000
26.250000	6.250000
26.500000	6.250000
26.750000	6.250000
27.000000	6.250000
27.250000	6.250000
27.500000	6.250000
27.750000	6.250000
28.000000	6.250000
28.250000	6.250000
28.500000	6.250000
0.000000	6.500000
0.250000	6.500000
0.500000	6.500000
0.750000	6.500000
1.000000	6.500000
1.250000	6.500000
1.500000	6.500000
1.750000	6.500000
2.000000	6.500000
2.250000	6.500000
2.500000	6.500000
2.750000	6.500000
3.000000	6.500000
3.250000	6.500000
3.500000	6.500000
3.750000	6.500000
4.000000	6.500000
4.250000	6.500000
4.500000	6.500000
4.750000	6.500000
5.000000	6.500000
5.250000	6.500000
5.500000	6.500000
5.750000	6.500000
6.000000	6.500000
6.250000	6.500000
6.500000	6.500000
6.750000	6.500000
7.000000	6.500000
7.250000	6.500000
7.500000	6.500000
7.750000	6.500000
8.000000	6.500000
8.250000	6.500000
8.500000	6.500000
8.750000	6.500000
9.000000	6.500000
9.250000	6.500000
9.500000	6.500000
9.750000	6.500000
10.000000	6.500000
10.250000	6.500000
10.500000	6.500000
10.750000	6.500000
11.000000	6.500000
11.250000	6.500000
11.500000	6.500000
11.750000	6.500000
12.000000	6.500000
12.250000	6.500000
12.500000	6.500000
12.750000	6.500000
13.000000	6.500000
13.250000	6.500000
13.500000	6.500000
13.750000	6.500000
14.000000	6.500000
14.250000	6.500000
14.500000	6.500000
14.750000	6.500000
15.000000	6.500000
15.250000	6.500000
15.500000	6.500000
15.750000	6.500000
16.000000	6.500000
16.250000	6.500000
16.500000	6.500000
16.750000	6.500000
17.000000	6.500000
17.250000	6.500000
17.500000	6.500000
17.750000	6.500000
18.000000	6.500000
18.250000	6.500000
18.500000	6.500000
18.750000	6.500000
19.000000	6.500000
19.250000	6.500000
19.500000	6.500000
19.750000	6.500000
20.000000	6.500000
20.250000	6.500000
20.500000	6.500000
20.750000	6.500000
21.000000	6.500000
21.250000	6.500000
21.500000	6.500000
21.750000	6.500000
22.000000	6.500000
22.250000	6.500000
22.500000	6.500000
22.750000	6.500000
23.000000	6.500000
23.250000	6.500000
23.500000	6.500000
23.750000	6.500000
24.000000	6.500000
24.250000	6.500000
24.500000	6.500000
24.750000	6.500000
25.000000	6.500000
25.250000	6.500000
25.500000	6.500000
25.750000	6.500000
26.000000	6.500000
26.250000	6.500000
26.500000	6.500000
26.750000	6.500000
27.000000	6.500000
27.250000	6.500000
27.500000	6.500000
27.750000	6.500000
28.000000	6.500000
28.250000	6.500000
28.500000	6.500000
0.000000	6.750000
0.250000	6.750000
0.500000	6.750000
0.750000	6.750000
1.000000	6.750000
1.250000	6.750000
1.500000	6.750000
1.750000	6.750000
2.000000	6.750000
2.250000	6.750000
2.500000	6.750000
2.750000	6.750000
3.000000	6.750000
3.250000	6.750000
3.500000	6.750000
3.750000	6.750000
4.000000	6.750000
4.250000	6.750000
4.500000	6.750000
4.750000	6.750000
5.000000	6.750000
5.250000	6.750000
5.500000	6.750000
5.750000	6.750000
6.000000	6.750000
6.250000	6.750000
6.500000	6.750000
6.750000	6.750000
7.000000	6.750000
7.250000	6.750000
7.500000	6.750000
7.750000	6.750000
8.000000	6.750000
8.250000	6.750000
8.500000	6.750000
8.750000	6.750000
9.000000	6.750000
9.250000	6.750000
9.500000	6.750000
9.750000	6.750000
10.000000	6.750000
10.250000	6.750000
10.500000	6.750000
10.750000	6.750000
11.000000	6.750000
11.250000	6.750000
11.500000	6.750000
11.750000	6.750000
12.000000	6.750000
12.250000	6.750000
12.500000	6.750000
12.750000	6.750000
13.000000	6.750000
13.250000	6.750000
13.500000	6.750000
13.750000	6.750000
14.000000	6.750000
14.250000	6.750000
14.500000	6.750000
14.750000	6.750000
15.000000	6.750000
15.250000	6.750000
15.500000	6.750000
15.750000	6.750000
16.000000	6.750000
16.250000	6.750000
16.500000	6.750000
16.750000	6.750000
17.000000	6.750000
17.250000	6.750000
17.500000	6.750000
17.750000	6.750000
18.000000	6.750000
18.250000	6.750000
18.500000	6.750000
18.750000	6.750000
19.000000	6.750000
19.250000	6.750000
19.500000	6.750000
19.750000	6.750000
20.000000	6.750000
20.250000	6.750000
20.500000	6.750000
20.750000	6.750000
21.000000	6.750000
21.250000	6.750000
21.500000	6.750000
21.750000	6.750000
22.000000	6.750000
22.250000	6.750000
22.500000	6.750000
22.750000	6.750000
23.000000	6.750000
23.250000	6.750000
23.500000	6.750000
23.750000	6.750000
24.000000	6.750000
24.250000	6.750000
24.500000	6.750000
24.750000	6.750000
25.000000	6.750000
25.250000	6.750000
25.500000	6.750000
25.750000	6.750000
26.000000	6.750000
26.250000	6.750000
26.500000	6.750000
26.750000	6.750000
27.000000	6.750000
27.250000	6.750000
27.500000	6.750000
27.750000	6.750000
28.000000	6.750000
28.250000	6.750000
28.500000	6.750000
0.000000	7.000000
0.250000	7.000000
0.500000	7.000000
0.750000	7.000000
1.000000	7.000000
1.250000	7.000000
1.500000	7.000000
1.750000	7.000000
2.000000	7.000000
2.250000	7.000000
2.500000	7.000000
2.750000	7.000000
3.000000	7.000000
3.250000	7.000000
3.500000	7.000000
3.750000	7.000000
4.000000	7.000000
4.250000	7.000000
4.500000	7.000000
4.750000	7.000000
5.000000	7.000000
5.250000	7.000000
5.500000	7.000000
5.750000	7.000000
6.000000	7.000000
6.250000	7.000000
6.500000	7.000000
6.750000	7.000000
7.000000	7.000000
7.250000	7.000000
7.500000	7.000000
7.750000	7.000000
8.000000	7.000000
8.250000	7.000000
8.500000	7.000000
8.750000	7.000000
9.000000	7.000000
9.250000	7.000000
9.500000	7.000000
9.750000	7.000000
10.000000	7.000000
10.250000	7.000000
10.500000	7.000000
10.750000	7.000000
11.000000	7.000000
11.250000	7.000000
11.500000	7.000000
11.750000	7.000000
12.000000	7.000000
12.250000	7.000000
12.500000	7.000000
12.750000	7.000000
13.000000	7.000000
13.250000	7.000000
13.500000	7.000000
13.750000	7.000000
14.000000	7.000000
14.250000	7.000000
14.500000	7.000000
14.750000	7.000000
15.000000	7.000000
15.250000	7.000000
15.500000	7.000000
15.750000	7.000000
16.000000	7.000000
16.250000	7.000000
16.500000	7.000000
16.750000	7.000000
17.000000	7.000000
17.250000	7.000000
17.500000	7.000000
17.750000	7.000000
18.000000	7.000000
18.250000	7.000000
18.500000	7.000000
18.750000	7.000000
19.000000	7.000000
19.250000	7.000000
19.500000	7.000000
19.750000	7.000000
20.000000	7.000000
20.250000	7.000000
20.500000	7.000000
20.750000	7.000000
21.000000	7.000000
21.250000	7.000000
21.500000	7.000000
21.750000	7.000000
22.000000	7.000000
22.250000	7.000000
22.500000	7.000000
22.750000	7.000000
23.000000	7.000000
23.250000	7.000000
23.500000	7.000000
23.750000	7.000000
24.000000	7.000000
24.250000	7.000000
24.500000	7.000000
24.750000	7.000000
25.000000	7.000000
25.250000	7.000000
25.500000	7.000000
25.750000	7.000000
26.000000	7.000000
26.250000	7.000000
26.500000	7.000000
26.750000	7.000000
27.000000	7.000000
27.250000	7.000000
27.500000	7.000000
27.750000	7.000000
28.000000	7.000000
28.250000	7.000000
28.500000	7.000000
0.000000	7.250000
0.250000	7.250000
0.500000	7.250000
0.750000	7.250000
1.000000	7.250000
1.250000	7.250000
1.500000	7.250000
1.750000	7.250000
2.000000	7.250000
2.250000	7.250000
2.500000	7.250000
2.750000	7.250000
3.000000	7.250000
3.250000	7.250000
3.500000	7.250000
3.750000	7.250000
4.000000	7.250000
4.250000	7.250000
4.500000	7.250000
4.750000	7.250000
5.000000	7.250000
5.250000	7.250000
5.500000	7.250000
5.750000	7.250000
6.000000	7.250000
6.250000	7.250000
6.500000	7.250000
6.750000	7.250000
7.000000	7.250000
7.250000	7.250000
7.500000	7.250000
7.750000	7.250000
8.000000	7.250000
8.250000	7.250000
8.500000	7.250000
8.750000	7.250000
9.000000	7.250000
9.250000	7.250000
9.500000	7.250000
9.750000	7.250000
10.000000	7.250000
10.250000	7.250000
10.500000	7.250000
10.750000	7.250000
11.000000	7.250000
11.250000	7.250000
11.500000	7.250000
11.750000	7.250000
12.000000	7.250000
12.250000	7.250000
12.500000	7.250000
12.750000	7.250000
13.000000	7.250000
13.250000	7.250000
13.500000	7.250000
13.750000	7.250000
14.000000	7.250000
14.250000	7.250000
14.500000	7.250000
14.750000	7.250000
15.000000	7.250000
15.250000	7.250000
15.500000	7.250000
15.750000	7.250000
16.000000	7.250000
16.250000	7.250000
16.500000	7.250000
16.750000	7.250000
17.000000	7.250000
17.250000	7.250000
17.500000	7.250000
17.750000	7.250000
18.000000	7.250000
18.250000	7.250000
18.500000	7.250000
18.750000	7.250000
19.000000	7.250000
19.250000	7.250000
19.500000	7.250000
19.750000	7.250000
20.000000	7.250000
20.250000	7.250000
20.500000	7.250000
20.750000	7.250000
21.000000	7.250000
21.250000	7.250000
21.500000	7.250000
21.750000	7.250000
22.000000	7.250000
22.250000	7.250000
22.500000	7.250000
22.750000	7.250000
23.000000	7.250000
23.250000	7.250000
23.500000	7.250000
23.750000	7.250000
24.000000	7.250000
24.250000	7.250000
24.500000	7.250000
24.750000	7.250000
25.000000	7.250000
25.250000	7.250000
25.500000	7.250000
25.750000	7.250000
26.000000	7.250000
26.250000	7.250000
26.500000	7.250000
26.750000	7.250000
27.000000	7.250000
27.250000	7.250000
27.500000	7.250000
27.750000	7.250000
28.000000	7.250000
28.250000	7.250000
28.500000	7.250000
0.000000	7.500000
0.250000	7.500000
0.500000	7.500000
0.750000	7.500000
1.000000	7.500000
1.250000	7.500000
1.500000	7.500000
1.750000	7.500000
2.000000	7.500000
2.250000	7.500000
2.500000	7.500000
2.750000	7.500000
3.000000	7.500000
3.250000	7.500000
3.500000	7.500000
3.750000	7.500000
4.000000	7.500000
4.250000	7.500000
4.500000	7.500000
4.750000	7.500000
5.000000	7.500000
5.250000	7.500000
5.500000	7.500000
5.750000	7.500000
6.000000	7.500000
6.250000	7.500000
6.500000	7.500000
6.750000	7.500000
7.000000	7.500000
7.250000	7.500000
7.500000	7.500000
7.750000	7.500000
8.000000	7.500000
8.250000	7.500000
8.500000	7.500000
8.750000	7.500000
9.000000	7.500000
9.250000	7.500000
9.500000	7.500000
9.750000	7.500000
10.000000	7.500000
10.250000	7.500000
10.500000	7.500000
10.750000	7.500000
11.000000	7.500000
11.250000	7.500000
11.500000	7.500000
11.750000	7.500000
12.000000	7.500000
12.250000	7.500000
12.500000	7.500000
12.750000	7.500000
13.000000	7.500000
13.250000	7.500000
13.500000	7.500000
13.750000	7.500000
14.000000	7.500000
14.250000	7.500000
14.500000	7.500000
14.750000	7.500000
15.000000	7.500000
15.250000	7.500000
15.500000	7.500000
15.750000	7.500000
16.000000	7.500000
16.250000	7.500000
16.500000	7.500000
16.750000	7.500000
17.000000	7.500000
17.250000	7.500000
17.500000	7.500000
17.750000	7.500000
18.000000	7.500000
18.250000	7.500000
18.500000	7.500000
18.750000	7.500000
19.000000	7.500000
19.250000	7.500000
19.500000	7.500000
19.750000	7.500000
20.000000	7.500000
20.250000	7.500000
20.500000	7.500000
20.750000	7.500000
21.000000	7.500000
21.250000	7.500000
21.500000	7.500000
21.750000	7.500000
22.000000	7.500000
22.250000	7.500000
22.500000	7.500000
22.750000	7.500000
23.000000	7.500000
23.250000	7.500000
23.500000	7.500000
23.750000	7.500000
24.000000	7.500000
24.250000	7.500000
24.500000	7.500000
24.750000	7.500000
25.000000	7.500000
25.250000	7.500000
25.500000	7.500000
25.750000	7.500000
26.000000	7.500000
26.250000	7.500000
26.500000	7.500000
26.750000	7.500000
27.000000	7.500000
27.250000	7.500000
27.500000	7.500000
27.750000	7.500000
28.000000	7.500000
28.250000	7.500000
28.500000	7.500000
0.000000	7.750000
0.250000	7.750000
0.500000	7.750000
0.750000	7.750000
1.000000	7.750000
1.250000	7.750000
1.500000	7.750000
1.750000	7.750000
2.000000	7.750000
2.250000	7.750000
2.500000	7.750000
2.750000	7.750000
3.000000	7.750000
3.250000	7.750000
3.500000	7.750000
3.750000	7.750000
4.000000	7.750000
4.250000	7.750000
4.500000	7.750000
4.750000	7.750000
5.000000	7.750000
5.250000	7.750000
5.500000	7.750000
5.750000	7.750000
6.000000	7.750000
6.250000	7.750000
6.500000	7.750000
6.750000	7.750000
7.000000	7.750000
7.250000	7.750000
7.500000	7.750000
7.750000	7.750000
8.000000	7.750000
8.250000	7.750000
8.500000	7.750000
8.750000	7.750000
9.000000	7.750000
9.250000	7.750000
9.500000	7.750000
9.750000	7.750000
10.000000	7.750000
10.250000	7.750000
10.500000	7.750000
10.750000	7.750000
11.000000	7.750000
11.250000	7.750000
11.500000	7.750000
11.750000	7.750000
12.000000	7.750000
12.250000	7.750000
12.500000	7.750000
12.750000	7.750000
13.000000	7.750000
13.250000	7.750000
13.500000	7.750000
13.750000	7.750000
14.000000	7.750000
14.250000	7.750000
14.500000	7.750000
14.750000	7.750000
15.000000	7.750000
15.250000	7.750000
15.500000	7.750000
15.750000	7.750000
16.000000	7.750000
16.250000	7.750000
16.500000	7.750000
16.750000	7.750000
17.000000	7.750000
17.250000	7.750000
17.500000	7.750000
17.750000	7.750000
18.000000	7.750000
18.250000	7.750000
18.500000	7.750000
18.750000	7.750000
19.000000	7.750000
19.250000	7.750000
19.500000	7.750000
19.750000	7.750000
20.000000	7.750000
20.250000	7.750000
20.500000	7.750000
20.750000	7.750000
21.000000	7.750000
21.250000	7.750000
21.500000	7.750000
21.750000	7.750000
22.000000	7.750000
22.250000	7.750000
22.500000	7.750000
22.750000	7.750000
23.000000	7.750000
23.250000	7.750000
23.500000	7.750000
23.750000	7.750000
24.000000	7.750000
24.250000	7.750000
24.500000	7.750000
24.750000	7.750000
25.000000	7.750000
25.250000	7.750000
25.500000	7.750000
25.750000	7.750000
26.000000	7.750000
26.250000	7.750000
26.500000	7.750000
26.750000	7.750000
27.000000	7.750000
27.250000	7.750000
27.500000	7.750000
27.750000	7.750000
28.000000	7.750000
28.250000	7.750000
28.500000	7.750000
0.000000	8.000000
0.250000	8.000000
0.500000	8.000000
0.750000	8.000000
1.000000	8.000000
1.250000	8.000000
1.500000	8.000000
1.750000	8.000000
2.000000	8.000000
2.250000	8.000000
2.500000	8.000000
2.750000	8.000000
3.000000	8.000000
3.250000	8.000000
3.500000	8.000000
3.750000	8.000000
4.000000	8.000000
4.250000	8.000000
4.500000	8.000000
4.750000	8.000000
5.000000	8.000000
5.250000	8.000000
5.500000	8.000000
5.750000	8.000000
6.000000	8.000000
6.250000	8.000000
6.500000	8.000000
6.750000	8.000000
7.000000	8.000000
7.250000	8.000000
7.500000	8.000000
7.750000	8.000000
8.000000	8.000000
8.250000	8.000000
8.500000	8.000000
8.750000	8.000000
9.000000	8.000000
9.250000	8.000000
9.500000	8.000000
9.750000	8.000000
10.000000	8.000000
10.250000	8.000000
10.500000	8.000000
10.750000	8.000000
11.000000	8.000000
11.250000	8.000000
11.500000	8.000000
11.750000	8.000000
12.000000	8.000000
12.250000	8.000000
12.500000	8.000000
12.750000	8.000000
13.000000	8.000000
13.250000	8.000000
13.500000	8.000000
13.750000	8.000000
14.000000	8.000000
14.250000	8.000000
14.500000	8.000000
14.750000	8.000000
15.000000	8.000000
15.250000	8.000000
15.500000	8.000000
15.750000	8.000000
16.000000	8.000000
16.250000	8.000000
16.500000	8.000000
16.750000	8.000000
17.000000	8.000000
17.250000	8.000000
17.500000	8.000000
17.750000	8.000000
18.000000	8.000000
18.250000	8.000000
18.500000	8.000000
18.750000	8.000000
19.000000	8.000000
19.250000	8.000000
19.500000	8.000000
19.750000	8.000000
20.000000	8.000000
20.250000	8.000000
20.500000	8.000000
20.750000	8.000000
21.000000	8.000000
21.250000	8.000000
21.500000	8.000000
21.750000	8.000000
22.000000	8.000000
22.250000	8.000000
22.500000	8.000000
22.750000	8.000000
23.000000	8.000000
23.250000	8.000000
23.500000	8.000000
23.750000	8.000000
24.000000	8.000000
24.250000	8.000000
24.500000	8.000000
24.750000	8.000000
25.000000	8.000000
25.250000	8.000000
25.500000	8.000000
25.750000	8.000000
26.000000	8.000000
26.250000	8.000000
26.500000	8.000000
26.750000	8.000000
27.000000	8.000000
27.250000	8.000000
27.500000	8.000000
27.750000	8.000000
28.000000	8.000000
28.250000	8.000000
28.500000	8.000000
0.000000	8.250000
0.250000	8.250000
0.500000	8.250000
0.750000	8.250000
1.000000	8.250000
1.250000	8.250000
1.500000	8.250000
1.750000	8.250000
2.000000	8.250000
2.250000	8.250000
2.500000	8.250000
2.750000	8.250000
3.000000	8.250000
3.250000	8.250000
3.500000	8.250000
3.750000	8.250000
4.000000	8.250000
4.250000	8.250000
4.500000	8.250000
4.750000	8.250000
5.000000	8.250000
5.250000	8.250000
5.500000	8.250000
5.750000	8.250000
6.000000	8.250000
6.250000	8.250000
6.500000	8.250000
6.750000	8.250000
7.000000	8.250000
7.250000	8.250000
7.500000	8.250000
7.750000	8.250000
8.000000	8.250000
8.250000	8.250000
8.500000	8.250000
8.750000	8.250000
9.000000	8.250000
9.250000	8.250000
9.500000	8.250000
9.750000	8.250000
10.000000	8.250000
10.250000	8.250000
10.500000	8.250000
10.750000	8.250000
11.000000	8.250000
11.250000	8.250000
11.500000	8.250000
11.750000	8.250000
12.000000	8.250000
12.250000	8.250000
12.500000	8.250000
12.750000	8.250000
13.000000	8.250000
13.250000	8.250000
13.500000	8.250000
13.750000	8.250000
14.000000	8.250000
14.250000	8.250000
14.500000	8.250000
14.750000	8.250000
15.000000	8.250000
15.250000	8.250000
15.500000	8.250000
15.750000	8.250000
16.000000	8.250000
16.250000	8.250000
16.500000	8.250000
16.750000	8.250000
17.000000	8.250000
17.250000	8.250000
17.500000	8.250000
17.750000	8.250000
18.000000	8.250000
18.250000	8.250000
18.500000	8.250000
18.750000	8.250000
19.000000	8.250000
19.250000	8.250000
19.500000	8.250000
19.750000	8.250000
20.000000	8.250000
20.250000	8.250000
20.500000	8.250000
20.750000	8.250000
21.000000	8.250000
21.250000	8.250000
21.500000	8.250000
21.750000	8.250000
22.000000	8.250000
22.250000	8.250000
22.500000	8.250000
22.750000	8.250000
23.000000	8.250000
23.250000	8.250000
23.500000	8.250000
23.750000	8.250000
24.000000	8.250000
24.250000	8.250000
24.500000	8.250000
24.750000	8.250000
25.000000	8.250000
25.250000	8.250000
25.500000	8.250000
25.750000	8.250000
26.000000	8.250000
26.250000	8.250000
26.500000	8.250000
26.750000	8.250000
27.000000	8.250000
27.250000	8.250000
27.500000	8.250000
27.750000	8.250000
28.000000	8.250000
28.250000	8.250000
28.500000	8.250000
0.000000	8.500000
0.250000	8.500000
0.500000	8.500000
0.750000	8.500000
1.000000	8.500000
1.250000	8.500000
1.500000	8.500000
1.750000	8.500000
2.000000	8.500000
2.250000	8.500000
2.500000	8.500000
2.750000	8.500000
3.000000	8.500000
3.250000	8.500000
3.500000	8.500000
3.750000	8.500000
4.000000	8.500000
4.250000	8.500000
4.500000	8.500000
4.750000	8.500000
5.000000	8.500000
5.250000	8.500000
5.500000	8.500000
5.750000	8.500000
6.000000	8.500000
6.250000	8.500000
6.500000	8.500000
6.750000	8.500000
7.000000	8.500000
7.250000	8.500000
7.500000	8.500000
7.750000	8.500000
8.000000	8.500000
8.250000	8.500000
8.500000	8.500000
8.750000	8.500000
9.000000	8.500000
9.250000	8.500000
9.500000	8.500000
9.750000	8.500000
10.000000	8.500000
10.250000	8.500000
10.500000	8.500000
10.750000	8.500000
11.000000	8.500000
11.250000	8.500000
11.500000	8.500000
11.750000	8.500000
12.000000	8.500000
12.250000	8.500000
12.500000	8.500000
12.750000	8.500000
13.000000	8.500000
13.250000	8.500000
13.500000	8.500000
13.750000	8.500000
14.000000	8.500000
14.250000	8.500000
14.500000	8.500000
14.750000	8.500000
15.000000	8.500000
15.250000	8.500000
15.500000	8.500000
15.750000	8.500000
16.000000	8.500000
16.250000	8.500000
16.500000	8.500000
16.750000	8.500000
17.000000	8.500000
17.250000	8.500000
17.500000	8.500000
17.750000	8.500000
18.000000	8.500000
18.250000	8.500000
18.500000	8.500000
18.750000	8.500000
19.000000	8.500000
19.250000	8.500000
19.500000	8.500000
19.750000	8.500000
20.000000	8.500000
20.250000	8.500000
20.500000	8.500000
20.750000	8.500000
21.000000	8.500000
21.250000	8.500000
21.500000	8.500000
21.750000	8.500000
22.000000	8.500000
22.250000	8.500000
22.500000	8.500000
22.750000	8.500000
23.000000	8.500000
23.250000	8.500000
23.500000	8.500000
23.750000	8.500000
24.000000	8.500000
24.250000	8.500000
24.500000	8.500000
24.750000	8.500000
25.000000	8.500000
25.250000	8.500000
25.500000	8.500000
25.750000	8.500000
26.000000	8.500000
26.250000	8.500000
26.500000	8.500000
26.750000	8.500000
27.000000	8.500000
27.250000	8.500000
27.500000	8.500000
27.750000	8.500000
28.000000	8.500000
28.250000	8.500000
28.500000	8.500000
0.000000	8.750000
0.250000	8.750000
0.500000	8.750000
0.750000	8.750000
1.000000	8.750000
1.250000	8.750000
1.500000	8.750000
1.750000	8.750000
2.000000	8.750000
2.250000	8.750000
2.500000	8.750000
2.750000	8.750000
3.000000	8.750000
3.250000	8.750000
3.500000	8.750000
3.750000	8.750000
4.000000	8.750000
4.250000	8.750000
4.500000	8.750000
4.750000	8.750000
5.000000	8.750000
5.250000	8.750000
5.500000	8.750000
5.750000	8.750000
6.000000	8.750000
6.250000	8.750000
6.500000	8.750000
6.750000	8.750000
7.000000	8.750000
7.250000	8.750000
7.500000	8.750000
7.750000	8.750000
8.000000	8.750000
8.250000	8.750000
8.500000	8.750000
8.750000	8.750000
9.000000	8.750000
9.250000	8.750000
9.500000	8.750000
9.750000	8.750000
10.000000	8.750000
10.250000	8.750000
10.500000	8.750000
10.750000	8.750000
11.000000	8.750000
11.250000	8.750000
11.500000	8.750000
11.750000	8.750000
12.000000	8.750000
12.250000	8.750000
12.500000	8.750000
12.750000	8.750000
13.000000	8.750000
13.250000	8.750000
13.500000	8.750000
13.750000	8.750000
14.000000	8.750000
14.250000	8.750000
14.500000	8.750000
14.750000	8.750000
15.000000	8.750000
15.250000	8.750000
15.500000	8.750000
15.750000	8.750000
16.000000	8.750000
16.250000	8.750000
16.500000	8.750000
16.750000	8.750000
17.000000	8.750000
17.250000	8.750000
17.500000	8.750000
17.750000	8.750000
18.000000	8.750000
18.250000	8.750000
18.500000	8.750000
18.750000	8.750000
19.000000	8.750000
19.250000	8.750000
19.500000	8.750000
19.750000	8.750000
20.000000	8.750000
20.250000	8.750000
20.500000	8.750000
20.750000	8.750000
21.000000	8.750000
21.250000	8.750000
21.500000	8.750000
21.750000	8.750000
22.000000	8.750000
22.250000	8.750000
22.500000	8.750000
22.750000	8.750000
23.000000	8.750000
23.250000	8.750000
23.500000	8.750000
23.750000	8.750000
24.000000	8.750000
24.250000	8.750000
24.500000	8.750000
24.750000	8.750000
25.000000	8.750000
25.250000	8.750000
25.500000	8.750000
25.750000	8.750000
26.000000	8.750000
26.250000	8.750000
26.500000	8.750000
26.750000	8.750000
27.000000	8.750000
27.250000	8.750000
27.500000	8.750000
27.750000	8.750000
28.000000	8.750000
28.250000	8.750000
28.500000	8.750000
0.000000	9.000000
0.250000	9.000000
0.500000	9.000000
0.750000	9.000000
1.000000	9.000000
1.250000	9.000000
1.500000	9.000000
1.750000	9.000000
2.000000	9.000000
2.250000	9.000000
2.500000	9.000000
2.750000	9.000000
3.000000	9.000000
3.250000	9.000000
3.500000	9.000000
3.750000	9.000000
4.000000	9.000000
4.250000	9.000000
4.500000	9.000000
4.750000	9.000000
5.000000	9.000000
5.250000	9.000000
5.500000	9.000000
5.750000	9.000000
6.000000	9.000000
6.250000	9.000000
6.500000	9.000000
6.750000	9.000000
7.000000	9.000000
7.250000	9.000000
7.500000	9.000000
7.750000	9.000000
8.000000	9.000000
8.250000	9.000000
8.500000	9.000000
8.750000	9.000000
9.000000	9.000000
9.250000	9.000000
9.500000	9.000000
9.750000	9.000000
10.000000	9.000000
10.250000	9.000000
10.500000	9.000000
10.750000	9.000000
11.000000	9.000000
11.250000	9.000000
11.500000	9.000000
11.750000	9.000000
12.000000	9.000000
12.250000	9.000000
12.500000	9.000000
12.750000	9.000000
13.000000	9.000000
13.250000	9.000000
13.500000	9.000000
13.750000	9.000000
14.000000	9.000000
14.250000	9.000000
14.500000	9.000000
14.750000	9.000000
15.000000	9.000000
15.250000	9.000000
15.500000	9.000000
15.750000	9.000000
16.000000	9.000000
16.250000	9.000000
16.500000	9.000000
16.750000	9.000000
17.000000	9.000000
17.250000	9.000000
17.500000	9.000000
17.750000	9.000000
18.000000	9.000000
18.250000	9.000000
18.500000	9.000000
18.750000	9.000000
19.000000	9.000000
19.250000	9.000000
19.500000	9.000000
19.750000	9.000000
20.000000	9.000000
20.250000	9.000000
20.500000	9.000000
20.750000	9.000000
21.000000	9.000000
21.250000	9.000000
21.500000	9.000000
21.750000	9.000000
22.000000	9.000000
22.250000	9.000000
22.500000	9.000000
22.750000	9.000000
23.000000	9.000000
23.250000	9.000000
23.500000	9.000000
23.750000	9.000000
24.000000	9.000000
24.250000	9.000000
24.500000	9.000000
24.750000	9.000000
25.000000	9.000000
25.250000	9.000000
25.500000	9.000000
25.750000	9.000000
26.000000	9.000000
26.250000	9.000000
26.500000	9.000000
26.750000	9.000000
27.000000	9.000000
27.250000	9.000000
27.500000	9.000000
27.750000	9.000000
28.000000	9.000000
28.250000	9.000000
28.500000	9.000000
0	1	116	115
1	2	117	116
2	3	118	117
3	4	119	118
4	5	120	119
5	6	121	120
6	7	122	121
7	8	123	122
8	9	124	123
9	10	125	124
10	11	126	125
11	12	127	126
12	13	128	127
13	14	129	128
14	15	130	129
15	16	131	130
16	17	132	131
17	18	133	132
18	19	134	133
19	20	135	134
20	21	136	135
21	22	137	136
22	23	138	137
23	24	139	138
24	25	140	139
25	26	141	140
26	27	142	141
27	28	143	142
28	29	144	143
29	30	145	144
30	31	146	145
31	32	147	146
32	33	148	147
33	34	149	148
34	35	150	149
35	36	151	150
36	37	152	151
37	38	153	152
38	39	154	153
39	40	155	154
40	41	156	155
41	42	157	156
42	43	158	157
43	44	159	158
44	45	160	159
45	46	161	160
46	47	162	161
47	48	163	162
48	49	164	163
49	50	165	164
50	51	166	165
51	52	167	166
52	53	168	167
53	54	169	168
54	55	170	169
55	56	171	170
56	57	172	171
57	58	173	172
58	59	174	173
59	60	175	174
60	61	176	175
61	62	177	176
62	63	178	177
63	64	179	178
64	65	180	179
65	66	181	180
66	67	182	181
67	68	183	182
68	69	184	183
69	70	185	184
70	71	186	185
71	72	187	186
72	73	188	187
73	74	189	188
74	75	190	189
75	76	191	190
76	77	192	191
77	78	193	192
78	79	194	193
79	80	195	194
80	81	196	195
81	82	197	196
82	83	198	197
83	84	199	198
84	85	200	199
85	86	201	200
86	87	202	201
87	88	203	202
88	89	204	203
89	90	205	204
90	91	206	205
91	92	207	206
92	93	208	207
93	94	209	208
94	95	210	209
95	96	211	210
96	97	212	211
97	98	213	212
98	99	214	213
99	100	215	214
100	101	216	215
101	102	217	216
102	103	218	217
103	104	219	218
104	105	220	219
105	106	221	220
106	107	222	221
107	108	223	222
108	109	224	223
109	110	225	224
110	111	226	225
111	112	227	226
112	113	228	227
113	114	229	228
115	116	231	230
116	117	232	231
117	118	233	232
118	119	234	233
119	120	235	234
120	121	236	235
121	122	237	236
122	123	238	237
123	124	239	238
124	125	240	239
125	126	241	240
126	127	242	241
127	128	243	242
128	129	244	243
129	130	245	244
130	131	246	245
131	132	247	246
132	133	248	247
133	134	249	248
134	135	250	249
135	136	251	250
136	137	252	251
137	138	253	252
138	139	254	253
139	140	255	254
140	141	256	255
141	142	257	256
142	143	258	257
143	144	259	258
144	145	260	259
145	146	261	260
146	147	262	261
147	148	263	262
148	149	264	263
149	150	265	264
150	151	266	265
151	152	267	266
152	153	268	267
153	154	269	268
154	155	270	269
155	156	271	270
156	157	272	271
157	158	273	272
158	159	274	273
159	160	275	274
160	161	276	275
161	162	277	276
162	163	278	277
163	164	279	278
164	165	280	279
165	166	281	280
166	167	282	281
167	168	283	282
168	169	284	283
169	170	285	284
170	171	286	285
171	172	287	286
172	173	288	287
173	174	289	288
174	175	290	289
175	176	291	290
176	177	292	291
177	178	293	292
178	179	294	293
179	180	295	294
180	181	296	295
181	182	297	296
182	183	298	297
183	184	299	298
184	185	300	299
185	186	301	300
186	187	302	301
187	188	303	302
188	189	304	303
189	190	305	304
190	191	306	305
191	192	307	306
192	193	308	307
193	194	309	308
194	195	310	309
195	196	311	310
196	197	312	311
197	198	313	312
198	199	314	313
199	200	315	314
200	201	316	315
201	202	317	316
202	203	318	317
203	204	319	318
204	205	320	319
205	206	321	320
206	207	322	321
207	208	323	322
208	209	324	323
209	210	325	324
210	211	326	325
211	212	327	326
212	213	328	327
213	214	329	328
214	215	330	329
215	216	331	330
216	217	332	331
217	218	333	332
218	219	334	333
219	220	335	334
220	221	336	335
221	222	337	336
222	223	338	337
223	224	339	338
224	225	340	339
225	226	341	340
226	227	342	341
227	228	343	342
228	229	344	343
230	231	346	345
231	232	347	346
232	233	348	347
233	234	349	348
234	235	350	349
235	236	351	350
236	237	352	351
237	238	353	352
238	239	354	353
239	240	355	354
240	241	356	355
241	242	357	356
242	243	358	357
243	244	359	358
244	245	360	359
245	246	361	360
246	247	362	361
247	248	363	362
248	249	364	363
249	250	365	364
250	251	366	365
251	252	367	366
252	253	368	367
253	254	369	368
254	255	370	369
255	256	371	370
256	257	372	371
257	258	373	372
258	259	374	373
259	260	375	374
260	261	376	375
261	262	377	376
262	263	378	377
263	264	379	378
264	265	380	379
265	266	381	380
266	267	382	381
267	268	383	382
268	269	384	383
269	270	385	384
270	271	386	385
271	272	387	386
272	273	388	387
273	274	389	388
274	275	390	389
275	276	391	390
276	277	392	391
277	278	393	392
278	279	394	393
279	280	395	394
280	281	396	395
281	282	397	396
282	283	398	397
283	284	399	398
284	285	400	399
285	286	401	400
286	287	402	401
287	288	403	402
288	289	404	403
289	290	405	404
290	291	406	405
291	292	407	406
292	293	408	407
293	294	409	408
294	295	410	409
295	296	411	410
296	297	412	411
297	298	413	412
298	299	414	413
299	300	415	414
300	301	416	415
301	302	417	416
302	303	418	417
303	304	419	418
304	305	420	419
305	306	421	420
306	307	422	421
307	308	423	422
308	309	424	423
309	310	425	424
310	311	426	425
311	312	427	426
312	313	428	427
313	314	429	428
314	315	430	429
315	316	431	430
316	317	432	431
317	318	433	432
318	319	434	433
319	320	435	434
320	321	436	435
321	322	437	436
322	323	438	437
323	324	439	438
324	325	440	439
325	326	441	440
326	327	442	441
327	328	443	442
328	329	444	443
329	330	445	444
330	331	446	445
331	332	447	446
332	333	448	447
333	334	449	448
334	335	450	449
335	336	451	450
336	337	452	451
337	338	453	452
338	339	454	453
339	340	455	454
340	341	456	455
341	342	457	456
342	343	458	457
343	344	459	458
345	346	461	460
346	347	462	461
347	348	463	462
348	349	464	463
349	350	465	464
350	351	466	465
351	352	467	466
352	353	468	467
353	354	469	468
354	355	470	469
355	356	471	470
356	357	472	471
357	358	473	472
358	359	474	473
359	360	475	474
360	361	476	475
361	362	477	476
362	363	478	477
363	364	479	478
364	365	480	479
365	366	481	480
366	367	482	481
367	368	483	482
368	369	484	483
369	370	485	484
370	371	486	485
371	372	487	486
372	373	488	487
373	374	489	488
374	375	490	489
375	376	491	490
376	377	492	491
377	378	493	492
378	379	494	493
379	380	495	494
380	381	496	495
381	382	497	496
382	383	498	497
383	384	499	498
384	385	500	499
385	386	501	500
386	387	502	501
387	388	503	502
388	389	504	503
389	390	505	504
390	391	506	505
391	392	507	506
392	393	508	507
393	394	509	508
394	395	510	509
395	396	511	510
396	397	512	511
397	398	513	512
398	399	514	513
399	400	515	514
400	401	516	515
401	402	517	516
402	403	518	517
403	404	519	518
404	405	520	519
405	406	521	520
406	407	522	521
407	408	523	522
408	409	524	523
409	410	525	524
410	411	526	525
411	412	527	526
412	413	528	527
413	414	529	528
414	415	530	529
415	416	531	530
416	417	532	531
417	418	533	532
418	419	534	533
419	420	535	534
420	421	536	535
421	422	537	536
422	423	538	537
423	424	539	538
424	425	540	539
425	426	541	540
426	427	542	541
427	428	543	542
428	429	544	543
429	430	545	544
430	431	546	545
431	432	547	546
432	433	548	547
433	434	549	548
434	435	550	549
435	436	551	550
436	437	552	551
437	438	553	552
438	439	554	553
439	440	555	554
440	441	556	555
441	442	557	556
442	443	558	557
443	444	559	558
444	445	560	559
445	446	561	560
446	447	562	561
447	448	563	562
448	449	564	563
449	450	565	564
450	451	566	565
451	452	567	566
452	453	568	567
453	454	569	568
454	455	570	569
455	456	571	570
456	457	572	571
457	458	573	572
458	459	574	573
460	461	576	575
461	462	577	576
462	463	578	577
463	464	579	578
464	465	580	579
465	466	581	580
466	467	582	581
467	468	583	582
468	469	584	583
469	470	585	584
470	471	586	585
471	472	587	586
472	473	588	587
473	474	589	588
474	475	590	589
475	476	591	590
476	477	592	591
477	478	593	592
478	479	594	593
479	480	595	594
480	481	596	595
481	482	597	596
482	483	598	597
483	484	599	598
484	485	600	599
485	486	601	600
486	487	602	601
487	488	603	602
488	489	604	603
489	490	605	604
490	491	606	605
491	492	607	606
492	493	608	607
493	494	609	608
494	495	610	609
495	496	611	610
496	497	612	611
497	498	613	612
498	499	614	613
499	500	615	614
500	501	616	615
501	502	617	616
502	503	618	617
503	504	619	618
504	505	620	619
505	506	621	620
506	507	622	621
507	508	623	622
508	509	624	623
509	510	625	624
510	511	626	625
511	512	627	626
512	513	628	627
513	514	629	628
514	515	630	629
515	516	631	630
516	517	632	631
517	518	633	632
518	519	634	633
519	520	635	634
520	521	636	635
521	522	637	636
522	523	638	637
523	524	639	638
524	525	640	639
525	526	641	640
526	527	642	641
527	528	643	642
528	529	644	643
529	530	645	644
530	531	646	645
531	532	647	646
532	533	648	647
533	534	649	648
534	535	650	649
535	536	651	650
536	537	652	651
537	538	653	652
538	539	654	653
539	540	655	654
540	541	656	655
541	542	657	656
542	543	658	657
543	544	659	658
544	545	660	659
545	546	661	660
546	547	662	661
547	548	663	662
548	549	664	663
549	550	665	664
550	551	666	665
551	552	667	666
552	553	668	667
553	554	669	668
554	555	670	669
555	556	671	670
556	557	672	671
557	558	673	672
558	559	674	673
559	560	675	674
560	561	676	675
561	562	677	676
562	563	678	677
563	564	679	678
564	565	680	679
565	566	681	680
566	567	682	681
567	568	683	682
568	569	684	683
569	570	685	684
570	571	686	685
571	572	687	686
572	573	688	687
573	574	689	688
575	576	691	690
576	577	692	691
577	578	693	692
578	579	694	693
579	580	695	694
580	581	696	695
581	582	697	696
582	583	698	697
583	584	699	698
584	585	700	699
585	586	701	700
586	587	702	701
587	588	703	702
588	589	704	703
589	590	705	704
590	591	706	705
591	592	707	706
592	593	708	707
593	594	709	708
594	595	710	709
595	596	711	710
596	597	712	711
597	598	713	712
598	599	714	713
599	600	715	714
600	601	716	715
601	602	717	716
602	603	718	717
603	604	719	718
604	605	720	719
605	606	721	720
606	607	722	721
607	608	723	722
608	609	724	723
609	610	725	724
610	611	726	725
611	612	727	726
612	613	728	727
613	614	729	728
614	615	730	729
615	616	731	730
616	617	732	731
617	618	733	732
618	619	734	733
619	620	735	734
620	621	736	735
621	622	737	736
622	623	738	737
623	624	739	738
624	625	740	739
625	626	741	740
626	627	742	741
627	628	743	742
628	629	744	743
629	630	745	744
630	631	746	745
631	632	747	746
632	633	748	747
633	634	749	748
634	635	750	749
635	636	751	750
636	637	752	751
637	638	753	752
638	639	754	753
639	640	755	754
640	641	756	755
641	642	757	756
642	643	758	757
643	644	759	758
644	645	760	759
645	646	761	760
646	647	762	761
647	648	763	762
648	649	764	763
649	650	765	764
650	651	766	765
651	652	767	766
652	653	768	767
653	654	769	768
654	655	770	769
655	656	771	770
656	657	772	771
657	658	773	772
658	659	774	773
659	660	775	774
660	661	776	775
661	662	777	776
662	663	778	777
663	664	779	778
664	665	780	779
665	666	781	780
666	667	782	781
667	668	783	782
668	669	784	783
669	670	785	784
670	671	786	785
671	672	787	786
672	673	788	787
673	674	789	788
674	675	790	789
675	676	791	790
676	677	792	791
677	678	793	792
678	679	794	793
679	680	795	794
680	681	796	795
681	682	797	796
682	683	798	797
683	684	799	798
684	685	800	799
685	686	801	800
686	687	802	801
687	688	803	802
688	689	804	803
690	691	806	805
691	692	807	806
692	693	808	807
693	694	809	808
694	695	810	809
695	696	811	810
696	697	812	811
697	698	813	812
698	699	814	813
699	700	815	814
700	701	816	815
701	702	817	816
702	703	818	817
703	704	819	818
704	705	820	819
705	706	821	820
706	707	822	821
707	708	823	822
708	709	824	823
709	710	825	824
710	711	826	825
711	712	827	826
712	713	828	827
713	714	829	828
714	715	830	829
715	716	831	830
716	717	832	831
717	718	833	832
718	719	834	833
719	720	835	834
720	721	836	835
721	722	837	836
722	723	838	837
723	724	839	838
724	725	840	839
725	726	841	840
726	727	842	841
727	728	843	842
728	729	844	843
729	730	845	844
730	731	846	845
731	732	847	846
732	733	848	847
733	734	849	848
734	735	850	849
735	736	851	850
736	737	852	851
737	738	853	852
738	739	854	853
739	740	855	854
740	741	856	855
741	742	857	856
742	743	858	857
743	744	859	858
744	745	860	859
745	746	861	860
746	747	862	861
747	748	863	862
748	749	864	863
749	750	865	864
750	751	866	865
751	752	867	866
752	753	868	867
753	754	869	868
754	755	870	869
755	756	871	870
756	757	872	871
757	758	873	872
758	759	874	873
759	760	875	874
760	761	876	875
761	762	877	876
762	763	878	877
763	764	879	878
764	765	880	879
765	766	881	880
766	767	882	881
767	768	883	882
768	769	884	883
769	770	885	884
770	771	886	885
771	772	887	886
772	773	888	887
773	774	889	888
774	775	890	889
775	776	891	890
776	777	892	891
777	778	893	892
778	779	894	893
779	780	895	894
780	781	896	895
781	782	897	896
782	783	898	897
783	784	899	898
784	785	900	899
785	786	901	900
786	787	902	901
787	788	903	902
788	789	904	903
789	790	905	904
790	791	906	905
791	792	907	906
792	793	908	907
793	794	909	908
794	795	910	909
795	796	911	910
796	797	912	911
797	798	913	912
798	799	914	913
799	800	915	914
800	801	916	915
801	802	917	916
802	803	918	917
803	804	919	918
805	806	921	920
806	807	922	921
807	808	923	922
808	809	924	923
809	810	925	924
810	811	926	925
811	812	927	926
812	813	928	927
813	814	929	928
814	815	930	929
815	816	931	930
816	817	932	931
817	818	933	932
818	819	934	933
819	820	935	934
820	821	936	935
821	822	937	936
822	823	938	937
823	824	939	938
824	825	940	939
825	826	941	940
826	827	942	941
827	828	943	942
828	829	944	943
829	830	945	944
830	831	946	945
831	832	947	946
832	833	948	947
833	834	949	948
834	835	950	949
835	836	951	950
836	837	952	951
837	838	953	952
838	839	954	953
839	840	955	954
840	841	956	955
841	842	957	956
842	843	958	957
843	844	959	958
844	845	960	959
845	846	961	960
846	847	962	961
847	848	963	962
848	849	964	963
849	850	965	964
850	851	966	965
851	852	967	966
852	853	968	967
853	854	969	968
854	855	970	969
855	856	971	970
856	857	972	971
857	858	973	972
858	859	974	973
859	860	975	974
860	861	976	975
861	862	977	976
862	863	978	977
863	864	979	978
864	865	980	979
865	866	981	980
866	867	982	981
867	868	983	982
868	869	984	983
869	870	985	984
870	871	986	985
871	872	987	986
872	873	988	987
873	874	989	988
874	875	990	989
875	876	991	990
876	877	992	991
877	878	993	992
878	879	994	993
879	880	995	994
880	881	996	995
881	882	997	996
882	883	998	997
883	884	999	998
884	885	1000	999
885	886	1001	1000
886	887	1002	1001
887	888	1003	1002
888	889	1004	1003
889	890	1005	1004
890	891	1006	1005
891	892	1007	1006
892	893	1008	1007
893	894	1009	1008
894	895	1010	1009
895	896	1011	1010
896	897	1012	1011
897	898	1013	1012
898	899	1014	1013
899	900	1015	1014
900	901	1016	1015
901	902	1017	1016
902	903	1018	1017
903	904	1019	1018
904	905	1020	1019
905	906	1021	1020
906	907	1022	1021
907	908	1023	1022
908	909	1024	1023
909	910	1025	1024
910	911	1026	1025
911	912	1027	1026
912	913	1028	1027
913	914	1029	1028
914	915	1030	1029
915	916	1031	1030
916	917	1032	1031
917	918	1033	1032
918	919	1034	1033
920	921	1036	1035
921	922	1037	1036
922	923	1038	1037
923	924	1039	1038
924	925	1040	1039
925	926	1041	1040
926	927	1042	1041
927	928	1043	1042
928	929	1044	1043
929	930	1045	1044
930	931	1046	1045
931	932	1047	1046
932	933	1048	1047
933	934	1049	1048
934	935	1050	1049
935	936	1051	1050
936	937	1052	1051
937	938	1053	1052
938	939	1054	1053
939	940	1055	1054
940	941	1056	1055
941	942	1057	1056
942	943	1058	1057
943	944	1059	1058
944	945	1060	1059
945	946	1061	1060
946	947	1062	1061
947	948	1063	1062
948	949	1064	1063
949	950	1065	1064
950	951	1066	1065
951	952	1067	1066
952	953	1068	1067
953	954	1069	1068
954	955	1070	1069
955	956	1071	1070
956	957	1072	1071
957	958	1073	1072
958	959	1074	1073
959	960	1075	1074
960	961	1076	1075
961	962	1077	1076
962	963	1078	1077
963	964	1079	1078
964	965	1080	1079
965	966	1081	1080
966	967	1082	1081
967	968	1083	1082
968	969	1084	1083
969	970	1085	1084
970	971	1086	1085
971	972	1087	1086
972	973	1088	1087
973	974	1089	1088
974	975	1090	1089
975	976	1091	1090
976	977	1092	1091
977	978	1093	1092
978	979	1094	1093
979	980	1095	1094
980	981	1096	1095
981	982	1097	1096
982	983	1098	1097
983	984	1099	1098
984	985	1100	1099
985	986	1101	1100
986	987	1102	1101
987	988	1103	1102
988	989	1104	1103
989	990	1105	1104
990	991	1106	1105
991	992	1107	1106
992	993	1108	1107
993	994	1109	1108
994	995	1110	1109
995	996	1111	1110
996	997	1112	1111
997	998	1113	1112
998	999	1114	1113
999	1000	1115	1114
1000	1001	1116	1115
1001	1002	1117	1116
1002	1003	1118	1117
1003	1004	1119	1118
1004	1005	1120	1119
1005	1006	1121	1120
1006	1007	1122	1121
1007	1008	1123	1122
1008	1009	1124	1123
1009	1010	1125	1124
1010	1011	1126	1125
1011	1012	1127	1126
1012	1013	1128	1127
1013	1014	1129	1128
1014	1015	1130	1129
1015	1016	1131	1130
1016	1017	1132	1131
1017	1018	1133	1132
1018	1019	1134	1133
1019	1020	1135	1134
1020	1021	1136	1135
1021	1022	1137	1136
1022	1023	1138	1137
1023	1024	1139	1138
1024	1025	1140	1139
1025	1026	1141	1140
1026	1027	1142	1141
1027	1028	1143	1142
1028	1029	1144	1143
1029	1030	1145	1144
1030	1031	1146	1145
1031	1032	1147	1146
1032	1033	1148	1147
1033	1034	1149	1148
1035	1036	1151	1150
1036	1037	1152	1151
1037	1038	1153	1152
1038	1039	1154	1153
1039	1040	1155	1154
1040	1041	1156	1155
1041	1042	1157	1156
1042	1043	1158	1157
1043	1044	1159	1158
1044	1045	1160	1159
1045	1046	1161	1160
1046	1047	1162	1161
1047	1048	1163	1162
1048	1049	1164	1163
1049	1050	1165	1164
1050	1051	1166	1165
1051	1052	1167	1166
1052	1053	1168	1167
1053	1054	1169	1168
1054	1055	1170	1169
1055	1056	1171	1170
1056	1057	1172	1171
1057	1058	1173	1172
1058	1059	1174	1173
1059	1060	1175	1174
1060	1061	1176	1175
1061	1062	1177	1176
1062	1063	1178	1177
1063	1064	1179	1178
1064	1065	1180	1179
1065	1066	1181	1180
1066	1067	1182	1181
1067	1068	1183	1182
1068	1069	1184	1183
1069	1070	1185	1184
1070	1071	1186	1185
1071	1072	1187	1186
1072	1073	1188	1187
1073	1074	1189	1188
1074	1075	1190	1189
1075	1076	1191	1190
1076	1077	1192	1191
1077	1078	1193	1192
1078	1079	1194	1193
1079	1080	1195	1194
1080	1081	1196	1195
1081	1082	1197	1196
1082	1083	1198	1197
1083	1084	1199	1198
1084	1085	1200	1199
1085	1086	1201	1200
1086	1087	1202	1201
1087	1088	1203	1202
1088	1089	1204	1203
1089	1090	1205	1204
1090	1091	1206	1205
1091	1092	1207	1206
1092	1093	1208	1207
1093	1094	1209	1208
1094	1095	1210	1209
1095	1096	1211	1210
1096	1097	1212	1211
1097	1098	1213	1212
1098	1099	1214	1213
1099	1100	1215	1214
1100	1101	1216	1215
1101	1102	1217	1216
1102	1103	1218	1217
1103	1104	1219	1218
1104	1105	1220	1219
1105	1106	1221	1220
1106	1107	1222	1221
1107	1108	1223	1222
1108	1109	1224	1223
1109	1110	1225	1224
1110	1111	1226	1225
1111	1112	1227	1226
1112	1113	1228	1227
1113	1114	1229	1228
1114	1115	1230	1229
1115	1116	1231	1230
1116	1117	1232	1231
1117	1118	1233	1232
1118	1119	1234	1233
1119	1120	1235	1234
1120	1121	1236	1235
1121	1122	1237	1236
1122	1123	1238	1237
1123	1124	1239	1238
1124	1125	1240	1239
1125	1126	1241	1240
1126	1127	1242	1241
1127	1128	1243	1242
1128	1129	1244	1243
1129	1130	1245	1244
1130	1131	1246	1245
1131	1132	1247	1246
1132	1133	1248	1247
1133	1134	1249	1248
1134	1135	1250	1249
1135	1136	1251	1250
1136	1137	1252	1251
1137	1138	1253	1252
1138	1139	1254	1253
1139	1140	1255	1254
1140	1141	1256	1255
1141	1142	1257	1256
1142	1143	1258	1257
1143	1144	1259	1258
1144	1145	1260	1259
1145	1146	1261	1260
1146	1147	1262	1261
1147	1148	1263	1262
1148	1149	1264	1263
1150	1151	1266	1265
1151	1152	1267	1266
1152	1153	1268	1267
1153	1154	1269	1268
1154	1155	1270	1269
1155	1156	1271	1270
1156	1157	1272	1271
1157	1158	1273	1272
1158	1159	1274	1273
1159	1160	1275	1274
1160	1161	1276	1275
1161	1162	1277	1276
1162	1163	1278	1277
1163	1164	1279	1278
1164	1165	1280	1279
1165	1166	1281	1280
1166	1167	1282	1281
1167	1168	1283	1282
1168	1169	1284	1283
1169	1170	1285	1284
1170	1171	1286	1285
1171	1172	1287	1286
1172	1173	1288	1287
1173	1174	1289	1288
1174	1175	1290	1289
1175	1176	1291	1290
1176	1177	1292	1291
1177	1178	1293	1292
1178	1179	1294	1293
1179	1180	1295	1294
1180	1181	1296	1295
1181	1182	1297	1296
1182	1183	1298	1297
1183	1184	1299	1298
1184	1185	1300	1299
1185	1186	1301	1300
1186	1187	1302	1301
1187	1188	1303	1302
1188	1189	1304	1303
1189	1190	1305	1304
1190	1191	1306	1305
1191	1192	1307	1306
1192	1193	1308	1307
1193	1194	1309	1308
1194	1195	1310	1309
1195	1196	1311	1310
1196	1197	1312	1311
1197	1198	1313	1312
1198	1199	1314	1313
1199	1200	1315	1314
1200	1201	1316	1315
1201	1202	1317	1316
1202	1203	1318	1317
1203	1204	1319	1318
1204	1205	1320	1319
1205	1206	1321	1320
1206	1207	1322	1321
1207	1208	1323	1322
1208	1209	1324	1323
1209	1210	1325	1324
1210	1211	1326	1325
1211	1212	1327	1326
1212	1213	1328	1327
1213	1214	1329	1328
1214	1215	1330	1329
1215	1216	1331	1330
1216	1217	1332	1331
1217	1218	1333	1332
1218	1219	1334	1333
1219	1220	1335	1334
1220	1221	1336	1335
1221	1222	1337	1336
1222	1223	1338	1337
1223	1224	1339	1338
1224	1225	1340	1339
1225	1226	1341	1340
1226	1227	1342	1341
1227	1228	1343	1342
1228	1229	1344	1343
1229	1230	1345	1344
1230	1231	1346	1345
1231	1232	1347	1346
1232	1233	1348	1347
1233	1234	1349	1348
1234	1235	1350	1349
1235	1236	1351	1350
1236	1237	1352	1351
1237	1238	1353	1352
1238	1239	1354	1353
1239	1240	1355	1354
1240	1241	1356	1355
1241	1242	1357	1356
1242	1243	1358	1357
1243	1244	1359	1358
1244	1245	1360	1359
1245	1246	1361	1360
1246	1247	1362	1361
1247	1248	1363	1362
1248	1249	1364	1363
1249	1250	1365	1364
1250	1251	1366	1365
1251	1252	1367	1366
1252	1253	1368	1367
1253	1254	1369	1368
1254	1255	1370	1369
1255	1256	1371	1370
1256	1257	1372	1371
1257	1258	1373	1372
1258	1259	1374	1373
1259	1260	1375	1374
1260	1261	1376	1375
1261	1262	1377	1376
1262	1263	1378	1377
1263	1264	1379	1378
1265	1266	1381	1380
1266	1267	1382	1381
1267	1268	1383	1382
1268	1269	1384	1383
1269	1270	1385	1384
1270	1271	1386	1385
1271	1272	1387	1386
1272	1273	1388	1387
1273	1274	1389	1388
1274	1275	1390	1389
1275	1276	1391	1390
1276	1277	1392	1391
1277	1278	1393	1392
1278	1279	1394	1393
1279	1280	1395	1394
1280	1281	1396	1395
1281	1282	1397	1396
1282	1283	1398	1397
1283	1284	1399	1398
1284	1285	1400	1399
1285	1286	1401	1400
1286	1287	1402	1401
1287	1288	1403	1402
1288	1289	1404	1403
1289	1290	1405	1404
1290	1291	1406	1405
1291	1292	1407	1406
1292	1293	1408	1407
1293	1294	1409	1408
1294	1295	1410	1409
1295	1296	1411	1410
1296	1297	1412	1411
1297	1298	1413	1412
1298	1299	1414	1413
1299	1300	1415	1414
1300	1301	1416	1415
1301	1302	1417	1416
1302	1303	1418	1417
1303	1304	1419	1418
1304	1305	1420	1419
1305	1306	1421	1420
1306	1307	1422	1421
1307	1308	1423	1422
1308	1309	1424	1423
1309	1310	1425	1424
1310	1311	1426	1425
1311	1312	1427	1426
1312	1313	1428	1427
1313	1314	1429	1428
1314	1315	1430	1429
1315	1316	1431	1430
1316	1317	1432	1431
1317	1318	1433	1432
1318	1319	1434	1433
1319	1320	1435	1434
1320	1321	1436	1435
1321	1322	1437	1436
1322	1323	1438	1437
1323	1324	1439	1438
1324	1325	1440	1439
1325	1326	1441	1440
1326	1327	1442	1441
1327	1328	1443	1442
1328	1329	1444	1443
1329	1330	1445	1444
1330	1331	1446	1445
1331	1332	1447	1446
1332	1333	1448	1447
1333	1334	1449	1448
1334	1335	1450	1449
1335	1336	1451	1450
1336	1337	1452	1451
1337	1338	1453	1452
1338	1339	1454	1453
1339	1340	1455	1454
1340	1341	1456	1455
1341	1342	1457	1456
1342	1343	1458	1457
1343	1344	1459	1458
1344	1345	1460	1459
1345	1346	1461	1460
1346	1347	1462	1461
1347	1348	1463	1462
1348	1349	1464	1463
1349	1350	1465	1464
1350	1351	1466	1465
1351	1352	1467	1466
1352	1353	1468	1467
1353	1354	1469	1468
1354	1355	1470	1469
1355	1356	1471	1470
1356	1357	1472	1471
1357	1358	1473	1472
1358	1359	1474	1473
1359	1360	1475	1474
1360	1361	1476	1475
1361	1362	1477	1476
1362	1363	1478	1477
1363	1364	1479	1478
1364	1365	1480	1479
1365	1366	1481	1480
1366	1367	1482	1481
1367	1368	1483	1482
1368	1369	1484	1483
1369	1370	1485	1484
1370	1371	1486	1485
1371	1372	1487	1486
1372	1373	1488	1487
1373	1374	1489	1488
1374	1375	1490	1489
1375	1376	1491	1490
1376	1377	1492	1491
1377	1378	1493	1492
1378	1379	1494	1493
1380	1381	1496	1495
1381	1382	1497	1496
1382	1383	1498	1497
1383	1384	1499	1498
1384	1385	1500	1499
1385	1386	1501	1500
1386	1387	1502	1501
1387	1388	1503	1502
1388	1389	1504	1503
1389	1390	1505	1504
1390	1391	1506	1505
1391	1392	1507	1506
1392	1393	1508	1507
1393	1394	1509	1508
1394	1395	1510	1509
1395	1396	1511	1510
1396	1397	1512	1511
1397	1398	1513	1512
1398	1399	1514	1513
1399	1400	1515	1514
1400	1401	1516	1515
1401	1402	1517	1516
1402	1403	1518	1517
1403	1404	1519	1518
1404	1405	1520	1519
1405	1406	1521	1520
1406	1407	1522	1521
1407	1408	1523	1522
1408	1409	1524	1523
1409	1410	1525	1524
1410	1411	1526	1525
1411	1412	1527	1526
1412	1413	1528	1527
1413	1414	1529	1528
1414	1415	1530	1529
1415	1416	1531	1530
1416	1417	1532	1531
1417	1418	1533	1532
1418	1419	1534	1533
1419	1420	1535	1534
1420	1421	1536	1535
1421	1422	1537	1536
1422	1423	1538	1537
1423	1424	1539	1538
1424	1425	1540	1539
1425	1426	1541	1540
1426	1427	1542	1541
1427	1428	1543	1542
1428	1429	1544	1543
1429	1430	1545	1544
1430	1431	1546	1545
1431	1432	1547	1546
1432	1433	1548	1547
1433	1434	1549	1548
1434	1435	1550	1549
1435	1436	1551	1550
1436	1437	1552	1551
1437	1438	1553	1552
1438	1439	1554	1553
1439	1440	1555	1554
1440	1441	1556	1555
1441	1442	1557	1556
1442	1443	1558	1557
1443	1444	1559	1558
1444	1445	1560	1559
1445	1446	1561	1560
1446	1447	1562	1561
1447	1448	1563	1562
1448	1449	1564	1563
1449	1450	1565	1564
1450	1451	1566	1565
1451	1452	1567	1566
1452	1453	1568	1567
1453	1454	1569	1568
1454	1455	1570	1569
1455	1456	1571	1570
1456	1457	1572	1571
1457	1458	1573	1572
1458	1459	1574	1573
1459	1460	1575	1574
1460	1461	1576	1575
1461	1462	1577	1576
1462	1463	1578	1577
1463	1464	1579	1578
1464	1465	1580	1579
1465	1466	1581	1580
1466	1467	1582	1581
1467	1468	1583	1582
1468	1469	1584	1583
1469	1470	1585	1584
1470	1471	1586	1585
1471	1472	1587	1586
1472	1473	1588	1587
1473	1474	1589	1588
1474	1475	1590	1589
1475	1476	1591	1590
1476	1477	1592	1591
1477	1478	1593	1592
1478	1479	1594	1593
1479	1480	1595	1594
1480	1481	1596	1595
1481	1482	1597	1596
1482	1483	1598	1597
1483	1484	1599	1598
1484	1485	1600	1599
1485	1486	1601	1600
1486	1487	1602	1601
1487	1488	1603	1602
1488	1489	1604	1603
1489	1490	1605	1604
1490	1491	1606	1605
1491	1492	1607	1606
1492	1493	1608	1607
1493	1494	1609	1608
1495	1496	1611	1610
1496	1497	1612	1611
1497	1498	1613	1612
1498	1499	1614	1613
1499	1500	1615	1614
1500	1501	1616	1615
1501	1502	1617	1616
1502	1503	1618	1617
1503	1504	1619	1618
1504	1505	1620	1619
1505	1506	1621	1620
1506	1507	1622	1621
1507	1508	1623	1622
1508	1509	1624	1623
1509	1510	1625	1624
1510	1511	1626	1625
1511	1512	1627	1626
1512	1513	1628	1627
1513	1514	1629	1628
1514	1515	1630	1629
1515	1516	1631	1630
1516	1517	1632	1631
1517	1518	1633	1632
1518	1519	1634	1633
1519	1520	1635	1634
1520	1521	1636	1635
1521	1522	1637	1636
1522	1523	1638	1637
1523	1524	1639	1638
1524	1525	1640	1639
1525	1526	1641	1640
1526	1527	1642	1641
1527	1528	1643	1642
1528	1529	1644	1643
1529	1530	1645	1644
1530	1531	1646	1645
1531	1532	1647	1646
1532	1533	1648	1647
1533	1534	1649	1648
1534	1535	1650	1649
1535	1536	1651	1650
1536	1537	1652	1651
1537	1538	1653	1652
1538	1539	1654	1653
1539	1540	1655	1654
1540	1541	1656	1655
1541	1542	1657	1656
1542	1543	1658	1657
1543	1544	1659	1658
1544	1545	1660	1659
1545	1546	1661	1660
1546	1547	1662	1661
1547	1548	1663	1662
1548	1549	1664	1663
1549	1550	1665	1664
1550	1551	1666	1665
1551	1552	1667	1666
1552	1553	1668	1667
1553	1554	1669	1668
1554	1555	1670	1669
1555	1556	1671	1670
1556	1557	1672	1671
1557	1558	1673	1672
1558	1559	1674	1673
1559	1560	1675	1674
1560	1561	1676	1675
1561	1562	1677	1676
1562	1563	1678	1677
1563	1564	1679	1678
1564	1565	1680	1679
1565	1566	1681	1680
1566	1567	1682	1681
1567	1568	1683	1682
1568	1569	1684	1683
1569	1570	1685	1684
1570	1571	1686	1685
1571	1572	1687	1686
1572	1573	1688	1687
1573	1574	1689	1688
1574	1575	1690	1689
1575	1576	1691	1690
1576	1577	1692	1691
1577	1578	1693	1692
1578	1579	1694	1693
1579	1580	1695	1694
1580	1581	1696	1695
1581	1582	1697	1696
1582	1583	1698	1697
1583	1584	1699	1698
1584	1585	1700	1699
1585	1586	1701	1700
1586	1587	1702	1701
1587	1588	1703	1702
1588	1589	1704	1703
1589	1590	1705	1704
1590	1591	1706	1705
1591	1592	1707	1706
1592	1593	1708	1707
1593	1594	1709	1708
1594	1595	1710	1709
1595	1596	1711	1710
1596	1597	1712	1711
1597	1598	1713	1712
1598	1599	1714	1713
1599	1600	1715	1714
1600	1601	1716	1715
1601	1602	1717	1716
1602	1603	1718	1717
1603	1604	1719	1718
1604	1605	1720	1719
1605	1606	1721	1720
1606	1607	1722	1721
1607	1608	1723	1722
1608	1609	1724	1723
1610	1611	1726	1725
1611	1612	1727	1726
1612	1613	1728	1727
1613	1614	1729	1728
1614	1615	1730	1729
1615	1616	1731	1730
1616	1617	1732	1731
1617	1618	1733	1732
1618	1619	1734	1733
1619	1620	1735	1734
1620	1621	1736	1735
1621	1622	1737	1736
1622	1623	1738	1737
1623	1624	1739	1738
1624	1625	1740	1739
1625	1626	1741	1740
1626	1627	1742	1741
1627	1628	1743	1742
1628	1629	1744	1743
1629	1630	1745	1744
1630	1631	1746	1745
1631	1632	1747	1746
1632	1633	1748	1747
1633	1634	1749	1748
1634	1635	1750	1749
1635	1636	1751	1750
1636	1637	1752	1751
1637	1638	1753	1752
1638	1639	1754	1753
1639	1640	1755	1754
1640	1641	1756	1755
1641	1642	1757	1756
1642	1643	1758	1757
1643	1644	1759	1758
1644	1645	1760	1759
1645	1646	1761	1760
1646	1647	1762	1761
1647	1648	1763	1762
1648	1649	1764	1763
1649	1650	1765	1764
1650	1651	1766	1765
1651	1652	1767	1766
1652	1653	1768	1767
1653	1654	1769	1768
1654	1655	1770	1769
1655	1656	1771	1770
1656	1657	1772	1771
1657	1658	1773	1772
1658	1659	1774	1773
1659	1660	1775	1774
1660	1661	1776	1775
1661	1662	1777	1776
1662	1663	1778	1777
1663	1664	1779	1778
1664	1665	1780	1779
1665	1666	1781	1780
1666	1667	1782	1781
1667	1668	1783	1782
1668	1669	1784	1783
1669	1670	1785	1784
1670	1671	1786	1785
1671	1672	1787	1786
1672	1673	1788	1787
1673	1674	1789	1788
1674	1675	1790	1789
1675	1676	1791	1790
1676	1677	1792	1791
1677	1678	1793	1792
1678	1679	1794	1793
1679	1680	1795	1794
1680	1681	1796	1795
1681	1682	1797	1796
1682	1683	1798	1797
1683	1684	1799	1798
1684	1685	1800	1799
1685	1686	1801	1800
1686	1687	1802	1801
1687	1688	1803	1802
1688	1689	1804	1803
1689	1690	1805	1804
1690	1691	1806	1805
1691	1692	1807	1806
1692	1693	1808	1807
1693	1694	1809	1808
1694	1695	1810	1809
1695	1696	1811	1810
1696	1697	1812	1811
1697	1698	1813	1812
1698	1699	1814	1813
1699	1700	1815	1814
1700	1701	1816	1815
1701	1702	1817	1816
1702	1703	1818	1817
1703	1704	1819	1818
1704	1705	1820	1819
1705	1706	1821	1820
1706	1707	1822	1821
1707	1708	1823	1822
1708	1709	1824	1823
1709	1710	1825	1824
1710	1711	1826	1825
1711	1712	1827	1826
1712	1713	1828	1827
1713	1714	1829	1828
1714	1715	1830	1829
1715	1716	1831	1830
1716	1717	1832	1831
1717	1718	1833	1832
1718	1719	1834	1833
1719	1720	1835	1834
1720	1721	1836	1835
1721	1722	1837	1836
1722	1723	1838	1837
1723	1724	1839	1838
1725	1726	1841	1840
1726	1727	1842	1841
1727	1728	1843	1842
1728	1729	1844	1843
1729	1730	1845	1844
1730	1731	1846	1845
1731	1732	1847	1846
1732	1733	1848	1847
1733	1734	1849	1848
1734	1735	1850	1849
1735	1736	1851	1850
1736	1737	1852	1851
1737	1738	1853	1852
1738	1739	1854	1853
1739	1740	1855	1854
1740	1741	1856	1855
1741	1742	1857	1856
1742	1743	1858	1857
1743	1744	1859	1858
1744	1745	1860	1859
1745	1746	1861	1860
1746	1747	1862	1861
1747	1748	1863	1862
1748	1749	1864	1863
1749	1750	1865	1864
1750	1751	1866	1865
1751	1752	1867	1866
1752	1753	1868	1867
1753	1754	1869	1868
1754	1755	1870	1869
1755	1756	1871	1870
1756	1757	1872	1871
1757	1758	1873	1872
1758	1759	1874	1873
1759	1760	1875	1874
1760	1761	1876	1875
1761	1762	1877	1876
1762	1763	1878	1877
1763	1764	1879	1878
1764	1765	1880	1879
1765	1766	1881	1880
1766	1767	1882	1881
1767	1768	1883	1882
1768	1769	1884	1883
1769	1770	1885	1884
1770	1771	1886	1885
1771	1772	1887	1886
1772	1773	1888	1887
1773	1774	1889	1888
1774	1775	1890	1889
1775	1776	1891	1890
1776	1777	1892	1891
1777	1778	1893	1892
1778	1779	1894	1893
1779	1780	1895	1894
1780	1781	1896	1895
1781	1782	1897	1896
1782	1783	1898	1897
1783	1784	1899	1898
1784	1785	1900	1899
1785	1786	1901	1900
1786	1787	1902	1901
1787	1788	1903	1902
1788	1789	1904	1903
1789	1790	1905	1904
1790	1791	1906	1905
1791	1792	1907	1906
1792	1793	1908	1907
1793	1794	1909	1908
1794	1795	1910	1909
1795	1796	1911	1910
1796	1797	1912	1911
1797	1798	1913	1912
1798	1799	1914	1913
1799	1800	1915	1914
1800	1801	1916	1915
1801	1802	1917	1916
1802	1803	1918	1917
1803	1804	1919	1918
1804	1805	1920	1919
1805	1806	1921	1920
1806	1807	1922	1921
1807	1808	1923	1922
1808	1809	1924	1923
1809	1810	1925	1924
1810	1811	1926	1925
1811	1812	1927	1926
1812	1813	1928	1927
1813	1814	1929	1928
1814	1815	1930	1929
1815	1816	1931	1930
1816	1817	1932	1931
1817	1818	1933	1932
1818	1819	1934	1933
1819	1820	1935	1934
1820	1821	1936	1935
1821	1822	1937	1936
1822	1823	1938	1937
1823	1824	1939	1938
1824	1825	1940	1939
1825	1826	1941	1940
1826	1827	1942	1941
1827	1828	1943	1942
1828	1829	1944	1943
1829	1830	1945	1944
1830	1831	1946	1945
1831	1832	1947	1946
1832	1833	1948	1947
1833	1834	1949	1948
1834	1835	1950	1949
1835	1836	1951	1950
1836	1837	1952	1951
1837	1838	1953	1952
1838	1839	1954	1953
1840	1841	1956	1955
1841	1842	1957	1956
1842	1843	1958	1957
1843	1844	1959	1958
1844	1845	1960	1959
1845	1846	1961	1960
1846	1847	1962	1961
1847	1848	1963	1962
1848	1849	1964	1963
1849	1850	1965	1964
1850	1851	1966	1965
1851	1852	1967	1966
1852	1853	1968	1967
1853	1854	1969	1968
1854	1855	1970	1969
1855	1856	1971	1970
1856	1857	1972	1971
1857	1858	1973	1972
1858	1859	1974	1973
1859	1860	1975	1974
1860	1861	1976	1975
1861	1862	1977	1976
1862	1863	1978	1977
1863	1864	1979	1978
1864	1865	1980	1979
1865	1866	1981	1980
1866	1867	1982	1981
1867	1868	1983	1982
1868	1869	1984	1983
1869	1870	1985	1984
1870	1871	1986	1985
1871	1872	1987	1986
1872	1873	1988	1987
1873	1874	1989	1988
1874	1875	1990	1989
1875	1876	1991	1990
1876	1877	1992	1991
1877	1878	1993	1992
1878	1879	1994	1993
1879	1880	1995	1994
1880	1881	1996	1995
1881	1882	1997	1996
1882	1883	1998	1997
1883	1884	1999	1998
1884	1885	2000	1999
1885	1886	2001	2000
1886	1887	2002	2001
1887	1888	2003	2002
1888	1889	2004	2003
1889	1890	2005	2004
1890	1891	2006	2005
1891	1892	2007	2006
1892	1893	2008	2007
1893	1894	2009	2008
1894	1895	2010	2009
1895	1896	2011	2010
1896	1897	2012	2011
1897	1898	2013	2012
1898	1899	2014	2013
1899	1900	2015	2014
1900	1901	2016	2015
1901	1902	2017	2016
1902	1903	2018	2017
1903	1904	2019	2018
1904	1905	2020	2019
1905	1906	2021	2020
1906	1907	2022	2021
1907	1908	2023	2022
1908	1909	2024	2023
1909	1910	2025	2024
1910	1911	2026	2025
1911	1912	2027	2026
1912	1913	2028	2027
1913	1914	2029	2028
1914	1915	2030	2029
1915	1916	2031	2030
1916	1917	2032	2031
1917	1918	2033	2032
1918	1919	2034	2033
1919	1920	2035	2034
1920	1921	2036	2035
1921	1922	2037	2036
1922	1923	2038	2037
1923	1924	2039	2038
1924	1925	2040	2039
1925	1926	2041	2040
1926	1927	2042	2041
1927	1928	2043	2042
1928	1929	2044	2043
1929	1930	2045	2044
1930	1931	2046	2045
1931	1932	2047	2046
1932	1933	2048	2047
1933	1934	2049	2048
1934	1935	2050	2049
1935	1936	2051	2050
1936	1937	2052	2051
1937	1938	2053	2052
1938	1939	2054	2053
1939	1940	2055	2054
1940	1941	2056	2055
1941	1942	2057	2056
1942	1943	2058	2057
1943	1944	2059	2058
1944	1945	2060	2059
1945	1946	2061	2060
1946	1947	2062	2061
1947	1948	2063	2062
1948	1949	2064	2063
1949	1950	2065	2064
1950	1951	2066	2065
1951	1952	2067	2066
1952	1953	2068	2067
1953	1954	2069	2068
1955	1956	2071	2070
1956	1957	2072	2071
1957	1958	2073	2072
1958	1959	2074	2073
1959	1960	2075	2074
1960	1961	2076	2075
1961	1962	2077	2076
1962	1963	2078	2077
1963	1964	2079	2078
1964	1965	2080	2079
1965	1966	2081	2080
1966	1967	2082	2081
1967	1968	2083	2082
1968	1969	2084	2083
1969	1970	2085	2084
1970	1971	2086	2085
1971	1972	2087	2086
1972	1973	2088	2087
1973	1974	2089	2088
1974	1975	2090	2089
1975	1976	2091	2090
1976	1977	2092	2091
1977	1978	2093	2092
1978	1979	2094	2093
1979	1980	2095	2094
1980	1981	2096	2095
1981	1982	2097	2096
1982	1983	2098	2097
1983	1984	2099	2098
1984	1985	2100	2099
1985	1986	2101	2100
1986	1987	2102	2101
1987	1988	2103	2102
1988	1989	2104	2103
1989	1990	2105	2104
1990	1991	2106	2105
1991	1992	2107	2106
1992	1993	2108	2107
1993	1994	2109	2108
1994	1995	2110	2109
1995	1996	2111	2110
1996	1997	2112	2111
1997	1998	2113	2112
1998	1999	2114	2113
1999	2000	2115	2114
2000	2001	2116	2115
2001	2002	2117	2116
2002	2003	2118	2117
2003	2004	2119	2118
2004	2005	2120	2119
2005	2006	2121	2120
2006	2007	2122	2121
2007	2008	2123	2122
2008	2009	2124	2123
2009	2010	2125	2124
2010	2011	2126	2125
2011	2012	2127	2126
2012	2013	2128	2127
2013	2014	2129	2128
2014	2015	2130	2129
2015	2016	2131	2130
2016	2017	2132	2131
2017	2018	2133	2132
2018	2019	2134	2133
2019	2020	2135	2134
2020	2021	2136	2135
2021	2022	2137	2136
2022	2023	2138	2137
2023	2024	2139	2138
2024	2025	2140	2139
2025	2026	2141	2140
2026	2027	2142	2141
2027	2028	2143	2142
2028	2029	2144	2143
2029	2030	2145	2144
2030	2031	2146	2145
2031	2032	2147	2146
2032	2033	2148	2147
2033	2034	2149	2148
2034	2035	2150	2149
2035	2036	2151	2150
2036	2037	2152	2151
2037	2038	2153	2152
2038	2039	2154	2153
2039	2040	2155	2154
2040	2041	2156	2155
2041	2042	2157	2156
2042	2043	2158	2157
2043	2044	2159	2158
2044	2045	2160	2159
2045	2046	2161	2160
2046	2047	2162	2161
2047	2048	2163	2162
2048	2049	2164	2163
2049	2050	2165	2164
2050	2051	2166	2165
2051	2052	2167	2166
2052	2053	2168	2167
2053	2054	2169	2168
2054	2055	2170	2169
2055	2056	2171	2170
2056	2057	2172	2171
2057	2058	2173	2172
2058	2059	2174	2173
2059	2060	2175	2174
2060	2061	2176	2175
2061	2062	2177	2176
2062	2063	2178	2177
2063	2064	2179	2178
2064	2065	2180	2179
2065	2066	2181	2180
2066	2067	2182	2181
2067	2068	2183	2182
2068	2069	2184	2183
2070	2071	2186	2185
2071	2072	2187	2186
2072	2073	2188	2187
2073	2074	2189	2188
2074	2075	2190	2189
2075	2076	2191	2190
2076	2077	2192	2191
2077	2078	2193	2192
2078	2079	2194	2193
2079	2080	2195	2194
2080	2081	2196	2195
2081	2082	2197	2196
2082	2083	2198	2197
2083	2084	2199	2198
2084	2085	2200	2199
2085	2086	2201	2200
2086	2087	2202	2201
2087	2088	2203	2202
2088	2089	2204	2203
2089	2090	2205	2204
2090	2091	2206	2205
2091	2092	2207	2206
2092	2093	2208	2207
2093	2094	2209	2208
2094	2095	2210	2209
2095	2096	2211	2210
2096	2097	2212	2211
2097	2098	2213	2212
2098	2099	2214	2213
2099	2100	2215	2214
2100	2101	2216	2215
2101	2102	2217	2216
2102	2103	2218	2217
2103	2104	2219	2218
2104	2105	2220	2219
2105	2106	2221	2220
2106	2107	2222	2221
2107	2108	2223	2222
2108	2109	2224	2223
2109	2110	2225	2224
2110	2111	2226	2225
2111	2112	2227	2226
2112	2113	2228	2227
2113	2114	2229	2228
2114	2115	2230	2229
2115	2116	2231	2230
2116	2117	2232	2231
2117	2118	2233	2232
2118	2119	2234	2233
2119	2120	2235	2234
2120	2121	2236	2235
2121	2122	2237	2236
2122	2123	2238	2237
2123	2124	2239	2238
2124	2125	2240	2239
2125	2126	2241	2240
2126	2127	2242	2241
2127	2128	2243	2242
2128	2129	2244	2243
2129	2130	2245	2244
2130	2131	2246	2245
2131	2132	2247	2246
2132	2133	2248	2247
2133	2134	2249	2248
2134	2135	2250	2249
2135	2136	2251	2250
2136	2137	2252	2251
2137	2138	2253	2252
2138	2139	2254	2253
2139	2140	2255	2254
2140	2141	2256	2255
2141	2142	2257	2256
2142	2143	2258	2257
2143	2144	2259	2258
2144	2145	2260	2259
2145	2146	2261	2260
2146	2147	2262	2261
2147	2148	2263	2262
2148	2149	2264	2263
2149	2150	2265	2264
2150	2151	2266	2265
2151	2152	2267	2266
2152	2153	2268	2267
2153	2154	2269	2268
2154	2155	2270	2269
2155	2156	2271	2270
2156	2157	2272	2271
2157	2158	2273	2272
2158	2159	2274	2273
2159	2160	2275	2274
2160	2161	2276	2275
2161	2162	2277	2276
2162	2163	2278	2277
2163	2164	2279	2278
2164	2165	2280	2279
2165	2166	2281	2280
2166	2167	2282	2281
2167	2168	2283	2282
2168	2169	2284	2283
2169	2170	2285	2284
2170	2171	2286	2285
2171	2172	2287	2286
2172	2173	2288	2287
2173	2174	2289	2288
2174	2175	2290	2289
2175	2176	2291	2290
2176	2177	2292	2291
2177	2178	2293	2292
2178	2179	2294	2293
2179	2180	2295	2294
2180	2181	2296	2295
2181	2182	2297	2296
2182	2183	2298	2297
2183	2184	2299	2298
2185	2186	2301	2300
2186	2187	2302	2301
2187	2188	2303	2302
2188	2189	2304	2303
2189	2190	2305	2304
2190	2191	2306	2305
2191	2192	2307	2306
2192	2193	2308	2307
2193	2194	2309	2308
2194	2195	2310	2309
2195	2196	2311	2310
2196	2197	2312	2311
2197	2198	2313	2312
2198	2199	2314	2313
2199	2200	2315	2314
2200	2201	2316	2315
2201	2202	2317	2316
2202	2203	2318	2317
2203	2204	2319	2318
2204	2205	2320	2319
2205	2206	2321	2320
2206	2207	2322	2321
2207	2208	2323	2322
2208	2209	2324	2323
2209	2210	2325	2324
2210	2211	2326	2325
2211	2212	2327	2326
2212	2213	2328	2327
2213	2214	2329	2328
2214	2215	2330	2329
2215	2216	2331	2330
2216	2217	2332	2331
2217	2218	2333	2332
2218	2219	2334	2333
2219	2220	2335	2334
2220	2221	2336	2335
2221	2222	2337	2336
2222	2223	2338	2337
2223	2224	2339	2338
2224	2225	2340	2339
2225	2226	2341	2340
2226	2227	2342	2341
2227	2228	2343	2342
2228	2229	2344	2343
2229	2230	2345	2344
2230	2231	2346	2345
2231	2232	2347	2346
2232	2233	2348	2347
2233	2234	2349	2348
2234	2235	2350	2349
2235	2236	2351	2350
2236	2237	2352	2351
2237	2238	2353	2352
2238	2239	2354	2353
2239	2240	2355	2354
2240	2241	2356	2355
2241	2242	2357	2356
2242	2243	2358	2357
2243	2244	2359	2358
2244	2245	2360	2359
2245	2246	2361	2360
2246	2247	2362	2361
2247	2248	2363	2362
2248	2249	2364	2363
2249	2250	2365	2364
2250	2251	2366	2365
2251	2252	2367	2366
2252	2253	2368	2367
2253	2254	2369	2368
2254	2255	2370	2369
2255	2256	2371	2370
2256	2257	2372	2371
2257	2258	2373	2372
2258	2259	2374	2373
2259	2260	2375	2374
2260	2261	2376	2375
2261	2262	2377	2376
2262	2263	2378	2377
2263	2264	2379	2378
2264	2265	2380	2379
2265	2266	2381	2380
2266	2267	2382	2381
2267	2268	2383	2382
2268	2269	2384	2383
2269	2270	2385	2384
2270	2271	2386	2385
2271	2272	2387	2386
2272	2273	2388	2387
2273	2274	2389	2388
2274	2275	2390	2389
2275	2276	2391	2390
2276	2277	2392	2391
2277	2278	2393	2392
2278	2279	2394	2393
2279	2280	2395	2394
2280	2281	2396	2395
2281	2282	2397	2396
2282	2283	2398	2397
2283	2284	2399	2398
2284	2285	2400	2399
2285	2286	2401	2400
2286	2287	2402	2401
2287	2288	2403	2402
2288	2289	2404	2403
2289	2290	2405	2404
2290	2291	2406	2405
2291	2292	2407	2406
2292	2293	2408	2407
2293	2294	2409	2408
2294	2295	2410	2409
2295	2296	2411	2410
2296	2297	2412	2411
2297	2298	2413	2412
2298	2299	2414	2413
2300	2301	2416	2415
2301	2302	2417	2416
2302	2303	2418	2417
2303	2304	2419	2418
2304	2305	2420	2419
2305	2306	2421	2420
2306	2307	2422	2421
2307	2308	2423	2422
2308	2309	2424	2423
2309	2310	2425	2424
2310	2311	2426	2425
2311	2312	2427	2426
2312	2313	2428	2427
2313	2314	2429	2428
2314	2315	2430	2429
2315	2316	2431	2430
2316	2317	2432	2431
2317	2318	2433	2432
2318	2319	2434	2433
2319	2320	2435	2434
2320	2321	2436	2435
2321	2322	2437	2436
2322	2323	2438	2437
2323	2324	2439	2438
2324	2325	2440	2439
2325	2326	2441	2440
2326	2327	2442	2441
2327	2328	2443	2442
2328	2329	2444	2443
2329	2330	2445	2444
2330	2331	2446	2445
2331	2332	2447	2446
2332	2333	2448	2447
2333	2334	2449	2448
2334	2335	2450	2449
2335	2336	2451	2450
2336	2337	2452	2451
2337	2338	2453	2452
2338	2339	2454	2453
2339	2340	2455	2454
2340	2341	2456	2455
2341	2342	2457	2456
2342	2343	2458	2457
2343	2344	2459	2458
2344	2345	2460	2459
2345	2346	2461	2460
2346	2347	2462	2461
2347	2348	2463	2462
2348	2349	2464	2463
2349	2350	2465	2464
2350	2351	2466	2465
2351	2352	2467	2466
2352	2353	2468	2467
2353	2354	2469	2468
2354	2355	2470	2469
2355	2356	2471	2470
2356	2357	2472	2471
2357	2358	2473	2472
2358	2359	2474	2473
2359	2360	2475	2474
2360	2361	2476	2475
2361	2362	2477	2476
2362	2363	2478	2477
2363	2364	2479	2478
2364	2365	2480	2479
2365	2366	2481	2480
2366	2367	2482	2481
2367	2368	2483	2482
2368	2369	2484	2483
2369	2370	2485	2484
2370	2371	2486	2485
2371	2372	2487	2486
2372	2373	2488	2487
2373	2374	2489	2488
2374	2375	2490	2489
2375	2376	2491	2490
2376	2377	2492	2491
2377	2378	2493	2492
2378	2379	2494	2493
2379	2380	2495	2494
2380	2381	2496	2495
2381	2382	2497	2496
2382	2383	2498	2497
2383	2384	2499	2498
2384	2385	2500	2499
2385	2386	2501	2500
2386	2387	2502	2501
2387	2388	2503	2502
2388	2389	2504	2503
2389	2390	2505	2504
2390	2391	2506	2505
2391	2392	2507	2506
2392	2393	2508	2507
2393	2394	2509	2508
2394	2395	2510	2509
2395	2396	2511	2510
2396	2397	2512	2511
2397	2398	2513	2512
2398	2399	2514	2513
2399	2400	2515	2514
2400	2401	2516	2515
2401	2402	2517	2516
2402	2403	2518	2517
2403	2404	2519	2518
2404	2405	2520	2519
2405	2406	2521	2520
2406	2407	2522	2521
2407	2408	2523	2522
2408	2409	2524	2523
2409	2410	2525	2524
2410	2411	2526	2525
2411	2412	2527	2526
2412	2413	2528	2527
2413	2414	2529	2528
2415	2416	2531	2530
2416	2417	2532	2531
2417	2418	2533	2532
2418	2419	2534	2533
2419	2420	2535	2534
2420	2421	2536	2535
2421	2422	2537	2536
2422	2423	2538	2537
2423	2424	2539	2538
2424	2425	2540	2539
2425	2426	2541	2540
2426	2427	2542	2541
2427	2428	2543	2542
2428	2429	2544	2543
2429	2430	2545	2544
2430	2431	2546	2545
2431	2432	2547	2546
2432	2433	2548	2547
2433	2434	2549	2548
2434	2435	2550	2549
2435	2436	2551	2550
2436	2437	2552	2551
2437	2438	2553	2552
2438	2439	2554	2553
2439	2440	2555	2554
2440	2441	2556	2555
2441	2442	2557	2556
2442	2443	2558	2557
2443	2444	2559	2558
2444	2445	2560	2559
2445	2446	2561	2560
2446	2447	2562	2561
2447	2448	2563	2562
2448	2449	2564	2563
2449	2450	2565	2564
2450	2451	2566	2565
2451	2452	2567	2566
2452	2453	2568	2567
2453	2454	2569	2568
2454	2455	2570	2569
2455	2456	2571	2570
2456	2457	2572	2571
2457	2458	2573	2572
2458	2459	2574	2573
2459	2460	2575	2574
2460	2461	2576	2575
2461	2462	2577	2576
2462	2463	2578	2577
2463	2464	2579	2578
2464	2465	2580	2579
2465	2466	2581	2580
2466	2467	2582	2581
2467	2468	2583	2582
2468	2469	2584	2583
2469	2470	2585	2584
2470	2471	2586	2585
2471	2472	2587	2586
2472	2473	2588	2587
2473	2474	2589	2588
2474	2475	2590	2589
2475	2476	2591	2590
2476	2477	2592	2591
2477	2478	2593	2592
2478	2479	2594	2593
2479	2480	2595	2594
2480	2481	2596	2595
2481	2482	2597	2596
2482	2483	2598	2597
2483	2484	2599	2598
2484	2485	2600	2599
2485	2486	2601	2600
2486	2487	2602	2601
2487	2488	2603	2602
2488	2489	2604	2603
2489	2490	2605	2604
2490	2491	2606	2605
2491	2492	2607	2606
2492	2493	2608	2607
2493	2494	2609	2608
2494	2495	2610	2609
2495	2496	2611	2610
2496	2497	2612	2611
2497	2498	2613	2612
2498	2499	2614	2613
2499	2500	2615	2614
2500	2501	2616	2615
2501	2502	2617	2616
2502	2503	2618	2617
2503	2504	2619	2618
2504	2505	2620	2619
2505	2506	2621	2620
2506	2507	2622	2621
2507	2508	2623	2622
2508	2509	2624	2623
2509	2510	2625	2624
2510	2511	2626	2625
2511	2512	2627	2626
2512	2513	2628	2627
2513	2514	2629	2628
2514	2515	2630	2629
2515	2516	2631	2630
2516	2517	2632	2631
2517	2518	2633	2632
2518	2519	2634	2633
2519	2520	2635	2634
2520	2521	2636	2635
2521	2522	2637	2636
2522	2523	2638	2637
2523	2524	2639	2638
2524	2525	2640	2639
2525	2526	2641	2640
2526	2527	2642	2641
2527	2528	2643	2642
2528	2529	2644	2643
2530	2531	2646	2645
2531	2532	2647	2646
2532	2533	2648	2647
2533	2534	2649	2648
2534	2535	2650	2649
2535	2536	2651	2650
2536	2537	2652	2651
2537	2538	2653	2652
2538	2539	2654	2653
2539	2540	2655	2654
2540	2541	2656	2655
2541	2542	2657	2656
2542	2543	2658	2657
2543	2544	2659	2658
2544	2545	2660	2659
2545	2546	2661	2660
2546	2547	2662	2661
2547	2548	2663	2662
2548	2549	2664	2663
2549	2550	2665	2664
2550	2551	2666	2665
2551	2552	2667	2666
2552	2553	2668	2667
2553	2554	2669	2668
2554	2555	2670	2669
2555	2556	2671	2670
2556	2557	2672	2671
2557	2558	2673	2672
2558	2559	2674	2673
2559	2560	2675	2674
2560	2561	2676	2675
2561	2562	2677	2676
2562	2563	2678	2677
2563	2564	2679	2678
2564	2565	2680	2679
2565	2566	2681	2680
2566	2567	2682	2681
2567	2568	2683	2682
2568	2569	2684	2683
2569	2570	2685	2684
2570	2571	2686	2685
2571	2572	2687	2686
2572	2573	2688	2687
2573	2574	2689	2688
2574	2575	2690	2689
2575	2576	2691	2690
2576	2577	2692	2691
2577	2578	2693	2692
2578	2579	2694	2693
2579	2580	2695	2694
2580	2581	2696	2695
2581	2582	2697	2696
2582	2583	2698	2697
2583	2584	2699	2698
2584	2585	2700	2699
2585	2586	2701	2700
2586	2587	2702	2701
2587	2588	2703	2702
2588	2589	2704	2703
2589	2590	2705	2704
2590	2591	2706	2705
2591	2592	2707	2706
2592	2593	2708	2707
2593	2594	2709	2708
2594	2595	2710	2709
2595	2596	2711	2710
2596	2597	2712	2711
2597	2598	2713	2712
2598	2599	2714	2713
2599	2600	2715	2714
2600	2601	2716	2715
2601	2602	2717	2716
2602	2603	2718	2717
2603	2604	2719	2718
2604	2605	2720	2719
2605	2606	2721	2720
2606	2607	2722	2721
2607	2608	2723	2722
2608	2609	2724	2723
2609	2610	2725	2724
2610	2611	2726	2725
2611	2612	2727	2726
2612	2613	2728	2727
2613	2614	2729	2728
2614	2615	2730	2729
2615	2616	2731	2730
2616	2617	2732	2731
2617	2618	2733	2732
2618	2619	2734	2733
2619	2620	2735	2734
2620	2621	2736	2735
2621	2622	2737	2736
2622	2623	2738	2737
2623	2624	2739	2738
2624	2625	2740	2739
2625	2626	2741	2740
2626	2627	2742	2741
2627	2628	2743	2742
2628	2629	2744	2743
2629	2630	2745	2744
2630	2631	2746	2745
2631	2632	2747	2746
2632	2633	2748	2747
2633	2634	2749	2748
2634	2635	2750	2749
2635	2636	2751	2750
2636	2637	2752	2751
2637	2638	2753	2752
2638	2639	2754	2753
2639	2640	2755	2754
2640	2641	2756	2755
2641	2642	2757	2756
2642	2643	2758	2757
2643	2644	2759	2758
2645	2646	2761	2760
2646	2647	2762	2761
2647	2648	2763	2762
2648	2649	2764	2763
2649	2650	2765	2764
2650	2651	2766	2765
2651	2652	2767	2766
2652	2653	2768	2767
2653	2654	2769	2768
2654	2655	2770	2769
2655	2656	2771	2770
2656	2657	2772	2771
2657	2658	2773	2772
2658	2659	2774	2773
2659	2660	2775	2774
2660	2661	2776	2775
2661	2662	2777	2776
2662	2663	2778	2777
2663	2664	2779	2778
2664	2665	2780	2779
2665	2666	2781	2780
2666	2667	2782	2781
2667	2668	2783	2782
2668	2669	2784	2783
2669	2670	2785	2784
2670	2671	2786	2785
2671	2672	2787	2786
2672	2673	2788	2787
2673	2674	2789	2788
2674	2675	2790	2789
2675	2676	2791	2790
2676	2677	2792	2791
2677	2678	2793	2792
2678	2679	2794	2793
2679	2680	2795	2794
2680	2681	2796	2795
2681	2682	2797	2796
2682	2683	2798	2797
2683	2684	2799	2798
2684	2685	2800	2799
2685	2686	2801	2800
2686	2687	2802	2801
2687	2688	2803	2802
2688	2689	2804	2803
2689	2690	2805	2804
2690	2691	2806	2805
2691	2692	2807	2806
2692	2693	2808	2807
2693	2694	2809	2808
2694	2695	2810	2809
2695	2696	2811	2810
2696	2697	2812	2811
2697	2698	2813	2812
2698	2699	2814	2813
2699	2700	2815	2814
2700	2701	2816	2815
2701	2702	2817	2816
2702	2703	2818	2817
2703	2704	2819	2818
2704	2705	2820	2819
2705	2706	2821	2820
2706	2707	2822	2821
2707	2708	2823	2822
2708	2709	2824	2823
2709	2710	2825	2824
2710	2711	2826	2825
2711	2712	2827	2826
2712	2713	2828	2827
2713	2714	2829	2828
2714	2715	2830	2829
2715	2716	2831	2830
2716	2717	2832	2831
2717	2718	2833	2832
2718	2719	2834	2833
2719	2720	2835	2834
2720	2721	2836	2835
2721	2722	2837	2836
2722	2723	2838	2837
2723	2724	2839	2838
2724	2725	2840	2839
2725	2726	2841	2840
2726	2727	2842	2841
2727	2728	2843	2842
2728	2729	2844	2843
2729	2730	2845	2844
2730	2731	2846	2845
2731	2732	2847	2846
2732	2733	2848	2847
2733	2734	2849	2848
2734	2735	2850	2849
2735	2736	2851	2850
2736	2737	2852	2851
2737	2738	2853	2852
2738	2739	2854	2853
2739	2740	2855	2854
2740	2741	2856	2855
2741	2742	2857	2856
2742	2743	2858	2857
2743	2744	2859	2858
2744	2745	2860	2859
2745	2746	2861	2860
2746	2747	2862	2861
2747	2748	2863	2862
2748	2749	2864	2863
2749	2750	2865	2864
2750	2751	2866	2865
2751	2752	2867	2866
2752	2753	2868	2867
2753	2754	2869	2868
2754	2755	2870	2869
2755	2756	2871	2870
2756	2757	2872	2871
2757	2758	2873	2872
2758	2759	2874	2873
2760	2761	2876	2875
2761	2762	2877	2876
2762	2763	2878	2877
2763	2764	2879	2878
2764	2765	2880	2879
2765	2766	2881	2880
2766	2767	2882	2881
2767	2768	2883	2882
2768	2769	2884	2883
2769	2770	2885	2884
2770	2771	2886	2885
2771	2772	2887	2886
2772	2773	2888	2887
2773	2774	2889	2888
2774	2775	2890	2889
2775	2776	2891	2890
2776	2777	2892	2891
2777	2778	2893	2892
2778	2779	2894	2893
2779	2780	2895	2894
2780	2781	2896	2895
2781	2782	2897	2896
2782	2783	2898	2897
2783	2784	2899	2898
2784	2785	2900	2899
2785	2786	2901	2900
2786	2787	2902	2901
2787	2788	2903	2902
2788	2789	2904	2903
2789	2790	2905	2904
2790	2791	2906	2905
2791	2792	2907	2906
2792	2793	2908	2907
2793	2794	2909	2908
2794	2795	2910	2909
2795	2796	2911	2910
2796	2797	2912	2911
2797	2798	2913	2912
2798	2799	2914	2913
2799	2800	2915	2914
2800	2801	2916	2915
2801	2802	2917	2916
2802	2803	2918	2917
2803	2804	2919	2918
2804	2805	2920	2919
2805	2806	2921	2920
2806	2807	2922	2921
2807	2808	2923	2922
2808	2809	2924	2923
2809	2810	2925	2924
2810	2811	2926	2925
2811	2812	2927	2926
2812	2813	2928	2927
2813	2814	2929	2928
2814	2815	2930	2929
2815	2816	2931	2930
2816	2817	2932	2931
2817	2818	2933	2932
2818	2819	2934	2933
2819	2820	2935	2934
2820	2821	2936	2935
2821	2822	2937	2936
2822	2823	2938	2937
2823	2824	2939	2938
2824	2825	2940	2939
2825	2826	2941	2940
2826	2827	2942	2941
2827	2828	2943	2942
2828	2829	2944	2943
2829	2830	2945	2944
2830	2831	2946	2945
2831	2832	2947	2946
2832	2833	2948	2947
2833	2834	2949	2948
2834	2835	2950	2949
2835	2836	2951	2950
2836	2837	2952	2951
2837	2838	2953	2952
2838	2839	2954	2953
2839	2840	2955	2954
2840	2841	2956	2955
2841	2842	2957	2956
2842	2843	2958	2957
2843	2844	2959	2958
2844	2845	2960	2959
2845	2846	2961	2960
2846	2847	2962	2961
2847	2848	2963	2962
2848	2849	2964	2963
2849	2850	2965	2964
2850	2851	2966	2965
2851	2852	2967	2966
2852	2853	2968	2967
2853	2854	2969	2968
2854	2855	2970	2969
2855	2856	2971	2970
2856	2857	2972	2971
2857	2858	2973	2972
2858	2859	2974	2973
2859	2860	2975	2974
2860	2861	2976	2975
2861	2862	2977	2976
2862	2863	2978	2977
2863	2864	2979	2978
2864	2865	2980	2979
2865	2866	2981	2980
2866	2867	2982	2981
2867	2868	2983	2982
2868	2869	2984	2983
2869	2870	2985	2984
2870	2871	2986	2985
2871	2872	2987	2986
2872	2873	2988	2987
2873	2874	2989	2988
2875	2876	2991	2990
2876	2877	2992	2991
2877	2878	2993	2992
2878	2879	2994	2993
2879	2880	2995	2994
2880	2881	2996	2995
2881	2882	2997	2996
2882	2883	2998	2997
2883	2884	2999	2998
2884	2885	3000	2999
2885	2886	3001	3000
2886	2887	3002	3001
2887	2888	3003	3002
2888	2889	3004	3003
2889	2890	3005	3004
2890	2891	3006	3005
2891	2892	3007	3006
2892	2893	3008	3007
2893	2894	3009	3008
2894	2895	3010	3009
2895	2896	3011	3010
2896	2897	3012	3011
2897	2898	3013	3012
2898	2899	3014	3013
2899	2900	3015	3014
2900	2901	3016	3015
2901	2902	3017	3016
2902	2903	3018	3017
2903	2904	3019	3018
2904	2905	3020	3019
2905	2906	3021	3020
2906	2907	3022	3021
2907	2908	3023	3022
2908	2909	3024	3023
2909	2910	3025	3024
2910	2911	3026	3025
2911	2912	3027	3026
2912	2913	3028	3027
2913	2914	3029	3028
2914	2915	3030	3029
2915	2916	3031	3030
2916	2917	3032	3031
2917	2918	3033	3032
2918	2919	3034	3033
2919	2920	3035	3034
2920	2921	3036	3035
2921	2922	3037	3036
2922	2923	3038	3037
2923	2924	3039	3038
2924	2925	3040	3039
2925	2926	3041	3040
2926	2927	3042	3041
2927	2928	3043	3042
2928	2929	3044	3043
2929	2930	3045	3044
2930	2931	3046	3045
2931	2932	3047	3046
2932	2933	3048	3047
2933	2934	3049	3048
2934	2935	3050	3049
2935	2936	3051	3050
2936	2937	3052	3051
2937	2938	3053	3052
2938	2939	3054	3053
2939	2940	3055	3054
2940	2941	3056	3055
2941	2942	3057	3056
2942	2943	3058	3057
2943	2944	3059	3058
2944	2945	3060	3059
2945	2946	3061	3060
2946	2947	3062	3061
2947	2948	3063	3062
2948	2949	3064	3063
2949	2950	3065	3064
2950	2951	3066	3065
2951	2952	3067	3066
2952	2953	3068	3067
2953	2954	3069	3068
2954	2955	3070	3069
2955	2956	3071	3070
2956	2957	3072	3071
2957	2958	3073	3072
2958	2959	3074	3073
2959	2960	3075	3074
2960	2961	3076	3075
2961	2962	3077	3076
2962	2963	3078	3077
2963	2964	3079	3078
2964	2965	3080	3079
2965	2966	3081	3080
2966	2967	3082	3081
2967	2968	3083	3082
2968	2969	3084	3083
2969	2970	3085	3084
2970	2971	3086	3085
2971	2972	3087	3086
2972	2973	3088	3087
2973	2974	3089	3088
2974	2975	3090	3089
2975	2976	3091	3090
2976	2977	3092	3091
2977	2978	3093	3092
2978	2979	3094	3093
2979	2980	3095	3094
2980	2981	3096	3095
2981	2982	3097	3096
2982	2983	3098	3097
2983	2984	3099	3098
2984	2985	3100	3099
2985	2986	3101	3100
2986	2987	3102	3101
2987	2988	3103	3102
2988	2989	3104	3103
2990	2991	3106	3105
2991	2992	3107	3106
2992	2993	3108	3107
2993	2994	3109	3108
2994	2995	3110	3109
2995	2996	3111	3110
2996	2997	3112	3111
2997	2998	3113	3112
2998	2999	3114	3113
2999	3000	3115	3114
3000	3001	3116	3115
3001	3002	3117	3116
3002	3003	3118	3117
3003	3004	3119	3118
3004	3005	3120	3119
3005	3006	3121	3120
3006	3007	3122	3121
3007	3008	3123	3122
3008	3009	3124	3123
3009	3010	3125	3124
3010	3011	3126	3125
3011	3012	3127	3126
3012	3013	3128	3127
3013	3014	3129	3128
3014	3015	3130	3129
3015	3016	3131	3130
3016	3017	3132	3131
3017	3018	3133	3132
3018	3019	3134	3133
3019	3020	3135	3134
3020	3021	3136	3135
3021	3022	3137	3136
3022	3023	3138	3137
3023	3024	3139	3138
3024	3025	3140	3139
3025	3026	3141	3140
3026	3027	3142	3141
3027	3028	3143	3142
3028	3029	3144	3143
3029	3030	3145	3144
3030	3031	3146	3145
3031	3032	3147	3146
3032	3033	3148	3147
3033	3034	3149	3148
3034	3035	3150	3149
3035	3036	3151	3150
3036	3037	3152	3151
3037	3038	3153	3152
3038	3039	3154	3153
3039	3040	3155	3154
3040	3041	3156	3155
3041	3042	3157	3156
3042	3043	3158	3157
3043	3044	3159	3158
3044	3045	3160	3159
3045	3046	3161	3160
3046	3047	3162	3161
3047	3048	3163	3162
3048	3049	3164	3163
3049	3050	3165	3164
3050	3051	3166	3165
3051	3052	3167	3166
3052	3053	3168	3167
3053	3054	3169	3168
3054	3055	3170	3169
3055	3056	3171	3170
3056	3057	3172	3171
3057	3058	3173	3172
3058	3059	3174	3173
3059	3060	3175	3174
3060	3061	3176	3175
3061	3062	3177	3176
3062	3063	3178	3177
3063	3064	3179	3178
3064	3065	3180	3179
3065	3066	3181	3180
3066	3067	3182	3181
3067	3068	3183	3182
3068	3069	3184	3183
3069	3070	3185	3184
3070	3071	3186	3185
3071	3072	3187	3186
3072	3073	3188	3187
3073	3074	3189	3188
3074	3075	3190	3189
3075	3076	3191	3190
3076	3077	3192	3191
3077	3078	3193	3192
3078	3079	3194	3193
3079	3080	3195	3194
3080	3081	3196	3195
3081	3082	3197	3196
3082	3083	3198	3197
3083	3084	3199	3198
3084	3085	3200	3199
3085	3086	3201	3200
3086	3087	3202	3201
3087	3088	3203	3202
3088	3089	3204	3203
3089	3090	3205	3204
3090	3091	3206	3205
3091	3092	3207	3206
3092	3093	3208	3207
3093	3094	3209	3208
3094	3095	3210	3209
3095	3096	3211	3210
3096	3097	3212	3211
3097	3098	3213	3212
3098	3099	3214	3213
3099	3100	3215	3214
3100	3101	3216	3215
3101	3102	3217	3216
3102	3103	3218	3217
3103	3104	3219	3218
3105	3106	3221	3220
3106	3107	3222	3221
3107	3108	3223	3222
3108	3109	3224	3223
3109	3110	3225	3224
3110	3111	3226	3225
3111	3112	3227	3226
3112	3113	3228	3227
3113	3114	3229	3228
3114	3115	3230	3229
3115	3116	3231	3230
3116	3117	3232	3231
3117	3118	3233	3232
3118	3119	3234	3233
3119	3120	3235	3234
3120	3121	3236	3235
3121	3122	3237	3236
3122	3123	3238	3237
3123	3124	3239	3238
3124	3125	3240	3239
3125	3126	3241	3240
3126	3127	3242	3241
3127	3128	3243	3242
3128	3129	3244	3243
3129	3130	3245	3244
3130	3131	3246	3245
3131	3132	3247	3246
3132	3133	3248	3247
3133	3134	3249	3248
3134	3135	3250	3249
3135	3136	3251	3250
3136	3137	3252	3251
3137	3138	3253	3252
3138	3139	3254	3253
3139	3140	3255	3254
3140	3141	3256	3255
3141	3142	3257	3256
3142	3143	3258	3257
3143	3144	3259	3258
3144	3145	3260	3259
3145	3146	3261	3260
3146	3147	3262	3261
3147	3148	3263	3262
3148	3149	3264	3263
3149	3150	3265	3264
3150	3151	3266	3265
3151	3152	3267	3266
3152	3153	3268	3267
3153	3154	3269	3268
3154	3155	3270	3269
3155	3156	3271	3270
3156	3157	3272	3271
3157	3158	3273	3272
3158	3159	3274	3273
3159	3160	3275	3274
3160	3161	3276	3275
3161	3162	3277	3276
3162	3163	3278	3277
3163	3164	3279	3278
3164	3165	3280	3279
3165	3166	3281	3280
3166	3167	3282	3281
3167	3168	3283	3282
3168	3169	3284	3283
3169	3170	3285	3284
3170	3171	3286	3285
3171	3172	3287	3286
3172	3173	3288	3287
3173	3174	3289	3288
3174	3175	3290	3289
3175	3176	3291	3290
3176	3177	3292	3291
3177	3178	3293	3292
3178	3179	3294	3293
3179	3180	3295	3294
3180	3181	3296	3295
3181	3182	3297	3296
3182	3183	3298	3297
3183	3184	3299	3298
3184	3185	3300	3299
3185	3186	3301	3300
3186	3187	3302	3301
3187	3188	3303	3302
3188	3189	3304	3303
3189	3190	3305	3304
3190	3191	3306	3305
3191	3192	3307	3306
3192	3193	3308	3307
3193	3194	3309	3308
3194	3195	3310	3309
3195	3196	3311	3310
3196	3197	3312	3311
3197	3198	3313	3312
3198	3199	3314	3313
3199	3200	3315	3314
3200	3201	3316	3315
3201	3202	3317	3316
3202	3203	3318	3317
3203	3204	3319	3318
3204	3205	3320	3319
3205	3206	3321	3320
3206	3207	3322	3321
3207	3208	3323	3322
3208	3209	3324	3323
3209	3210	3325	3324
3210	3211	3326	3325
3211	3212	3327	3326
3212	3213	3328	3327
3213	3214	3329	3328
3214	3215	3330	3329
3215	3216	3331	3330
3216	3217	3332	3331
3217	3218	3333	3332
3218	3219	3334	3333
3220	3221	3336	3335
3221	3222	3337	3336
3222	3223	3338	3337
3223	3224	3339	3338
3224	3225	3340	3339
3225	3226	3341	3340
3226	3227	3342	3341
3227	3228	3343	3342
3228	3229	3344	3343
3229	3230	3345	3344
3230	3231	3346	3345
3231	3232	3347	3346
3232	3233	3348	3347
3233	3234	3349	3348
3234	3235	3350	3349
3235	3236	3351	3350
3236	3237	3352	3351
3237	3238	3353	3352
3238	3239	3354	3353
3239	3240	3355	3354
3240	3241	3356	3355
3241	3242	3357	3356
3242	3243	3358	3357
3243	3244	3359	3358
3244	3245	3360	3359
3245	3246	3361	3360
3246	3247	3362	3361
3247	3248	3363	3362
3248	3249	3364	3363
3249	3250	3365	3364
3250	3251	3366	3365
3251	3252	3367	3366
3252	3253	3368	3367
3253	3254	3369	3368
3254	3255	3370	3369
3255	3256	3371	3370
3256	3257	3372	3371
3257	3258	3373	3372
3258	3259	3374	3373
3259	3260	3375	3374
3260	3261	3376	3375
3261	3262	3377	3376
3262	3263	3378	3377
3263	3264	3379	3378
3264	3265	3380	3379
3265	3266	3381	3380
3266	3267	3382	3381
3267	3268	3383	3382
3268	3269	3384	3383
3269	3270	3385	3384
3270	3271	3386	3385
3271	3272	3387	3386
3272	3273	3388	3387
3273	3274	3389	3388
3274	3275	3390	3389
3275	3276	3391	3390
3276	3277	3392	3391
3277	3278	3393	3392
3278	3279	3394	3393
3279	3280	3395	3394
3280	3281	3396	3395
3281	3282	3397	3396
3282	3283	3398	3397
3283	3284	3399	3398
3284	3285	3400	3399
3285	3286	3401	3400
3286	3287	3402	3401
3287	3288	3403	3402
3288	3289	3404	3403
3289	3290	3405	3404
3290	3291	3406	3405
3291	3292	3407	3406
3292	3293	3408	3407
3293	3294	3409	3408
3294	3295	3410	3409
3295	3296	3411	3410
3296	3297	3412	3411
3297	3298	3413	3412
3298	3299	3414	3413
3299	3300	3415	3414
3300	3301	3416	3415
3301	3302	3417	3416
3302	3303	3418	3417
3303	3304	3419	3418
3304	3305	3420	3419
3305	3306	3421	3420
3306	3307	3422	3421
3307	3308	3423	3422
3308	3309	3424	3423
3309	3310	3425	3424
3310	3311	3426	3425
3311	3312	3427	3426
3312	3313	3428	3427
3313	3314	3429	3428
3314	3315	3430	3429
3315	3316	3431	3430
3316	3317	3432	3431
3317	3318	3433	3432
3318	3319	3434	3433
3319	3320	3435	3434
3320	3321	3436	3435
3321	3322	3437	3436
3322	3323	3438	3437
3323	3324	3439	3438
3324	3325	3440	3439
3325	3326	3441	3440
3326	3327	3442	3441
3327	3328	3443	3442
3328	3329	3444	3443
3329	3330	3445	3444
3330	3331	3446	3445
3331	3332	3447	3446
3332	3333	3448	3447
3333	3334	3449	3448
3335	3336	3451	3450
3336	3337	3452	3451
3337	3338	3453	3452
3338	3339	3454	3453
3339	3340	3455	3454
3340	3341	3456	3455
3341	3342	3457	3456
3342	3343	3458	3457
3343	3344	3459	3458
3344	3345	3460	3459
3345	3346	3461	3460
3346	3347	3462	3461
3347	3348	3463	3462
3348	3349	3464	3463
3349	3350	3465	3464
3350	3351	3466	3465
3351	3352	3467	3466
3352	3353	3468	3467
3353	3354	3469	3468
3354	3355	3470	3469
3355	3356	3471	3470
3356	3357	3472	3471
3357	3358	3473	3472
3358	3359	3474	3473
3359	3360	3475	3474
3360	3361	3476	3475
3361	3362	3477	3476
3362	3363	3478	3477
3363	3364	3479	3478
3364	3365	3480	3479
3365	3366	3481	3480
3366	3367	3482	3481
3367	3368	3483	3482
3368	3369	3484	3483
3369	3370	3485	3484
3370	3371	3486	3485
3371	3372	3487	3486
3372	3373	3488	3487
3373	3374	3489	3488
3374	3375	3490	3489
3375	3376	3491	3490
3376	3377	3492	3491
3377	3378	3493	3492
3378	3379	3494	3493
3379	3380	3495	3494
3380	3381	3496	3495
3381	3382	3497	3496
3382	3383	3498	3497
3383	3384	3499	3498
3384	3385	3500	3499
3385	3386	3501	3500
3386	3387	3502	3501
3387	3388	3503	3502
3388	3389	3504	3503
3389	3390	3505	3504
3390	3391	3506	3505
3391	3392	3507	3506
3392	3393	3508	3507
3393	3394	3509	3508
3394	3395	3510	3509
3395	3396	3511	3510
3396	3397	3512	3511
3397	3398	3513	3512
3398	3399	3514	3513
3399	3400	3515	3514
3400	3401	3516	3515
3401	3402	3517	3516
3402	3403	3518	3517
3403	3404	3519	3518
3404	3405	3520	3519
3405	3406	3521	3520
3406	3407	3522	3521
3407	3408	3523	3522
3408	3409	3524	3523
3409	3410	3525	3524
3410	3411	3526	3525
3411	3412	3527	3526
3412	3413	3528	3527
3413	3414	3529	3528
3414	3415	3530	3529
3415	3416	3531	3530
3416	3417	3532	3531
3417	3418	3533	3532
3418	3419	3534	3533
3419	3420	3535	3534
3420	3421	3536	3535
3421	3422	3537	3536
3422	3423	3538	3537
3423	3424	3539	3538
3424	3425	3540	3539
3425	3426	3541	3540
3426	3427	3542	3541
3427	3428	3543	3542
3428	3429	3544	3543
3429	3430	3545	3544
3430	3431	3546	3545
3431	3432	3547	3546
3432	3433	3548	3547
3433	3434	3549	3548
3434	3435	3550	3549
3435	3436	3551	3550
3436	3437	3552	3551
3437	3438	3553	3552
3438	3439	3554	3553
3439	3440	3555	3554
3440	3441	3556	3555
3441	3442	3557	3556
3442	3443	3558	3557
3443	3444	3559	3558
3444	3445	3560	3559
3445	3446	3561	3560
3446	3447	3562	3561
3447	3448	3563	3562
3448	3449	3564	3563
3450	3451	3566	3565
3451	3452	3567	3566
3452	3453	3568	3567
3453	3454	3569	3568
3454	3455	3570	3569
3455	3456	3571	3570
3456	3457	3572	3571
3457	3458	3573	3572
3458	3459	3574	3573
3459	3460	3575	3574
3460	3461	3576	3575
3461	3462	3577	3576
3462	3463	3578	3577
3463	3464	3579	3578
3464	3465	3580	3579
3465	3466	3581	3580
3466	3467	3582	3581
3467	3468	3583	3582
3468	3469	3584	3583
3469	3470	3585	3584
3470	3471	3586	3585
3471	3472	3587	3586
3472	3473	3588	3587
3473	3474	3589	3588
3474	3475	3590	3589
3475	3476	3591	3590
3476	3477	3592	3591
3477	3478	3593	3592
3478	3479	3594	3593
3479	3480	3595	3594
3480	3481	3596	3595
3481	3482	3597	3596
3482	3483	3598	3597
3483	3484	3599	3598
3484	3485	3600	3599
3485	3486	3601	3600
3486	3487	3602	3601
3487	3488	3603	3602
3488	3489	3604	3603
3489	3490	3605	3604
3490	3491	3606	3605
3491	3492	3607	3606
3492	3493	3608	3607
3493	3494	3609	3608
3494	3495	3610	3609
3495	3496	3611	3610
3496	3497	3612	3611
3497	3498	3613	3612
3498	3499	3614	3613
3499	3500	3615	3614
3500	3501	3616	3615
3501	3502	3617	3616
3502	3503	3618	3617
3503	3504	3619	3618
3504	3505	3620	3619
3505	3506	3621	3620
3506	3507	3622	3621
3507	3508	3623	3622
3508	3509	3624	3623
3509	3510	3625	3624
3510	3511	3626	3625
3511	3512	3627	3626
3512	3513	3628	3627
3513	3514	3629	3628
3514	3515	3630	3629
3515	3516	3631	3630
3516	3517	3632	3631
3517	3518	3633	3632
3518	3519	3634	3633
3519	3520	3635	3634
3520	3521	3636	3635
3521	3522	3637	3636
3522	3523	3638	3637
3523	3524	3639	3638
3524	3525	3640	3639
3525	3526	3641	3640
3526	3527	3642	3641
3527	3528	3643	3642
3528	3529	3644	3643
3529	3530	3645	3644
3530	3531	3646	3645
3531	3532	3647	3646
3532	3533	3648	3647
3533	3534	3649	3648
3534	3535	3650	3649
3535	3536	3651	3650
3536	3537	3652	3651
3537	3538	3653	3652
3538	3539	3654	3653
3539	3540	3655	3654
3540	3541	3656	3655
3541	3542	3657	3656
3542	3543	3658	3657
3543	3544	3659	3658
3544	3545	3660	3659
3545	3546	3661	3660
3546	3547	3662	3661
3547	3548	3663	3662
3548	3549	3664	3663
3549	3550	3665	3664
3550	3551	3666	3665
3551	3552	3667	3666
3552	3553	3668	3667
3553	3554	3669	3668
3554	3555	3670	3669
3555	3556	3671	3670
3556	3557	3672	3671
3557	3558	3673	3672
3558	3559	3674	3673
3559	3560	3675	3674
3560	3561	3676	3675
3561	3562	3677	3676
3562	3563	3678	3677
3563	3564	3679	3678
3565	3566	3681	3680
3566	3567	3682	3681
3567	3568	3683	3682
3568	3569	3684	3683
3569	3570	3685	3684
3570	3571	3686	3685
3571	3572	3687	3686
3572	3573	3688	3687
3573	3574	3689	3688
3574	3575	3690	3689
3575	3576	3691	3690
3576	3577	3692	3691
3577	3578	3693	3692
3578	3579	3694	3693
3579	3580	3695	3694
3580	3581	3696	3695
3581	3582	3697	3696
3582	3583	3698	3697
3583	3584	3699	3698
3584	3585	3700	3699
3585	3586	3701	3700
3586	3587	3702	3701
3587	3588	3703	3702
3588	3589	3704	3703
3589	3590	3705	3704
3590	3591	3706	3705
3591	3592	3707	3706
3592	3593	3708	3707
3593	3594	3709	3708
3594	3595	3710	3709
3595	3596	3711	3710
3596	3597	3712	3711
3597	3598	3713	3712
3598	3599	3714	3713
3599	3600	3715	3714
3600	3601	3716	3715
3601	3602	3717	3716
3602	3603	3718	3717
3603	3604	3719	3718
3604	3605	3720	3719
3605	3606	3721	3720
3606	3607	3722	3721
3607	3608	3723	3722
3608	3609	3724	3723
3609	3610	3725	3724
3610	3611	3726	3725
3611	3612	3727	3726
3612	3613	3728	3727
3613	3614	3729	3728
3614	3615	3730	3729
3615	3616	3731	3730
3616	3617	3732	3731
3617	3618	3733	3732
3618	3619	3734	3733
3619	3620	3735	3734
3620	3621	3736	3735
3621	3622	3737	3736
3622	3623	3738	3737
3623	3624	3739	3738
3624	3625	3740	3739
3625	3626	3741	3740
3626	3627	3742	3741
3627	3628	3743	3742
3628	3629	3744	3743
3629	3630	3745	3744
3630	3631	3746	3745
3631	3632	3747	3746
3632	3633	3748	3747
3633	3634	3749	3748
3634	3635	3750	3749
3635	3636	3751	3750
3636	3637	3752	3751
3637	3638	3753	3752
3638	3639	3754	3753
3639	3640	3755	3754
3640	3641	3756	3755
3641	3642	3757	3756
3642	3643	3758	3757
3643	3644	3759	3758
3644	3645	3760	3759
3645	3646	3761	3760
3646	3647	3762	3761
3647	3648	3763	3762
3648	3649	3764	3763
3649	3650	3765	3764
3650	3651	3766	3765
3651	3652	3767	3766
3652	3653	3768	3767
3653	3654	3769	3768
3654	3655	3770	3769
3655	3656	3771	3770
3656	3657	3772	3771
3657	3658	3773	3772
3658	3659	3774	3773
3659	3660	3775	3774
3660	3661	3776	3775
3661	3662	3777	3776
3662	3663	3778	3777
3663	3664	3779	3778
3664	3665	3780	3779
3665	3666	3781	3780
3666	3667	3782	3781
3667	3668	3783	3782
3668	3669	3784	3783
3669	3670	3785	3784
3670	3671	3786	3785
3671	3672	3787	3786
3672	3673	3788	3787
3673	3674	3789	3788
3674	3675	3790	3789
3675	3676	3791	3790
3676	3677	3792	3791
3677	3678	3793	3792
3678	3679	3794	3793
3680	3681	3796	3795
3681	3682	3797	3796
3682	3683	3798	3797
3683	3684	3799	3798
3684	3685	3800	3799
3685	3686	3801	3800
3686	3687	3802	3801
3687	3688	3803	3802
3688	3689	3804	3803
3689	3690	3805	3804
3690	3691	3806	3805
3691	3692	3807	3806
3692	3693	3808	3807
3693	3694	3809	3808
3694	3695	3810	3809
3695	3696	3811	3810
3696	3697	3812	3811
3697	3698	3813	3812
3698	3699	3814	3813
3699	3700	3815	3814
3700	3701	3816	3815
3701	3702	3817	3816
3702	3703	3818	3817
3703	3704	3819	3818
3704	3705	3820	3819
3705	3706	3821	3820
3706	3707	3822	3821
3707	3708	3823	3822
3708	3709	3824	3823
3709	3710	3825	3824
3710	3711	3826	3825
3711	3712	3827	3826
3712	3713	3828	3827
3713	3714	3829	3828
3714	3715	3830	3829
3715	3716	3831	3830
3716	3717	3832	3831
3717	3718	3833	3832
3718	3719	3834	3833
3719	3720	3835	3834
3720	3721	3836	3835
3721	3722	3837	3836
3722	3723	3838	3837
3723	3724	3839	3838
3724	3725	3840	3839
3725	3726	3841	3840
3726	3727	3842	3841
3727	3728	3843	3842
3728	3729	3844	3843
3729	3730	3845	3844
3730	3731	3846	3845
3731	3732	3847	3846
3732	3733	3848	3847
3733	3734	3849	3848
3734	3735	3850	3849
3735	3736	3851	3850
3736	3737	3852	3851
3737	3738	3853	3852
3738	3739	3854	3853
3739	3740	3855	3854
3740	3741	3856	3855
3741	3742	3857	3856
3742	3743	3858	3857
3743	3744	3859	3858
3744	3745	3860	3859
3745	3746	3861	3860
3746	3747	3862	3861
3747	3748	3863	3862
3748	3749	3864	3863
3749	3750	3865	3864
3750	3751	3866	3865
3751	3752	3867	3866
3752	3753	3868	3867
3753	3754	3869	3868
3754	3755	3870	3869
3755	3756	3871	3870
3756	3757	3872	3871
3757	3758	3873	3872
3758	3759	3874	3873
3759	3760	3875	3874
3760	3761	3876	3875
3761	3762	3877	3876
3762	3763	3878	3877
3763	3764	3879	3878
3764	3765	3880	3879
3765	3766	3881	3880
3766	3767	3882	3881
3767	3768	3883	3882
3768	3769	3884	3883
3769	3770	3885	3884
3770	3771	3886	3885
3771	3772	3887	3886
3772	3773	3888	3887
3773	3774	3889	3888
3774	3775	3890	3889
3775	3776	3891	3890
3776	3777	3892	3891
3777	3778	3893	3892
3778	3779	3894	3893
3779	3780	3895	3894
3780	3781	3896	3895
3781	3782	3897	3896
3782	3783	3898	3897
3783	3784	3899	3898
3784	3785	3900	3899
3785	3786	3901	3900
3786	3787	3902	3901
3787	3788	3903	3902
3788	3789	3904	3903
3789	3790	3905	3904
3790	3791	3906	3905
3791	3792	3907	3906
3792	3793	3908	3907
3793	3794	3909	3908
3795	3796	3911	3910
3796	3797	3912	3911
3797	3798	3913	3912
3798	3799	3914	3913
3799	3800	3915	3914
3800	3801	3916	3915
3801	3802	3917	3916
3802	3803	3918	3917
3803	3804	3919	3918
3804	3805	3920	3919
3805	3806	3921	3920
3806	3807	3922	3921
3807	3808	3923	3922
3808	3809	3924	3923
3809	3810	3925	3924
3810	3811	3926	3925
3811	3812	3927	3926
3812	3813	3928	3927
3813	3814	3929	3928
3814	3815	3930	3929
3815	3816	3931	3930
3816	3817	3932	3931
3817	3818	3933	3932
3818	3819	3934	3933
3819	3820	3935	3934
3820	3821	3936	3935
3821	3822	3937	3936
3822	3823	3938	3937
3823	3824	3939	3938
3824	3825	3940	3939
3825	3826	3941	3940
3826	3827	3942	3941
3827	3828	3943	3942
3828	3829	3944	3943
3829	3830	3945	3944
3830	3831	3946	3945
3831	3832	3947	3946
3832	3833	3948	3947
3833	3834	3949	3948
3834	3835	3950	3949
3835	3836	3951	3950
3836	3837	3952	3951
3837	3838	3953	3952
3838	3839	3954	3953
3839	3840	3955	3954
3840	3841	3956	3955
3841	3842	3957	3956
3842	3843	3958	3957
3843	3844	3959	3958
3844	3845	3960	3959
3845	3846	3961	3960
3846	3847	3962	3961
3847	3848	3963	3962
3848	3849	3964	3963
3849	3850	3965	3964
3850	3851	3966	3965
3851	3852	3967	3966
3852	3853	3968	3967
3853	3854	3969	3968
3854	3855	3970	3969
3855	3856	3971	3970
3856	3857	3972	3971
3857	3858	3973	3972
3858	3859	3974	3973
3859	3860	3975	3974
3860	3861	3976	3975
3861	3862	3977	3976
3862	3863	3978	3977
3863	3864	3979	3978
3864	3865	3980	3979
3865	3866	3981	3980
3866	3867	3982	3981
3867	3868	3983	3982
3868	3869	3984	3983
3869	3870	3985	3984
3870	3871	3986	3985
3871	3872	3987	3986
3872	3873	3988	3987
3873	3874	3989	3988
3874	3875	3990	3989
3875	3876	3991	3990
3876	3877	3992	3991
3877	3878	3993	3992
3878	3879	3994	3993
3879	3880	3995	3994
3880	3881	3996	3995
3881	3882	3997	3996
3882	3883	3998	3997
3883	3884	3999	3998
3884	3885	4000	3999
3885	3886	4001	4000
3886	3887	4002	4001
3887	3888	4003	4002
3888	3889	4004	4003
3889	3890	4005	4004
3890	3891	4006	4005
3891	3892	4007	4006
3892	3893	4008	4007
3893	3894	4009	4008
3894	3895	4010	4009
3895	3896	4011	4010
3896	3897	4012	4011
3897	3898	4013	4012
3898	3899	4014	4013
3899	3900	4015	4014
3900	3901	4016	4015
3901	3902	4017	4016
3902	3903	4018	4017
3903	3904	4019	4018
3904	3905	4020	4019
3905	3906	4021	4020
3906	3907	4022	4021
3907	3908	4023	4022
3908	3909	4024	4023
3910	3911	4026	4025
3911	3912	4027	4026
3912	3913	4028	4027
3913	3914	4029	4028
3914	3915	4030	4029
3915	3916	4031	4030
3916	3917	4032	4031
3917	3918	4033	4032
3918	3919	4034	4033
3919	3920	4035	4034
3920	3921	4036	4035
3921	3922	4037	4036
3922	3923	4038	4037
3923	3924	4039	4038
3924	3925	4040	4039
3925	3926	4041	4040
3926	3927	4042	4041
3927	3928	4043	4042
3928	3929	4044	4043
3929	3930	4045	4044
3930	3931	4046	4045
3931	3932	4047	4046
3932	3933	4048	4047
3933	3934	4049	4048
3934	3935	4050	4049
3935	3936	4051	4050
3936	3937	4052	4051
3937	3938	4053	4052
3938	3939	4054	4053
3939	3940	4055	4054
3940	3941	4056	4055
3941	3942	4057	4056
3942	3943	4058	4057
3943	3944	4059	4058
3944	3945	4060	4059
3945	3946	4061	4060
3946	3947	4062	4061
3947	3948	4063	4062
3948	3949	4064	4063
3949	3950	4065	4064
3950	3951	4066	4065
3951	3952	4067	4066
3952	3953	4068	4067
3953	3954	4069	4068
3954	3955	4070	4069
3955	3956	4071	4070
3956	3957	4072	4071
3957	3958	4073	4072
3958	3959	4074	4073
3959	3960	4075	4074
3960	3961	4076	4075
3961	3962	4077	4076
3962	3963	4078	4077
3963	3964	4079	4078
3964	3965	4080	4079
3965	3966	4081	4080
3966	3967	4082	4081
3967	3968	4083	4082
3968	3969	4084	4083
3969	3970	4085	4084
3970	3971	4086	4085
3971	3972	4087	4086
3972	3973	4088	4087
3973	3974	4089	4088
3974	3975	4090	4089
3975	3976	4091	4090
3976	3977	4092	4091
3977	3978	4093	4092
3978	3979	4094	4093
3979	3980	4095	4094
3980	3981	4096	4095
3981	3982	4097	4096
3982	3983	4098	4097
3983	3984	4099	4098
3984	3985	4100	4099
3985	3986	4101	4100
3986	3987	4102	4101
3987	3988	4103	4102
3988	3989	4104	4103
3989	3990	4105	4104
3990	3991	4106	4105
3991	3992	4107	4106
3992	3993	4108	4107
3993	3994	4109	4108
3994	3995	4110	4109
3995	3996	4111	4110
3996	3997	4112	4111
3997	3998	4113	4112
3998	3999	4114	4113
3999	4000	4115	4114
4000	4001	4116	4115
4001	4002	4117	4116
4002	4003	4118	4117
4003	4004	4119	4118
4004	4005	4120	4119
4005	4006	4121	4120
4006	4007	4122	4121
4007	4008	4123	4122
4008	4009	4124	4123
4009	4010	4125	4124
4010	4011	4126	4125
4011	4012	4127	4126
4012	4013	4128	4127
4013	4014	4129	4128
4014	4015	4130	4129
4015	4016	4131	4130
4016	4017	4132	4131
4017	4018	4133	4132
4018	4019	4134	4133
4019	4020	4135	4134
4020	4021	4136	4135
4021	4022	4137	4136
4022	4023	4138	4137
4023	4024	4139	4138
4025	4026	4141	4140
4026	4027	4142	4141
4027	4028	4143	4142
4028	4029	4144	4143
4029	4030	4145	4144
4030	4031	4146	4145
4031	4032	4147	4146
4032	4033	4148	4147
4033	4034	4149	4148
4034	4035	4150	4149
4035	4036	4151	4150
4036	4037	4152	4151
4037	4038	4153	4152
4038	4039	4154	4153
4039	4040	4155	4154
4040	4041	4156	4155
4041	4042	4157	4156
4042	4043	4158	4157
4043	4044	4159	4158
4044	4045	4160	4159
4045	4046	4161	4160
4046	4047	4162	4161
4047	4048	4163	4162
4048	4049	4164	4163
4049	4050	4165	4164
4050	4051	4166	4165
4051	4052	4167	4166
4052	4053	4168	4167
4053	4054	4169	4168
4054	4055	4170	4169
4055	4056	4171	4170
4056	4057	4172	4171
4057	4058	4173	4172
4058	4059	4174	4173
4059	4060	4175	4174
4060	4061	4176	4175
4061	4062	4177	4176
4062	4063	4178	4177
4063	4064	4179	4178
4064	4065	4180	4179
4065	4066	4181	4180
4066	4067	4182	4181
4067	4068	4183	4182
4068	4069	4184	4183
4069	4070	4185	4184
4070	4071	4186	4185
4071	4072	4187	4186
4072	4073	4188	4187
4073	4074	4189	4188
4074	4075	4190	4189
4075	4076	4191	4190
4076	4077	4192	4191
4077	4078	4193	4192
4078	4079	4194	4193
4079	4080	4195	4194
4080	4081	4196	4195
4081	4082	4197	4196
4082	4083	4198	4197
4083	4084	4199	4198
4084	4085	4200	4199
4085	4086	4201	4200
4086	4087	4202	4201
4087	4088	4203	4202
4088	4089	4204	4203
4089	4090	4205	4204
4090	4091	4206	4205
4091	4092	4207	4206
4092	4093	4208	4207
4093	4094	4209	4208
4094	4095	4210	4209
4095	4096	4211	4210
4096	4097	4212	4211
4097	4098	4213	4212
4098	4099	4214	4213
4099	4100	4215	4214
4100	4101	4216	4215
4101	4102	4217	4216
4102	4103	4218	4217
4103	4104	4219	4218
4104	4105	4220	4219
4105	4106	4221	4220
4106	4107	4222	4221
4107	4108	4223	4222
4108	4109	4224	4223
4109	4110	4225	4224
4110	4111	4226	4225
4111	4112	4227	4226
4112	4113	4228	4227
4113	4114	4229	4228
4114	4115	4230	4229
4115	4116	4231	4230
4116	4117	4232	4231
4117	4118	4233	4232
4118	4119	4234	4233
4119	4120	4235	4234
4120	4121	4236	4235
4121	4122	4237	4236
4122	4123	4238	4237
4123	4124	4239	4238
4124	4125	4240	4239
4125	4126	4241	4240
4126	4127	4242	4241
4127	4128	4243	4242
4128	4129	4244	4243
4129	4130	4245	4244
4130	4131	4246	4245
4131	4132	4247	4246
4132	4133	4248	4247
4133	4134	4249	4248
4134	4135	4250	4249
4135	4136	4251	4250
4136	4137	4252	4251
4137	4138	4253	4252
4138	4139	4254	4253
