#! elementShape quadrilateral
#! elementNumPoints 4
3410	3270
0.000000	0.000000
2.000000	0.000000
4.000000	0.000000
6.000000	0.000000
8.000000	0.000000
10.000000	0.000000
12.000000	0.000000
14.000000	0.000000
16.000000	0.000000
18.000000	0.000000
20.000000	0.000000
22.000000	0.000000
24.000000	0.000000
26.000000	0.000000
28.000000	0.000000
30.000000	0.000000
32.000000	0.000000
34.000000	0.000000
36.000000	0.000000
38.000000	0.000000
40.000000	0.000000
42.000000	0.000000
44.000000	0.000000
46.000000	0.000000
48.000000	0.000000
50.000000	0.000000
52.000000	0.000000
54.000000	0.000000
56.000000	0.000000
58.000000	0.000000
60.000000	0.000000
62.000000	0.000000
64.000000	0.000000
66.000000	0.000000
68.000000	0.000000
70.000000	0.000000
72.000000	0.000000
74.000000	0.000000
76.000000	0.000000
78.000000	0.000000
80.000000	0.000000
82.000000	0.000000
84.000000	0.000000
86.000000	0.000000
88.000000	0.000000
90.000000	0.000000
92.000000	0.000000
94.000000	0.000000
96.000000	0.000000
98.000000	0.000000
100.000000	0.000000
102.000000	0.000000
104.000000	0.000000
106.000000	0.000000
108.000000	0.000000
110.000000	0.000000
112.000000	0.000000
114.000000	0.000000
116.000000	0.000000
118.000000	0.000000
120.000000	0.000000
122.000000	0.000000
124.000000	0.000000
126.000000	0.000000
128.000000	0.000000
130.000000	0.000000
132.000000	0.000000
134.000000	0.000000
136.000000	0.000000
138.000000	0.000000
140.000000	0.000000
142.000000	0.000000
144.000000	0.000000
146.000000	0.000000
148.000000	0.000000
150.000000	0.000000
152.000000	0.000000
154.000000	0.000000
156.000000	0.000000
158.000000	0.000000
160.000000	0.000000
162.000000	0.000000
164.000000	0.000000
166.000000	0.000000
168.000000	0.000000
170.000000	0.000000
172.000000	0.000000
174.000000	0.000000
176.000000	0.000000
178.000000	0.000000
180.000000	0.000000
182.000000	0.000000
184.000000	0.000000
186.000000	0.000000
188.000000	0.000000
190.000000	0.000000
192.000000	0.000000
194.000000	0.000000
196.000000	0.000000
198.000000	0.000000
200.000000	0.000000
202.000000	0.000000
204.000000	0.000000
206.000000	0.000000
208.000000	0.000000
210.000000	0.000000
212.000000	0.000000
214.000000	0.000000
216.000000	0.000000
218.000000	0.000000
0.000000	2.000000
2.000000	2.000000
4.000000	2.000000
6.000000	2.000000
8.000000	2.000000
10.000000	2.000000
12.000000	2.000000
14.000000	2.000000
16.000000	2.000000
18.000000	2.000000
20.000000	2.000000
22.000000	2.000000
24.000000	2.000000
26.000000	2.000000
28.000000	2.000000
30.000000	2.000000
32.000000	2.000000
34.000000	2.000000
36.000000	2.000000
38.000000	2.000000
40.000000	2.000000
42.000000	2.000000
44.000000	2.000000
46.000000	2.000000
48.000000	2.000000
50.000000	2.000000
52.000000	2.000000
54.000000	2.000000
56.000000	2.000000
58.000000	2.000000
60.000000	2.000000
62.000000	2.000000
64.000000	2.000000
66.000000	2.000000
68.000000	2.000000
70.000000	2.000000
72.000000	2.000000
74.000000	2.000000
76.000000	2.000000
78.000000	2.000000
80.000000	2.000000
82.000000	2.000000
84.000000	2.000000
86.000000	2.000000
88.000000	2.000000
90.000000	2.000000
92.000000	2.000000
94.000000	2.000000
96.000000	2.000000
98.000000	2.000000
100.000000	2.000000
102.000000	2.000000
104.000000	2.000000
106.000000	2.000000
108.000000	2.000000
110.000000	2.000000
112.000000	2.000000
114.000000	2.000000
116.000000	2.000000
118.000000	2.000000
120.000000	2.000000
122.000000	2.000000
124.000000	2.000000
126.000000	2.000000
128.000000	2.000000
130.000000	2.000000
132.000000	2.000000
134.000000	2.000000
136.000000	2.000000
138.000000	2.000000
140.000000	2.000000
142.000000	2.000000
144.000000	2.000000
146.000000	2.000000
148.000000	2.000000
150.000000	2.000000
152.000000	2.000000
154.000000	2.000000
156.000000	2.000000
158.000000	2.000000
160.000000	2.000000
162.000000	2.000000
164.000000	2.000000
166.000000	2.000000
168.000000	2.000000
170.000000	2.000000
172.000000	2.000000
174.000000	2.000000
176.000000	2.000000
178.000000	2.000000
180.000000	2.000000
182.000000	2.000000
184.000000	2.000000
186.000000	2.000000
188.000000	2.000000
190.000000	2.000000
192.000000	2.000000
194.000000	2.000000
196.000000	2.000000
198.000000	2.000000
200.000000	2.000000
202.000000	2.000000
204.000000	2.000000
206.000000	2.000000
208.000000	2.000000
210.000000	2.000000
212.000000	2.000000
214.000000	2.000000
216.000000	2.000000
218.000000	2.000000
0.000000	4.000000
2.000000	4.000000
4.000000	4.000000
6.000000	4.000000
8.000000	4.000000
10.000000	4.000000
12.000000	4.000000
14.000000	4.000000
16.000000	4.000000
18.000000	4.000000
20.000000	4.000000
22.000000	4.000000
24.000000	4.000000
26.000000	4.000000
28.000000	4.000000
30.000000	4.000000
32.000000	4.000000
34.000000	4.000000
36.000000	4.000000
38.000000	4.000000
40.000000	4.000000
42.000000	4.000000
44.000000	4.000000
46.000000	4.000000
48.000000	4.000000
50.000000	4.000000
52.000000	4.000000
54.000000	4.000000
56.000000	4.000000
58.000000	4.000000
60.000000	4.000000
62.000000	4.000000
64.000000	4.000000
66.000000	4.000000
68.000000	4.000000
70.000000	4.000000
72.000000	4.000000
74.000000	4.000000
76.000000	4.000000
78.000000	4.000000
80.000000	4.000000
82.000000	4.000000
84.000000	4.000000
86.000000	4.000000
88.000000	4.000000
90.000000	4.000000
92.000000	4.000000
94.000000	4.000000
96.000000	4.000000
98.000000	4.000000
100.000000	4.000000
102.000000	4.000000
104.000000	4.000000
106.000000	4.000000
108.000000	4.000000
110.000000	4.000000
112.000000	4.000000
114.000000	4.000000
116.000000	4.000000
118.000000	4.000000
120.000000	4.000000
122.000000	4.000000
124.000000	4.000000
126.000000	4.000000
128.000000	4.000000
130.000000	4.000000
132.000000	4.000000
134.000000	4.000000
136.000000	4.000000
138.000000	4.000000
140.000000	4.000000
142.000000	4.000000
144.000000	4.000000
146.000000	4.000000
148.000000	4.000000
150.000000	4.000000
152.000000	4.000000
154.000000	4.000000
156.000000	4.000000
158.000000	4.000000
160.000000	4.000000
162.000000	4.000000
164.000000	4.000000
166.000000	4.000000
168.000000	4.000000
170.000000	4.000000
172.000000	4.000000
174.000000	4.000000
176.000000	4.000000
178.000000	4.000000
180.000000	4.000000
182.000000	4.000000
184.000000	4.000000
186.000000	4.000000
188.000000	4.000000
190.000000	4.000000
192.000000	4.000000
194.000000	4.000000
196.000000	4.000000
198.000000	4.000000
200.000000	4.000000
202.000000	4.000000
204.000000	4.000000
206.000000	4.000000
208.000000	4.000000
210.000000	4.000000
212.000000	4.000000
214.000000	4.000000
216.000000	4.000000
218.000000	4.000000
0.000000	6.000000
2.000000	6.000000
4.000000	6.000000
6.000000	6.000000
8.000000	6.000000
10.000000	6.000000
12.000000	6.000000
14.000000	6.000000
16.000000	6.000000
18.000000	6.000000
20.000000	6.000000
22.000000	6.000000
24.000000	6.000000
26.000000	6.000000
28.000000	6.000000
30.000000	6.000000
32.000000	6.000000
34.000000	6.000000
36.000000	6.000000
38.000000	6.000000
40.000000	6.000000
42.000000	6.000000
44.000000	6.000000
46.000000	6.000000
48.000000	6.000000
50.000000	6.000000
52.000000	6.000000
54.000000	6.000000
56.000000	6.000000
58.000000	6.000000
60.000000	6.000000
62.000000	6.000000
64.000000	6.000000
66.000000	6.000000
68.000000	6.000000
70.000000	6.000000
72.000000	6.000000
74.000000	6.000000
76.000000	6.000000
78.000000	6.000000
80.000000	6.000000
82.000000	6.000000
84.000000	6.000000
86.000000	6.000000
88.000000	6.000000
90.000000	6.000000
92.000000	6.000000
94.000000	6.000000
96.000000	6.000000
98.000000	6.000000
100.000000	6.000000
102.000000	6.000000
104.000000	6.000000
106.000000	6.000000
108.000000	6.000000
110.000000	6.000000
112.000000	6.000000
114.000000	6.000000
116.000000	6.000000
118.000000	6.000000
120.000000	6.000000
122.000000	6.000000
124.000000	6.000000
126.000000	6.000000
128.000000	6.000000
130.000000	6.000000
132.000000	6.000000
134.000000	6.000000
136.000000	6.000000
138.000000	6.000000
140.000000	6.000000
142.000000	6.000000
144.000000	6.000000
146.000000	6.000000
148.000000	6.000000
150.000000	6.000000
152.000000	6.000000
154.000000	6.000000
156.000000	6.000000
158.000000	6.000000
160.000000	6.000000
162.000000	6.000000
164.000000	6.000000
166.000000	6.000000
168.000000	6.000000
170.000000	6.000000
172.000000	6.000000
174.000000	6.000000
176.000000	6.000000
178.000000	6.000000
180.000000	6.000000
182.000000	6.000000
184.000000	6.000000
186.000000	6.000000
188.000000	6.000000
190.000000	6.000000
192.000000	6.000000
194.000000	6.000000
196.000000	6.000000
198.000000	6.000000
200.000000	6.000000
202.000000	6.000000
204.000000	6.000000
206.000000	6.000000
208.000000	6.000000
210.000000	6.000000
212.000000	6.000000
214.000000	6.000000
216.000000	6.000000
218.000000	6.000000
0.000000	8.000000
2.000000	8.000000
4.000000	8.000000
6.000000	8.000000
8.000000	8.000000
10.000000	8.000000
12.000000	8.000000
14.000000	8.000000
16.000000	8.000000
18.000000	8.000000
20.000000	8.000000
22.000000	8.000000
24.000000	8.000000
26.000000	8.000000
28.000000	8.000000
30.000000	8.000000
32.000000	8.000000
34.000000	8.000000
36.000000	8.000000
38.000000	8.000000
40.000000	8.000000
42.000000	8.000000
44.000000	8.000000
46.000000	8.000000
48.000000	8.000000
50.000000	8.000000
52.000000	8.000000
54.000000	8.000000
56.000000	8.000000
58.000000	8.000000
60.000000	8.000000
62.000000	8.000000
64.000000	8.000000
66.000000	8.000000
68.000000	8.000000
70.000000	8.000000
72.000000	8.000000
74.000000	8.000000
76.000000	8.000000
78.000000	8.000000
80.000000	8.000000
82.000000	8.000000
84.000000	8.000000
86.000000	8.000000
88.000000	8.000000
90.000000	8.000000
92.000000	8.000000
94.000000	8.000000
96.000000	8.000000
98.000000	8.000000
100.000000	8.000000
102.000000	8.000000
104.000000	8.000000
106.000000	8.000000
108.000000	8.000000
110.000000	8.000000
112.000000	8.000000
114.000000	8.000000
116.000000	8.000000
118.000000	8.000000
120.000000	8.000000
122.000000	8.000000
124.000000	8.000000
126.000000	8.000000
128.000000	8.000000
130.000000	8.000000
132.000000	8.000000
134.000000	8.000000
136.000000	8.000000
138.000000	8.000000
140.000000	8.000000
142.000000	8.000000
144.000000	8.000000
146.000000	8.000000
148.000000	8.000000
150.000000	8.000000
152.000000	8.000000
154.000000	8.000000
156.000000	8.000000
158.000000	8.000000
160.000000	8.000000
162.000000	8.000000
164.000000	8.000000
166.000000	8.000000
168.000000	8.000000
170.000000	8.000000
172.000000	8.000000
174.000000	8.000000
176.000000	8.000000
178.000000	8.000000
180.000000	8.000000
182.000000	8.000000
184.000000	8.000000
186.000000	8.000000
188.000000	8.000000
190.000000	8.000000
192.000000	8.000000
194.000000	8.000000
196.000000	8.000000
198.000000	8.000000
200.000000	8.000000
202.000000	8.000000
204.000000	8.000000
206.000000	8.000000
208.000000	8.000000
210.000000	8.000000
212.000000	8.000000
214.000000	8.000000
216.000000	8.000000
218.000000	8.000000
0.000000	10.000000
2.000000	10.000000
4.000000	10.000000
6.000000	10.000000
8.000000	10.000000
10.000000	10.000000
12.000000	10.000000
14.000000	10.000000
16.000000	10.000000
18.000000	10.000000
20.000000	10.000000
22.000000	10.000000
24.000000	10.000000
26.000000	10.000000
28.000000	10.000000
30.000000	10.000000
32.000000	10.000000
34.000000	10.000000
36.000000	10.000000
38.000000	10.000000
40.000000	10.000000
42.000000	10.000000
44.000000	10.000000
46.000000	10.000000
48.000000	10.000000
50.000000	10.000000
52.000000	10.000000
54.000000	10.000000
56.000000	10.000000
58.000000	10.000000
60.000000	10.000000
62.000000	10.000000
64.000000	10.000000
66.000000	10.000000
68.000000	10.000000
70.000000	10.000000
72.000000	10.000000
74.000000	10.000000
76.000000	10.000000
78.000000	10.000000
80.000000	10.000000
82.000000	10.000000
84.000000	10.000000
86.000000	10.000000
88.000000	10.000000
90.000000	10.000000
92.000000	10.000000
94.000000	10.000000
96.000000	10.000000
98.000000	10.000000
100.000000	10.000000
102.000000	10.000000
104.000000	10.000000
106.000000	10.000000
108.000000	10.000000
110.000000	10.000000
112.000000	10.000000
114.000000	10.000000
116.000000	10.000000
118.000000	10.000000
120.000000	10.000000
122.000000	10.000000
124.000000	10.000000
126.000000	10.000000
128.000000	10.000000
130.000000	10.000000
132.000000	10.000000
134.000000	10.000000
136.000000	10.000000
138.000000	10.000000
140.000000	10.000000
142.000000	10.000000
144.000000	10.000000
146.000000	10.000000
148.000000	10.000000
150.000000	10.000000
152.000000	10.000000
154.000000	10.000000
156.000000	10.000000
158.000000	10.000000
160.000000	10.000000
162.000000	10.000000
164.000000	10.000000
166.000000	10.000000
168.000000	10.000000
170.000000	10.000000
172.000000	10.000000
174.000000	10.000000
176.000000	10.000000
178.000000	10.000000
180.000000	10.000000
182.000000	10.000000
184.000000	10.000000
186.000000	10.000000
188.000000	10.000000
190.000000	10.000000
192.000000	10.000000
194.000000	10.000000
196.000000	10.000000
198.000000	10.000000
200.000000	10.000000
202.000000	10.000000
204.000000	10.000000
206.000000	10.000000
208.000000	10.000000
210.000000	10.000000
212.000000	10.000000
214.000000	10.000000
216.000000	10.000000
218.000000	10.000000
0.000000	12.000000
2.000000	12.000000
4.000000	12.000000
6.000000	12.000000
8.000000	12.000000
10.000000	12.000000
12.000000	12.000000
14.000000	12.000000
16.000000	12.000000
18.000000	12.000000
20.000000	12.000000
22.000000	12.000000
24.000000	12.000000
26.000000	12.000000
28.000000	12.000000
30.000000	12.000000
32.000000	12.000000
34.000000	12.000000
36.000000	12.000000
38.000000	12.000000
40.000000	12.000000
42.000000	12.000000
44.000000	12.000000
46.000000	12.000000
48.000000	12.000000
50.000000	12.000000
52.000000	12.000000
54.000000	12.000000
56.000000	12.000000
58.000000	12.000000
60.000000	12.000000
62.000000	12.000000
64.000000	12.000000
66.000000	12.000000
68.000000	12.000000
70.000000	12.000000
72.000000	12.000000
74.000000	12.000000
76.000000	12.000000
78.000000	12.000000
80.000000	12.000000
82.000000	12.000000
84.000000	12.000000
86.000000	12.000000
88.000000	12.000000
90.000000	12.000000
92.000000	12.000000
94.000000	12.000000
96.000000	12.000000
98.000000	12.000000
100.000000	12.000000
102.000000	12.000000
104.000000	12.000000
106.000000	12.000000
108.000000	12.000000
110.000000	12.000000
112.000000	12.000000
114.000000	12.000000
116.000000	12.000000
118.000000	12.000000
120.000000	12.000000
122.000000	12.000000
124.000000	12.000000
126.000000	12.000000
128.000000	12.000000
130.000000	12.000000
132.000000	12.000000
134.000000	12.000000
136.000000	12.000000
138.000000	12.000000
140.000000	12.000000
142.000000	12.000000
144.000000	12.000000
146.000000	12.000000
148.000000	12.000000
150.000000	12.000000
152.000000	12.000000
154.000000	12.000000
156.000000	12.000000
158.000000	12.000000
160.000000	12.000000
162.000000	12.000000
164.000000	12.000000
166.000000	12.000000
168.000000	12.000000
170.000000	12.000000
172.000000	12.000000
174.000000	12.000000
176.000000	12.000000
178.000000	12.000000
180.000000	12.000000
182.000000	12.000000
184.000000	12.000000
186.000000	12.000000
188.000000	12.000000
190.000000	12.000000
192.000000	12.000000
194.000000	12.000000
196.000000	12.000000
198.000000	12.000000
200.000000	12.000000
202.000000	12.000000
204.000000	12.000000
206.000000	12.000000
208.000000	12.000000
210.000000	12.000000
212.000000	12.000000
214.000000	12.000000
216.000000	12.000000
218.000000	12.000000
0.000000	14.000000
2.000000	14.000000
4.000000	14.000000
6.000000	14.000000
8.000000	14.000000
10.000000	14.000000
12.000000	14.000000
14.000000	14.000000
16.000000	14.000000
18.000000	14.000000
20.000000	14.000000
22.000000	14.000000
24.000000	14.000000
26.000000	14.000000
28.000000	14.000000
30.000000	14.000000
32.000000	14.000000
34.000000	14.000000
36.000000	14.000000
38.000000	14.000000
40.000000	14.000000
42.000000	14.000000
44.000000	14.000000
46.000000	14.000000
48.000000	14.000000
50.000000	14.000000
52.000000	14.000000
54.000000	14.000000
56.000000	14.000000
58.000000	14.000000
60.000000	14.000000
62.000000	14.000000
64.000000	14.000000
66.000000	14.000000
68.000000	14.000000
70.000000	14.000000
72.000000	14.000000
74.000000	14.000000
76.000000	14.000000
78.000000	14.000000
80.000000	14.000000
82.000000	14.000000
84.000000	14.000000
86.000000	14.000000
88.000000	14.000000
90.000000	14.000000
92.000000	14.000000
94.000000	14.000000
96.000000	14.000000
98.000000	14.000000
100.000000	14.000000
102.000000	14.000000
104.000000	14.000000
106.000000	14.000000
108.000000	14.000000
110.000000	14.000000
112.000000	14.000000
114.000000	14.000000
116.000000	14.000000
118.000000	14.000000
120.000000	14.000000
122.000000	14.000000
124.000000	14.000000
126.000000	14.000000
128.000000	14.000000
130.000000	14.000000
132.000000	14.000000
134.000000	14.000000
136.000000	14.000000
138.000000	14.000000
140.000000	14.000000
142.000000	14.000000
144.000000	14.000000
146.000000	14.000000
148.000000	14.000000
150.000000	14.000000
152.000000	14.000000
154.000000	14.000000
156.000000	14.000000
158.000000	14.000000
160.000000	14.000000
162.000000	14.000000
164.000000	14.000000
166.000000	14.000000
168.000000	14.000000
170.000000	14.000000
172.000000	14.000000
174.000000	14.000000
176.000000	14.000000
178.000000	14.000000
180.000000	14.000000
182.000000	14.000000
184.000000	14.000000
186.000000	14.000000
188.000000	14.000000
190.000000	14.000000
192.000000	14.000000
194.000000	14.000000
196.000000	14.000000
198.000000	14.000000
200.000000	14.000000
202.000000	14.000000
204.000000	14.000000
206.000000	14.000000
208.000000	14.000000
210.000000	14.000000
212.000000	14.000000
214.000000	14.000000
216.000000	14.000000
218.000000	14.000000
0.000000	16.000000
2.000000	16.000000
4.000000	16.000000
6.000000	16.000000
8.000000	16.000000
10.000000	16.000000
12.000000	16.000000
14.000000	16.000000
16.000000	16.000000
18.000000	16.000000
20.000000	16.000000
22.000000	16.000000
24.000000	16.000000
26.000000	16.000000
28.000000	16.000000
30.000000	16.000000
32.000000	16.000000
34.000000	16.000000
36.000000	16.000000
38.000000	16.000000
40.000000	16.000000
42.000000	16.000000
44.000000	16.000000
46.000000	16.000000
48.000000	16.000000
50.000000	16.000000
52.000000	16.000000
54.000000	16.000000
56.000000	16.000000
58.000000	16.000000
60.000000	16.000000
62.000000	16.000000
64.000000	16.000000
66.000000	16.000000
68.000000	16.000000
70.000000	16.000000
72.000000	16.000000
74.000000	16.000000
76.000000	16.000000
78.000000	16.000000
80.000000	16.000000
82.000000	16.000000
84.000000	16.000000
86.000000	16.000000
88.000000	16.000000
90.000000	16.000000
92.000000	16.000000
94.000000	16.000000
96.000000	16.000000
98.000000	16.000000
100.000000	16.000000
102.000000	16.000000
104.000000	16.000000
106.000000	16.000000
108.000000	16.000000
110.000000	16.000000
112.000000	16.000000
114.000000	16.000000
116.000000	16.000000
118.000000	16.000000
120.000000	16.000000
122.000000	16.000000
124.000000	16.000000
126.000000	16.000000
128.000000	16.000000
130.000000	16.000000
132.000000	16.000000
134.000000	16.000000
136.000000	16.000000
138.000000	16.000000
140.000000	16.000000
142.000000	16.000000
144.000000	16.000000
146.000000	16.000000
148.000000	16.000000
150.000000	16.000000
152.000000	16.000000
154.000000	16.000000
156.000000	16.000000
158.000000	16.000000
160.000000	16.000000
162.000000	16.000000
164.000000	16.000000
166.000000	16.000000
168.000000	16.000000
170.000000	16.000000
172.000000	16.000000
174.000000	16.000000
176.000000	16.000000
178.000000	16.000000
180.000000	16.000000
182.000000	16.000000
184.000000	16.000000
186.000000	16.000000
188.000000	16.000000
190.000000	16.000000
192.000000	16.000000
194.000000	16.000000
196.000000	16.000000
198.000000	16.000000
200.000000	16.000000
202.000000	16.000000
204.000000	16.000000
206.000000	16.000000
208.000000	16.000000
210.000000	16.000000
212.000000	16.000000
214.000000	16.000000
216.000000	16.000000
218.000000	16.000000
0.000000	18.000000
2.000000	18.000000
4.000000	18.000000
6.000000	18.000000
8.000000	18.000000
10.000000	18.000000
12.000000	18.000000
14.000000	18.000000
16.000000	18.000000
18.000000	18.000000
20.000000	18.000000
22.000000	18.000000
24.000000	18.000000
26.000000	18.000000
28.000000	18.000000
30.000000	18.000000
32.000000	18.000000
34.000000	18.000000
36.000000	18.000000
38.000000	18.000000
40.000000	18.000000
42.000000	18.000000
44.000000	18.000000
46.000000	18.000000
48.000000	18.000000
50.000000	18.000000
52.000000	18.000000
54.000000	18.000000
56.000000	18.000000
58.000000	18.000000
60.000000	18.000000
62.000000	18.000000
64.000000	18.000000
66.000000	18.000000
68.000000	18.000000
70.000000	18.000000
72.000000	18.000000
74.000000	18.000000
76.000000	18.000000
78.000000	18.000000
80.000000	18.000000
82.000000	18.000000
84.000000	18.000000
86.000000	18.000000
88.000000	18.000000
90.000000	18.000000
92.000000	18.000000
94.000000	18.000000
96.000000	18.000000
98.000000	18.000000
100.000000	18.000000
102.000000	18.000000
104.000000	18.000000
106.000000	18.000000
108.000000	18.000000
110.000000	18.000000
112.000000	18.000000
114.000000	18.000000
116.000000	18.000000
118.000000	18.000000
120.000000	18.000000
122.000000	18.000000
124.000000	18.000000
126.000000	18.000000
128.000000	18.000000
130.000000	18.000000
132.000000	18.000000
134.000000	18.000000
136.000000	18.000000
138.000000	18.000000
140.000000	18.000000
142.000000	18.000000
144.000000	18.000000
146.000000	18.000000
148.000000	18.000000
150.000000	18.000000
152.000000	18.000000
154.000000	18.000000
156.000000	18.000000
158.000000	18.000000
160.000000	18.000000
162.000000	18.000000
164.000000	18.000000
166.000000	18.000000
168.000000	18.000000
170.000000	18.000000
172.000000	18.000000
174.000000	18.000000
176.000000	18.000000
178.000000	18.000000
180.000000	18.000000
182.000000	18.000000
184.000000	18.000000
186.000000	18.000000
188.000000	18.000000
190.000000	18.000000
192.000000	18.000000
194.000000	18.000000
196.000000	18.000000
198.000000	18.000000
200.000000	18.000000
202.000000	18.000000
204.000000	18.000000
206.000000	18.000000
208.000000	18.000000
210.000000	18.000000
212.000000	18.000000
214.000000	18.000000
216.000000	18.000000
218.000000	18.000000
0.000000	20.000000
2.000000	20.000000
4.000000	20.000000
6.000000	20.000000
8.000000	20.000000
10.000000	20.000000
12.000000	20.000000
14.000000	20.000000
16.000000	20.000000
18.000000	20.000000
20.000000	20.000000
22.000000	20.000000
24.000000	20.000000
26.000000	20.000000
28.000000	20.000000
30.000000	20.000000
32.000000	20.000000
34.000000	20.000000
36.000000	20.000000
38.000000	20.000000
40.000000	20.000000
42.000000	20.000000
44.000000	20.000000
46.000000	20.000000
48.000000	20.000000
50.000000	20.000000
52.000000	20.000000
54.000000	20.000000
56.000000	20.000000
58.000000	20.000000
60.000000	20.000000
62.000000	20.000000
64.000000	20.000000
66.000000	20.000000
68.000000	20.000000
70.000000	20.000000
72.000000	20.000000
74.000000	20.000000
76.000000	20.000000
78.000000	20.000000
80.000000	20.000000
82.000000	20.000000
84.000000	20.000000
86.000000	20.000000
88.000000	20.000000
90.000000	20.000000
92.000000	20.000000
94.000000	20.000000
96.000000	20.000000
98.000000	20.000000
100.000000	20.000000
102.000000	20.000000
104.000000	20.000000
106.000000	20.000000
108.000000	20.000000
110.000000	20.000000
112.000000	20.000000
114.000000	20.000000
116.000000	20.000000
118.000000	20.000000
120.000000	20.000000
122.000000	20.000000
124.000000	20.000000
126.000000	20.000000
128.000000	20.000000
130.000000	20.000000
132.000000	20.000000
134.000000	20.000000
136.000000	20.000000
138.000000	20.000000
140.000000	20.000000
142.000000	20.000000
144.000000	20.000000
146.000000	20.000000
148.000000	20.000000
150.000000	20.000000
152.000000	20.000000
154.000000	20.000000
156.000000	20.000000
158.000000	20.000000
160.000000	20.000000
162.000000	20.000000
164.000000	20.000000
166.000000	20.000000
168.000000	20.000000
170.000000	20.000000
172.000000	20.000000
174.000000	20.000000
176.000000	20.000000
178.000000	20.000000
180.000000	20.000000
182.000000	20.000000
184.000000	20.000000
186.000000	20.000000
188.000000	20.000000
190.000000	20.000000
192.000000	20.000000
194.000000	20.000000
196.000000	20.000000
198.000000	20.000000
200.000000	20.000000
202.000000	20.000000
204.000000	20.000000
206.000000	20.000000
208.000000	20.000000
210.000000	20.000000
212.000000	20.000000
214.000000	20.000000
216.000000	20.000000
218.000000	20.000000
0.000000	22.000000
2.000000	22.000000
4.000000	22.000000
6.000000	22.000000
8.000000	22.000000
10.000000	22.000000
12.000000	22.000000
14.000000	22.000000
16.000000	22.000000
18.000000	22.000000
20.000000	22.000000
22.000000	22.000000
24.000000	22.000000
26.000000	22.000000
28.000000	22.000000
30.000000	22.000000
32.000000	22.000000
34.000000	22.000000
36.000000	22.000000
38.000000	22.000000
40.000000	22.000000
42.000000	22.000000
44.000000	22.000000
46.000000	22.000000
48.000000	22.000000
50.000000	22.000000
52.000000	22.000000
54.000000	22.000000
56.000000	22.000000
58.000000	22.000000
60.000000	22.000000
62.000000	22.000000
64.000000	22.000000
66.000000	22.000000
68.000000	22.000000
70.000000	22.000000
72.000000	22.000000
74.000000	22.000000
76.000000	22.000000
78.000000	22.000000
80.000000	22.000000
82.000000	22.000000
84.000000	22.000000
86.000000	22.000000
88.000000	22.000000
90.000000	22.000000
92.000000	22.000000
94.000000	22.000000
96.000000	22.000000
98.000000	22.000000
100.000000	22.000000
102.000000	22.000000
104.000000	22.000000
106.000000	22.000000
108.000000	22.000000
110.000000	22.000000
112.000000	22.000000
114.000000	22.000000
116.000000	22.000000
118.000000	22.000000
120.000000	22.000000
122.000000	22.000000
124.000000	22.000000
126.000000	22.000000
128.000000	22.000000
130.000000	22.000000
132.000000	22.000000
134.000000	22.000000
136.000000	22.000000
138.000000	22.000000
140.000000	22.000000
142.000000	22.000000
144.000000	22.000000
146.000000	22.000000
148.000000	22.000000
150.000000	22.000000
152.000000	22.000000
154.000000	22.000000
156.000000	22.000000
158.000000	22.000000
160.000000	22.000000
162.000000	22.000000
164.000000	22.000000
166.000000	22.000000
168.000000	22.000000
170.000000	22.000000
172.000000	22.000000
174.000000	22.000000
176.000000	22.000000
178.000000	22.000000
180.000000	22.000000
182.000000	22.000000
184.000000	22.000000
186.000000	22.000000
188.000000	22.000000
190.000000	22.000000
192.000000	22.000000
194.000000	22.000000
196.000000	22.000000
198.000000	22.000000
200.000000	22.000000
202.000000	22.000000
204.000000	22.000000
206.000000	22.000000
208.000000	22.000000
210.000000	22.000000
212.000000	22.000000
214.000000	22.000000
216.000000	22.000000
218.000000	22.000000
0.000000	24.000000
2.000000	24.000000
4.000000	24.000000
6.000000	24.000000
8.000000	24.000000
10.000000	24.000000
12.000000	24.000000
14.000000	24.000000
16.000000	24.000000
18.000000	24.000000
20.000000	24.000000
22.000000	24.000000
24.000000	24.000000
26.000000	24.000000
28.000000	24.000000
30.000000	24.000000
32.000000	24.000000
34.000000	24.000000
36.000000	24.000000
38.000000	24.000000
40.000000	24.000000
42.000000	24.000000
44.000000	24.000000
46.000000	24.000000
48.000000	24.000000
50.000000	24.000000
52.000000	24.000000
54.000000	24.000000
56.000000	24.000000
58.000000	24.000000
60.000000	24.000000
62.000000	24.000000
64.000000	24.000000
66.000000	24.000000
68.000000	24.000000
70.000000	24.000000
72.000000	24.000000
74.000000	24.000000
76.000000	24.000000
78.000000	24.000000
80.000000	24.000000
82.000000	24.000000
84.000000	24.000000
86.000000	24.000000
88.000000	24.000000
90.000000	24.000000
92.000000	24.000000
94.000000	24.000000
96.000000	24.000000
98.000000	24.000000
100.000000	24.000000
102.000000	24.000000
104.000000	24.000000
106.000000	24.000000
108.000000	24.000000
110.000000	24.000000
112.000000	24.000000
114.000000	24.000000
116.000000	24.000000
118.000000	24.000000
120.000000	24.000000
122.000000	24.000000
124.000000	24.000000
126.000000	24.000000
128.000000	24.000000
130.000000	24.000000
132.000000	24.000000
134.000000	24.000000
136.000000	24.000000
138.000000	24.000000
140.000000	24.000000
142.000000	24.000000
144.000000	24.000000
146.000000	24.000000
148.000000	24.000000
150.000000	24.000000
152.000000	24.000000
154.000000	24.000000
156.000000	24.000000
158.000000	24.000000
160.000000	24.000000
162.000000	24.000000
164.000000	24.000000
166.000000	24.000000
168.000000	24.000000
170.000000	24.000000
172.000000	24.000000
174.000000	24.000000
176.000000	24.000000
178.000000	24.000000
180.000000	24.000000
182.000000	24.000000
184.000000	24.000000
186.000000	24.000000
188.000000	24.000000
190.000000	24.000000
192.000000	24.000000
194.000000	24.000000
196.000000	24.000000
198.000000	24.000000
200.000000	24.000000
202.000000	24.000000
204.000000	24.000000
206.000000	24.000000
208.000000	24.000000
210.000000	24.000000
212.000000	24.000000
214.000000	24.000000
216.000000	24.000000
218.000000	24.000000
0.000000	26.000000
2.000000	26.000000
4.000000	26.000000
6.000000	26.000000
8.000000	26.000000
10.000000	26.000000
12.000000	26.000000
14.000000	26.000000
16.000000	26.000000
18.000000	26.000000
20.000000	26.000000
22.000000	26.000000
24.000000	26.000000
26.000000	26.000000
28.000000	26.000000
30.000000	26.000000
32.000000	26.000000
34.000000	26.000000
36.000000	26.000000
38.000000	26.000000
40.000000	26.000000
42.000000	26.000000
44.000000	26.000000
46.000000	26.000000
48.000000	26.000000
50.000000	26.000000
52.000000	26.000000
54.000000	26.000000
56.000000	26.000000
58.000000	26.000000
60.000000	26.000000
62.000000	26.000000
64.000000	26.000000
66.000000	26.000000
68.000000	26.000000
70.000000	26.000000
72.000000	26.000000
74.000000	26.000000
76.000000	26.000000
78.000000	26.000000
80.000000	26.000000
82.000000	26.000000
84.000000	26.000000
86.000000	26.000000
88.000000	26.000000
90.000000	26.000000
92.000000	26.000000
94.000000	26.000000
96.000000	26.000000
98.000000	26.000000
100.000000	26.000000
102.000000	26.000000
104.000000	26.000000
106.000000	26.000000
108.000000	26.000000
110.000000	26.000000
112.000000	26.000000
114.000000	26.000000
116.000000	26.000000
118.000000	26.000000
120.000000	26.000000
122.000000	26.000000
124.000000	26.000000
126.000000	26.000000
128.000000	26.000000
130.000000	26.000000
132.000000	26.000000
134.000000	26.000000
136.000000	26.000000
138.000000	26.000000
140.000000	26.000000
142.000000	26.000000
144.000000	26.000000
146.000000	26.000000
148.000000	26.000000
150.000000	26.000000
152.000000	26.000000
154.000000	26.000000
156.000000	26.000000
158.000000	26.000000
160.000000	26.000000
162.000000	26.000000
164.000000	26.000000
166.000000	26.000000
168.000000	26.000000
170.000000	26.000000
172.000000	26.000000
174.000000	26.000000
176.000000	26.000000
178.000000	26.000000
180.000000	26.000000
182.000000	26.000000
184.000000	26.000000
186.000000	26.000000
188.000000	26.000000
190.000000	26.000000
192.000000	26.000000
194.000000	26.000000
196.000000	26.000000
198.000000	26.000000
200.000000	26.000000
202.000000	26.000000
204.000000	26.000000
206.000000	26.000000
208.000000	26.000000
210.000000	26.000000
212.000000	26.000000
214.000000	26.000000
216.000000	26.000000
218.000000	26.000000
0.000000	28.000000
2.000000	28.000000
4.000000	28.000000
6.000000	28.000000
8.000000	28.000000
10.000000	28.000000
12.000000	28.000000
14.000000	28.000000
16.000000	28.000000
18.000000	28.000000
20.000000	28.000000
22.000000	28.000000
24.000000	28.000000
26.000000	28.000000
28.000000	28.000000
30.000000	28.000000
32.000000	28.000000
34.000000	28.000000
36.000000	28.000000
38.000000	28.000000
40.000000	28.000000
42.000000	28.000000
44.000000	28.000000
46.000000	28.000000
48.000000	28.000000
50.000000	28.000000
52.000000	28.000000
54.000000	28.000000
56.000000	28.000000
58.000000	28.000000
60.000000	28.000000
62.000000	28.000000
64.000000	28.000000
66.000000	28.000000
68.000000	28.000000
70.000000	28.000000
72.000000	28.000000
74.000000	28.000000
76.000000	28.000000
78.000000	28.000000
80.000000	28.000000
82.000000	28.000000
84.000000	28.000000
86.000000	28.000000
88.000000	28.000000
90.000000	28.000000
92.000000	28.000000
94.000000	28.000000
96.000000	28.000000
98.000000	28.000000
100.000000	28.000000
102.000000	28.000000
104.000000	28.000000
106.000000	28.000000
108.000000	28.000000
110.000000	28.000000
112.000000	28.000000
114.000000	28.000000
116.000000	28.000000
118.000000	28.000000
120.000000	28.000000
122.000000	28.000000
124.000000	28.000000
126.000000	28.000000
128.000000	28.000000
130.000000	28.000000
132.000000	28.000000
134.000000	28.000000
136.000000	28.000000
138.000000	28.000000
140.000000	28.000000
142.000000	28.000000
144.000000	28.000000
146.000000	28.000000
148.000000	28.000000
150.000000	28.000000
152.000000	28.000000
154.000000	28.000000
156.000000	28.000000
158.000000	28.000000
160.000000	28.000000
162.000000	28.000000
164.000000	28.000000
166.000000	28.000000
168.000000	28.000000
170.000000	28.000000
172.000000	28.000000
174.000000	28.000000
176.000000	28.000000
178.000000	28.000000
180.000000	28.000000
182.000000	28.000000
184.000000	28.000000
186.000000	28.000000
188.000000	28.000000
190.000000	28.000000
192.000000	28.000000
194.000000	28.000000
196.000000	28.000000
198.000000	28.000000
200.000000	28.000000
202.000000	28.000000
204.000000	28.000000
206.000000	28.000000
208.000000	28.000000
210.000000	28.000000
212.000000	28.000000
214.000000	28.000000
216.000000	28.000000
218.000000	28.000000
0.000000	30.000000
2.000000	30.000000
4.000000	30.000000
6.000000	30.000000
8.000000	30.000000
10.000000	30.000000
12.000000	30.000000
14.000000	30.000000
16.000000	30.000000
18.000000	30.000000
20.000000	30.000000
22.000000	30.000000
24.000000	30.000000
26.000000	30.000000
28.000000	30.000000
30.000000	30.000000
32.000000	30.000000
34.000000	30.000000
36.000000	30.000000
38.000000	30.000000
40.000000	30.000000
42.000000	30.000000
44.000000	30.000000
46.000000	30.000000
48.000000	30.000000
50.000000	30.000000
52.000000	30.000000
54.000000	30.000000
56.000000	30.000000
58.000000	30.000000
60.000000	30.000000
62.000000	30.000000
64.000000	30.000000
66.000000	30.000000
68.000000	30.000000
70.000000	30.000000
72.000000	30.000000
74.000000	30.000000
76.000000	30.000000
78.000000	30.000000
80.000000	30.000000
82.000000	30.000000
84.000000	30.000000
86.000000	30.000000
88.000000	30.000000
90.000000	30.000000
92.000000	30.000000
94.000000	30.000000
96.000000	30.000000
98.000000	30.000000
100.000000	30.000000
102.000000	30.000000
104.000000	30.000000
106.000000	30.000000
108.000000	30.000000
110.000000	30.000000
112.000000	30.000000
114.000000	30.000000
116.000000	30.000000
118.000000	30.000000
120.000000	30.000000
122.000000	30.000000
124.000000	30.000000
126.000000	30.000000
128.000000	30.000000
130.000000	30.000000
132.000000	30.000000
134.000000	30.000000
136.000000	30.000000
138.000000	30.000000
140.000000	30.000000
142.000000	30.000000
144.000000	30.000000
146.000000	30.000000
148.000000	30.000000
150.000000	30.000000
152.000000	30.000000
154.000000	30.000000
156.000000	30.000000
158.000000	30.000000
160.000000	30.000000
162.000000	30.000000
164.000000	30.000000
166.000000	30.000000
168.000000	30.000000
170.000000	30.000000
172.000000	30.000000
174.000000	30.000000
176.000000	30.000000
178.000000	30.000000
180.000000	30.000000
182.000000	30.000000
184.000000	30.000000
186.000000	30.000000
188.000000	30.000000
190.000000	30.000000
192.000000	30.000000
194.000000	30.000000
196.000000	30.000000
198.000000	30.000000
200.000000	30.000000
202.000000	30.000000
204.000000	30.000000
206.000000	30.000000
208.000000	30.000000
210.000000	30.000000
212.000000	30.000000
214.000000	30.000000
216.000000	30.000000
218.000000	30.000000
0.000000	32.000000
2.000000	32.000000
4.000000	32.000000
6.000000	32.000000
8.000000	32.000000
10.000000	32.000000
12.000000	32.000000
14.000000	32.000000
16.000000	32.000000
18.000000	32.000000
20.000000	32.000000
22.000000	32.000000
24.000000	32.000000
26.000000	32.000000
28.000000	32.000000
30.000000	32.000000
32.000000	32.000000
34.000000	32.000000
36.000000	32.000000
38.000000	32.000000
40.000000	32.000000
42.000000	32.000000
44.000000	32.000000
46.000000	32.000000
48.000000	32.000000
50.000000	32.000000
52.000000	32.000000
54.000000	32.000000
56.000000	32.000000
58.000000	32.000000
60.000000	32.000000
62.000000	32.000000
64.000000	32.000000
66.000000	32.000000
68.000000	32.000000
70.000000	32.000000
72.000000	32.000000
74.000000	32.000000
76.000000	32.000000
78.000000	32.000000
80.000000	32.000000
82.000000	32.000000
84.000000	32.000000
86.000000	32.000000
88.000000	32.000000
90.000000	32.000000
92.000000	32.000000
94.000000	32.000000
96.000000	32.000000
98.000000	32.000000
100.000000	32.000000
102.000000	32.000000
104.000000	32.000000
106.000000	32.000000
108.000000	32.000000
110.000000	32.000000
112.000000	32.000000
114.000000	32.000000
116.000000	32.000000
118.000000	32.000000
120.000000	32.000000
122.000000	32.000000
124.000000	32.000000
126.000000	32.000000
128.000000	32.000000
130.000000	32.000000
132.000000	32.000000
134.000000	32.000000
136.000000	32.000000
138.000000	32.000000
140.000000	32.000000
142.000000	32.000000
144.000000	32.000000
146.000000	32.000000
148.000000	32.000000
150.000000	32.000000
152.000000	32.000000
154.000000	32.000000
156.000000	32.000000
158.000000	32.000000
160.000000	32.000000
162.000000	32.000000
164.000000	32.000000
166.000000	32.000000
168.000000	32.000000
170.000000	32.000000
172.000000	32.000000
174.000000	32.000000
176.000000	32.000000
178.000000	32.000000
180.000000	32.000000
182.000000	32.000000
184.000000	32.000000
186.000000	32.000000
188.000000	32.000000
190.000000	32.000000
192.000000	32.000000
194.000000	32.000000
196.000000	32.000000
198.000000	32.000000
200.000000	32.000000
202.000000	32.000000
204.000000	32.000000
206.000000	32.000000
208.000000	32.000000
210.000000	32.000000
212.000000	32.000000
214.000000	32.000000
216.000000	32.000000
218.000000	32.000000
0.000000	34.000000
2.000000	34.000000
4.000000	34.000000
6.000000	34.000000
8.000000	34.000000
10.000000	34.000000
12.000000	34.000000
14.000000	34.000000
16.000000	34.000000
18.000000	34.000000
20.000000	34.000000
22.000000	34.000000
24.000000	34.000000
26.000000	34.000000
28.000000	34.000000
30.000000	34.000000
32.000000	34.000000
34.000000	34.000000
36.000000	34.000000
38.000000	34.000000
40.000000	34.000000
42.000000	34.000000
44.000000	34.000000
46.000000	34.000000
48.000000	34.000000
50.000000	34.000000
52.000000	34.000000
54.000000	34.000000
56.000000	34.000000
58.000000	34.000000
60.000000	34.000000
62.000000	34.000000
64.000000	34.000000
66.000000	34.000000
68.000000	34.000000
70.000000	34.000000
72.000000	34.000000
74.000000	34.000000
76.000000	34.000000
78.000000	34.000000
80.000000	34.000000
82.000000	34.000000
84.000000	34.000000
86.000000	34.000000
88.000000	34.000000
90.000000	34.000000
92.000000	34.000000
94.000000	34.000000
96.000000	34.000000
98.000000	34.000000
100.000000	34.000000
102.000000	34.000000
104.000000	34.000000
106.000000	34.000000
108.000000	34.000000
110.000000	34.000000
112.000000	34.000000
114.000000	34.000000
116.000000	34.000000
118.000000	34.000000
120.000000	34.000000
122.000000	34.000000
124.000000	34.000000
126.000000	34.000000
128.000000	34.000000
130.000000	34.000000
132.000000	34.000000
134.000000	34.000000
136.000000	34.000000
138.000000	34.000000
140.000000	34.000000
142.000000	34.000000
144.000000	34.000000
146.000000	34.000000
148.000000	34.000000
150.000000	34.000000
152.000000	34.000000
154.000000	34.000000
156.000000	34.000000
158.000000	34.000000
160.000000	34.000000
162.000000	34.000000
164.000000	34.000000
166.000000	34.000000
168.000000	34.000000
170.000000	34.000000
172.000000	34.000000
174.000000	34.000000
176.000000	34.000000
178.000000	34.000000
180.000000	34.000000
182.000000	34.000000
184.000000	34.000000
186.000000	34.000000
188.000000	34.000000
190.000000	34.000000
192.000000	34.000000
194.000000	34.000000
196.000000	34.000000
198.000000	34.000000
200.000000	34.000000
202.000000	34.000000
204.000000	34.000000
206.000000	34.000000
208.000000	34.000000
210.000000	34.000000
212.000000	34.000000
214.000000	34.000000
216.000000	34.000000
218.000000	34.000000
0.000000	36.000000
2.000000	36.000000
4.000000	36.000000
6.000000	36.000000
8.000000	36.000000
10.000000	36.000000
12.000000	36.000000
14.000000	36.000000
16.000000	36.000000
18.000000	36.000000
20.000000	36.000000
22.000000	36.000000
24.000000	36.000000
26.000000	36.000000
28.000000	36.000000
30.000000	36.000000
32.000000	36.000000
34.000000	36.000000
36.000000	36.000000
38.000000	36.000000
40.000000	36.000000
42.000000	36.000000
44.000000	36.000000
46.000000	36.000000
48.000000	36.000000
50.000000	36.000000
52.000000	36.000000
54.000000	36.000000
56.000000	36.000000
58.000000	36.000000
60.000000	36.000000
62.000000	36.000000
64.000000	36.000000
66.000000	36.000000
68.000000	36.000000
70.000000	36.000000
72.000000	36.000000
74.000000	36.000000
76.000000	36.000000
78.000000	36.000000
80.000000	36.000000
82.000000	36.000000
84.000000	36.000000
86.000000	36.000000
88.000000	36.000000
90.000000	36.000000
92.000000	36.000000
94.000000	36.000000
96.000000	36.000000
98.000000	36.000000
100.000000	36.000000
102.000000	36.000000
104.000000	36.000000
106.000000	36.000000
108.000000	36.000000
110.000000	36.000000
112.000000	36.000000
114.000000	36.000000
116.000000	36.000000
118.000000	36.000000
120.000000	36.000000
122.000000	36.000000
124.000000	36.000000
126.000000	36.000000
128.000000	36.000000
130.000000	36.000000
132.000000	36.000000
134.000000	36.000000
136.000000	36.000000
138.000000	36.000000
140.000000	36.000000
142.000000	36.000000
144.000000	36.000000
146.000000	36.000000
148.000000	36.000000
150.000000	36.000000
152.000000	36.000000
154.000000	36.000000
156.000000	36.000000
158.000000	36.000000
160.000000	36.000000
162.000000	36.000000
164.000000	36.000000
166.000000	36.000000
168.000000	36.000000
170.000000	36.000000
172.000000	36.000000
174.000000	36.000000
176.000000	36.000000
178.000000	36.000000
180.000000	36.000000
182.000000	36.000000
184.000000	36.000000
186.000000	36.000000
188.000000	36.000000
190.000000	36.000000
192.000000	36.000000
194.000000	36.000000
196.000000	36.000000
198.000000	36.000000
200.000000	36.000000
202.000000	36.000000
204.000000	36.000000
206.000000	36.000000
208.000000	36.000000
210.000000	36.000000
212.000000	36.000000
214.000000	36.000000
216.000000	36.000000
218.000000	36.000000
0.000000	38.000000
2.000000	38.000000
4.000000	38.000000
6.000000	38.000000
8.000000	38.000000
10.000000	38.000000
12.000000	38.000000
14.000000	38.000000
16.000000	38.000000
18.000000	38.000000
20.000000	38.000000
22.000000	38.000000
24.000000	38.000000
26.000000	38.000000
28.000000	38.000000
30.000000	38.000000
32.000000	38.000000
34.000000	38.000000
36.000000	38.000000
38.000000	38.000000
40.000000	38.000000
42.000000	38.000000
44.000000	38.000000
46.000000	38.000000
48.000000	38.000000
50.000000	38.000000
52.000000	38.000000
54.000000	38.000000
56.000000	38.000000
58.000000	38.000000
60.000000	38.000000
62.000000	38.000000
64.000000	38.000000
66.000000	38.000000
68.000000	38.000000
70.000000	38.000000
72.000000	38.000000
74.000000	38.000000
76.000000	38.000000
78.000000	38.000000
80.000000	38.000000
82.000000	38.000000
84.000000	38.000000
86.000000	38.000000
88.000000	38.000000
90.000000	38.000000
92.000000	38.000000
94.000000	38.000000
96.000000	38.000000
98.000000	38.000000
100.000000	38.000000
102.000000	38.000000
104.000000	38.000000
106.000000	38.000000
108.000000	38.000000
110.000000	38.000000
112.000000	38.000000
114.000000	38.000000
116.000000	38.000000
118.000000	38.000000
120.000000	38.000000
122.000000	38.000000
124.000000	38.000000
126.000000	38.000000
128.000000	38.000000
130.000000	38.000000
132.000000	38.000000
134.000000	38.000000
136.000000	38.000000
138.000000	38.000000
140.000000	38.000000
142.000000	38.000000
144.000000	38.000000
146.000000	38.000000
148.000000	38.000000
150.000000	38.000000
152.000000	38.000000
154.000000	38.000000
156.000000	38.000000
158.000000	38.000000
160.000000	38.000000
162.000000	38.000000
164.000000	38.000000
166.000000	38.000000
168.000000	38.000000
170.000000	38.000000
172.000000	38.000000
174.000000	38.000000
176.000000	38.000000
178.000000	38.000000
180.000000	38.000000
182.000000	38.000000
184.000000	38.000000
186.000000	38.000000
188.000000	38.000000
190.000000	38.000000
192.000000	38.000000
194.000000	38.000000
196.000000	38.000000
198.000000	38.000000
200.000000	38.000000
202.000000	38.000000
204.000000	38.000000
206.000000	38.000000
208.000000	38.000000
210.000000	38.000000
212.000000	38.000000
214.000000	38.000000
216.000000	38.000000
218.000000	38.000000
0.000000	40.000000
2.000000	40.000000
4.000000	40.000000
6.000000	40.000000
8.000000	40.000000
10.000000	40.000000
12.000000	40.000000
14.000000	40.000000
16.000000	40.000000
18.000000	40.000000
20.000000	40.000000
22.000000	40.000000
24.000000	40.000000
26.000000	40.000000
28.000000	40.000000
30.000000	40.000000
32.000000	40.000000
34.000000	40.000000
36.000000	40.000000
38.000000	40.000000
40.000000	40.000000
42.000000	40.000000
44.000000	40.000000
46.000000	40.000000
48.000000	40.000000
50.000000	40.000000
52.000000	40.000000
54.000000	40.000000
56.000000	40.000000
58.000000	40.000000
60.000000	40.000000
62.000000	40.000000
64.000000	40.000000
66.000000	40.000000
68.000000	40.000000
70.000000	40.000000
72.000000	40.000000
74.000000	40.000000
76.000000	40.000000
78.000000	40.000000
80.000000	40.000000
82.000000	40.000000
84.000000	40.000000
86.000000	40.000000
88.000000	40.000000
90.000000	40.000000
92.000000	40.000000
94.000000	40.000000
96.000000	40.000000
98.000000	40.000000
100.000000	40.000000
102.000000	40.000000
104.000000	40.000000
106.000000	40.000000
108.000000	40.000000
110.000000	40.000000
112.000000	40.000000
114.000000	40.000000
116.000000	40.000000
118.000000	40.000000
120.000000	40.000000
122.000000	40.000000
124.000000	40.000000
126.000000	40.000000
128.000000	40.000000
130.000000	40.000000
132.000000	40.000000
134.000000	40.000000
136.000000	40.000000
138.000000	40.000000
140.000000	40.000000
142.000000	40.000000
144.000000	40.000000
146.000000	40.000000
148.000000	40.000000
150.000000	40.000000
152.000000	40.000000
154.000000	40.000000
156.000000	40.000000
158.000000	40.000000
160.000000	40.000000
162.000000	40.000000
164.000000	40.000000
166.000000	40.000000
168.000000	40.000000
170.000000	40.000000
172.000000	40.000000
174.000000	40.000000
176.000000	40.000000
178.000000	40.000000
180.000000	40.000000
182.000000	40.000000
184.000000	40.000000
186.000000	40.000000
188.000000	40.000000
190.000000	40.000000
192.000000	40.000000
194.000000	40.000000
196.000000	40.000000
198.000000	40.000000
200.000000	40.000000
202.000000	40.000000
204.000000	40.000000
206.000000	40.000000
208.000000	40.000000
210.000000	40.000000
212.000000	40.000000
214.000000	40.000000
216.000000	40.000000
218.000000	40.000000
0.000000	42.000000
2.000000	42.000000
4.000000	42.000000
6.000000	42.000000
8.000000	42.000000
10.000000	42.000000
12.000000	42.000000
14.000000	42.000000
16.000000	42.000000
18.000000	42.000000
20.000000	42.000000
22.000000	42.000000
24.000000	42.000000
26.000000	42.000000
28.000000	42.000000
30.000000	42.000000
32.000000	42.000000
34.000000	42.000000
36.000000	42.000000
38.000000	42.000000
40.000000	42.000000
42.000000	42.000000
44.000000	42.000000
46.000000	42.000000
48.000000	42.000000
50.000000	42.000000
52.000000	42.000000
54.000000	42.000000
56.000000	42.000000
58.000000	42.000000
60.000000	42.000000
62.000000	42.000000
64.000000	42.000000
66.000000	42.000000
68.000000	42.000000
70.000000	42.000000
72.000000	42.000000
74.000000	42.000000
76.000000	42.000000
78.000000	42.000000
80.000000	42.000000
82.000000	42.000000
84.000000	42.000000
86.000000	42.000000
88.000000	42.000000
90.000000	42.000000
92.000000	42.000000
94.000000	42.000000
96.000000	42.000000
98.000000	42.000000
100.000000	42.000000
102.000000	42.000000
104.000000	42.000000
106.000000	42.000000
108.000000	42.000000
110.000000	42.000000
112.000000	42.000000
114.000000	42.000000
116.000000	42.000000
118.000000	42.000000
120.000000	42.000000
122.000000	42.000000
124.000000	42.000000
126.000000	42.000000
128.000000	42.000000
130.000000	42.000000
132.000000	42.000000
134.000000	42.000000
136.000000	42.000000
138.000000	42.000000
140.000000	42.000000
142.000000	42.000000
144.000000	42.000000
146.000000	42.000000
148.000000	42.000000
150.000000	42.000000
152.000000	42.000000
154.000000	42.000000
156.000000	42.000000
158.000000	42.000000
160.000000	42.000000
162.000000	42.000000
164.000000	42.000000
166.000000	42.000000
168.000000	42.000000
170.000000	42.000000
172.000000	42.000000
174.000000	42.000000
176.000000	42.000000
178.000000	42.000000
180.000000	42.000000
182.000000	42.000000
184.000000	42.000000
186.000000	42.000000
188.000000	42.000000
190.000000	42.000000
192.000000	42.000000
194.000000	42.000000
196.000000	42.000000
198.000000	42.000000
200.000000	42.000000
202.000000	42.000000
204.000000	42.000000
206.000000	42.000000
208.000000	42.000000
210.000000	42.000000
212.000000	42.000000
214.000000	42.000000
216.000000	42.000000
218.000000	42.000000
0.000000	44.000000
2.000000	44.000000
4.000000	44.000000
6.000000	44.000000
8.000000	44.000000
10.000000	44.000000
12.000000	44.000000
14.000000	44.000000
16.000000	44.000000
18.000000	44.000000
20.000000	44.000000
22.000000	44.000000
24.000000	44.000000
26.000000	44.000000
28.000000	44.000000
30.000000	44.000000
32.000000	44.000000
34.000000	44.000000
36.000000	44.000000
38.000000	44.000000
40.000000	44.000000
42.000000	44.000000
44.000000	44.000000
46.000000	44.000000
48.000000	44.000000
50.000000	44.000000
52.000000	44.000000
54.000000	44.000000
56.000000	44.000000
58.000000	44.000000
60.000000	44.000000
62.000000	44.000000
64.000000	44.000000
66.000000	44.000000
68.000000	44.000000
70.000000	44.000000
72.000000	44.000000
74.000000	44.000000
76.000000	44.000000
78.000000	44.000000
80.000000	44.000000
82.000000	44.000000
84.000000	44.000000
86.000000	44.000000
88.000000	44.000000
90.000000	44.000000
92.000000	44.000000
94.000000	44.000000
96.000000	44.000000
98.000000	44.000000
100.000000	44.000000
102.000000	44.000000
104.000000	44.000000
106.000000	44.000000
108.000000	44.000000
110.000000	44.000000
112.000000	44.000000
114.000000	44.000000
116.000000	44.000000
118.000000	44.000000
120.000000	44.000000
122.000000	44.000000
124.000000	44.000000
126.000000	44.000000
128.000000	44.000000
130.000000	44.000000
132.000000	44.000000
134.000000	44.000000
136.000000	44.000000
138.000000	44.000000
140.000000	44.000000
142.000000	44.000000
144.000000	44.000000
146.000000	44.000000
148.000000	44.000000
150.000000	44.000000
152.000000	44.000000
154.000000	44.000000
156.000000	44.000000
158.000000	44.000000
160.000000	44.000000
162.000000	44.000000
164.000000	44.000000
166.000000	44.000000
168.000000	44.000000
170.000000	44.000000
172.000000	44.000000
174.000000	44.000000
176.000000	44.000000
178.000000	44.000000
180.000000	44.000000
182.000000	44.000000
184.000000	44.000000
186.000000	44.000000
188.000000	44.000000
190.000000	44.000000
192.000000	44.000000
194.000000	44.000000
196.000000	44.000000
198.000000	44.000000
200.000000	44.000000
202.000000	44.000000
204.000000	44.000000
206.000000	44.000000
208.000000	44.000000
210.000000	44.000000
212.000000	44.000000
214.000000	44.000000
216.000000	44.000000
218.000000	44.000000
0.000000	46.000000
2.000000	46.000000
4.000000	46.000000
6.000000	46.000000
8.000000	46.000000
10.000000	46.000000
12.000000	46.000000
14.000000	46.000000
16.000000	46.000000
18.000000	46.000000
20.000000	46.000000
22.000000	46.000000
24.000000	46.000000
26.000000	46.000000
28.000000	46.000000
30.000000	46.000000
32.000000	46.000000
34.000000	46.000000
36.000000	46.000000
38.000000	46.000000
40.000000	46.000000
42.000000	46.000000
44.000000	46.000000
46.000000	46.000000
48.000000	46.000000
50.000000	46.000000
52.000000	46.000000
54.000000	46.000000
56.000000	46.000000
58.000000	46.000000
60.000000	46.000000
62.000000	46.000000
64.000000	46.000000
66.000000	46.000000
68.000000	46.000000
70.000000	46.000000
72.000000	46.000000
74.000000	46.000000
76.000000	46.000000
78.000000	46.000000
80.000000	46.000000
82.000000	46.000000
84.000000	46.000000
86.000000	46.000000
88.000000	46.000000
90.000000	46.000000
92.000000	46.000000
94.000000	46.000000
96.000000	46.000000
98.000000	46.000000
100.000000	46.000000
102.000000	46.000000
104.000000	46.000000
106.000000	46.000000
108.000000	46.000000
110.000000	46.000000
112.000000	46.000000
114.000000	46.000000
116.000000	46.000000
118.000000	46.000000
120.000000	46.000000
122.000000	46.000000
124.000000	46.000000
126.000000	46.000000
128.000000	46.000000
130.000000	46.000000
132.000000	46.000000
134.000000	46.000000
136.000000	46.000000
138.000000	46.000000
140.000000	46.000000
142.000000	46.000000
144.000000	46.000000
146.000000	46.000000
148.000000	46.000000
150.000000	46.000000
152.000000	46.000000
154.000000	46.000000
156.000000	46.000000
158.000000	46.000000
160.000000	46.000000
162.000000	46.000000
164.000000	46.000000
166.000000	46.000000
168.000000	46.000000
170.000000	46.000000
172.000000	46.000000
174.000000	46.000000
176.000000	46.000000
178.000000	46.000000
180.000000	46.000000
182.000000	46.000000
184.000000	46.000000
186.000000	46.000000
188.000000	46.000000
190.000000	46.000000
192.000000	46.000000
194.000000	46.000000
196.000000	46.000000
198.000000	46.000000
200.000000	46.000000
202.000000	46.000000
204.000000	46.000000
206.000000	46.000000
208.000000	46.000000
210.000000	46.000000
212.000000	46.000000
214.000000	46.000000
216.000000	46.000000
218.000000	46.000000
0.000000	48.000000
2.000000	48.000000
4.000000	48.000000
6.000000	48.000000
8.000000	48.000000
10.000000	48.000000
12.000000	48.000000
14.000000	48.000000
16.000000	48.000000
18.000000	48.000000
20.000000	48.000000
22.000000	48.000000
24.000000	48.000000
26.000000	48.000000
28.000000	48.000000
30.000000	48.000000
32.000000	48.000000
34.000000	48.000000
36.000000	48.000000
38.000000	48.000000
40.000000	48.000000
42.000000	48.000000
44.000000	48.000000
46.000000	48.000000
48.000000	48.000000
50.000000	48.000000
52.000000	48.000000
54.000000	48.000000
56.000000	48.000000
58.000000	48.000000
60.000000	48.000000
62.000000	48.000000
64.000000	48.000000
66.000000	48.000000
68.000000	48.000000
70.000000	48.000000
72.000000	48.000000
74.000000	48.000000
76.000000	48.000000
78.000000	48.000000
80.000000	48.000000
82.000000	48.000000
84.000000	48.000000
86.000000	48.000000
88.000000	48.000000
90.000000	48.000000
92.000000	48.000000
94.000000	48.000000
96.000000	48.000000
98.000000	48.000000
100.000000	48.000000
102.000000	48.000000
104.000000	48.000000
106.000000	48.000000
108.000000	48.000000
110.000000	48.000000
112.000000	48.000000
114.000000	48.000000
116.000000	48.000000
118.000000	48.000000
120.000000	48.000000
122.000000	48.000000
124.000000	48.000000
126.000000	48.000000
128.000000	48.000000
130.000000	48.000000
132.000000	48.000000
134.000000	48.000000
136.000000	48.000000
138.000000	48.000000
140.000000	48.000000
142.000000	48.000000
144.000000	48.000000
146.000000	48.000000
148.000000	48.000000
150.000000	48.000000
152.000000	48.000000
154.000000	48.000000
156.000000	48.000000
158.000000	48.000000
160.000000	48.000000
162.000000	48.000000
164.000000	48.000000
166.000000	48.000000
168.000000	48.000000
170.000000	48.000000
172.000000	48.000000
174.000000	48.000000
176.000000	48.000000
178.000000	48.000000
180.000000	48.000000
182.000000	48.000000
184.000000	48.000000
186.000000	48.000000
188.000000	48.000000
190.000000	48.000000
192.000000	48.000000
194.000000	48.000000
196.000000	48.000000
198.000000	48.000000
200.000000	48.000000
202.000000	48.000000
204.000000	48.000000
206.000000	48.000000
208.000000	48.000000
210.000000	48.000000
212.000000	48.000000
214.000000	48.000000
216.000000	48.000000
218.000000	48.000000
0.000000	50.000000
2.000000	50.000000
4.000000	50.000000
6.000000	50.000000
8.000000	50.000000
10.000000	50.000000
12.000000	50.000000
14.000000	50.000000
16.000000	50.000000
18.000000	50.000000
20.000000	50.000000
22.000000	50.000000
24.000000	50.000000
26.000000	50.000000
28.000000	50.000000
30.000000	50.000000
32.000000	50.000000
34.000000	50.000000
36.000000	50.000000
38.000000	50.000000
40.000000	50.000000
42.000000	50.000000
44.000000	50.000000
46.000000	50.000000
48.000000	50.000000
50.000000	50.000000
52.000000	50.000000
54.000000	50.000000
56.000000	50.000000
58.000000	50.000000
60.000000	50.000000
62.000000	50.000000
64.000000	50.000000
66.000000	50.000000
68.000000	50.000000
70.000000	50.000000
72.000000	50.000000
74.000000	50.000000
76.000000	50.000000
78.000000	50.000000
80.000000	50.000000
82.000000	50.000000
84.000000	50.000000
86.000000	50.000000
88.000000	50.000000
90.000000	50.000000
92.000000	50.000000
94.000000	50.000000
96.000000	50.000000
98.000000	50.000000
100.000000	50.000000
102.000000	50.000000
104.000000	50.000000
106.000000	50.000000
108.000000	50.000000
110.000000	50.000000
112.000000	50.000000
114.000000	50.000000
116.000000	50.000000
118.000000	50.000000
120.000000	50.000000
122.000000	50.000000
124.000000	50.000000
126.000000	50.000000
128.000000	50.000000
130.000000	50.000000
132.000000	50.000000
134.000000	50.000000
136.000000	50.000000
138.000000	50.000000
140.000000	50.000000
142.000000	50.000000
144.000000	50.000000
146.000000	50.000000
148.000000	50.000000
150.000000	50.000000
152.000000	50.000000
154.000000	50.000000
156.000000	50.000000
158.000000	50.000000
160.000000	50.000000
162.000000	50.000000
164.000000	50.000000
166.000000	50.000000
168.000000	50.000000
170.000000	50.000000
172.000000	50.000000
174.000000	50.000000
176.000000	50.000000
178.000000	50.000000
180.000000	50.000000
182.000000	50.000000
184.000000	50.000000
186.000000	50.000000
188.000000	50.000000
190.000000	50.000000
192.000000	50.000000
194.000000	50.000000
196.000000	50.000000
198.000000	50.000000
200.000000	50.000000
202.000000	50.000000
204.000000	50.000000
206.000000	50.000000
208.000000	50.000000
210.000000	50.000000
212.000000	50.000000
214.000000	50.000000
216.000000	50.000000
218.000000	50.000000
0.000000	52.000000
2.000000	52.000000
4.000000	52.000000
6.000000	52.000000
8.000000	52.000000
10.000000	52.000000
12.000000	52.000000
14.000000	52.000000
16.000000	52.000000
18.000000	52.000000
20.000000	52.000000
22.000000	52.000000
24.000000	52.000000
26.000000	52.000000
28.000000	52.000000
30.000000	52.000000
32.000000	52.000000
34.000000	52.000000
36.000000	52.000000
38.000000	52.000000
40.000000	52.000000
42.000000	52.000000
44.000000	52.000000
46.000000	52.000000
48.000000	52.000000
50.000000	52.000000
52.000000	52.000000
54.000000	52.000000
56.000000	52.000000
58.000000	52.000000
60.000000	52.000000
62.000000	52.000000
64.000000	52.000000
66.000000	52.000000
68.000000	52.000000
70.000000	52.000000
72.000000	52.000000
74.000000	52.000000
76.000000	52.000000
78.000000	52.000000
80.000000	52.000000
82.000000	52.000000
84.000000	52.000000
86.000000	52.000000
88.000000	52.000000
90.000000	52.000000
92.000000	52.000000
94.000000	52.000000
96.000000	52.000000
98.000000	52.000000
100.000000	52.000000
102.000000	52.000000
104.000000	52.000000
106.000000	52.000000
108.000000	52.000000
110.000000	52.000000
112.000000	52.000000
114.000000	52.000000
116.000000	52.000000
118.000000	52.000000
120.000000	52.000000
122.000000	52.000000
124.000000	52.000000
126.000000	52.000000
128.000000	52.000000
130.000000	52.000000
132.000000	52.000000
134.000000	52.000000
136.000000	52.000000
138.000000	52.000000
140.000000	52.000000
142.000000	52.000000
144.000000	52.000000
146.000000	52.000000
148.000000	52.000000
150.000000	52.000000
152.000000	52.000000
154.000000	52.000000
156.000000	52.000000
158.000000	52.000000
160.000000	52.000000
162.000000	52.000000
164.000000	52.000000
166.000000	52.000000
168.000000	52.000000
170.000000	52.000000
172.000000	52.000000
174.000000	52.000000
176.000000	52.000000
178.000000	52.000000
180.000000	52.000000
182.000000	52.000000
184.000000	52.000000
186.000000	52.000000
188.000000	52.000000
190.000000	52.000000
192.000000	52.000000
194.000000	52.000000
196.000000	52.000000
198.000000	52.000000
200.000000	52.000000
202.000000	52.000000
204.000000	52.000000
206.000000	52.000000
208.000000	52.000000
210.000000	52.000000
212.000000	52.000000
214.000000	52.000000
216.000000	52.000000
218.000000	52.000000
0.000000	54.000000
2.000000	54.000000
4.000000	54.000000
6.000000	54.000000
8.000000	54.000000
10.000000	54.000000
12.000000	54.000000
14.000000	54.000000
16.000000	54.000000
18.000000	54.000000
20.000000	54.000000
22.000000	54.000000
24.000000	54.000000
26.000000	54.000000
28.000000	54.000000
30.000000	54.000000
32.000000	54.000000
34.000000	54.000000
36.000000	54.000000
38.000000	54.000000
40.000000	54.000000
42.000000	54.000000
44.000000	54.000000
46.000000	54.000000
48.000000	54.000000
50.000000	54.000000
52.000000	54.000000
54.000000	54.000000
56.000000	54.000000
58.000000	54.000000
60.000000	54.000000
62.000000	54.000000
64.000000	54.000000
66.000000	54.000000
68.000000	54.000000
70.000000	54.000000
72.000000	54.000000
74.000000	54.000000
76.000000	54.000000
78.000000	54.000000
80.000000	54.000000
82.000000	54.000000
84.000000	54.000000
86.000000	54.000000
88.000000	54.000000
90.000000	54.000000
92.000000	54.000000
94.000000	54.000000
96.000000	54.000000
98.000000	54.000000
100.000000	54.000000
102.000000	54.000000
104.000000	54.000000
106.000000	54.000000
108.000000	54.000000
110.000000	54.000000
112.000000	54.000000
114.000000	54.000000
116.000000	54.000000
118.000000	54.000000
120.000000	54.000000
122.000000	54.000000
124.000000	54.000000
126.000000	54.000000
128.000000	54.000000
130.000000	54.000000
132.000000	54.000000
134.000000	54.000000
136.000000	54.000000
138.000000	54.000000
140.000000	54.000000
142.000000	54.000000
144.000000	54.000000
146.000000	54.000000
148.000000	54.000000
150.000000	54.000000
152.000000	54.000000
154.000000	54.000000
156.000000	54.000000
158.000000	54.000000
160.000000	54.000000
162.000000	54.000000
164.000000	54.000000
166.000000	54.000000
168.000000	54.000000
170.000000	54.000000
172.000000	54.000000
174.000000	54.000000
176.000000	54.000000
178.000000	54.000000
180.000000	54.000000
182.000000	54.000000
184.000000	54.000000
186.000000	54.000000
188.000000	54.000000
190.000000	54.000000
192.000000	54.000000
194.000000	54.000000
196.000000	54.000000
198.000000	54.000000
200.000000	54.000000
202.000000	54.000000
204.000000	54.000000
206.000000	54.000000
208.000000	54.000000
210.000000	54.000000
212.000000	54.000000
214.000000	54.000000
216.000000	54.000000
218.000000	54.000000
0.000000	56.000000
2.000000	56.000000
4.000000	56.000000
6.000000	56.000000
8.000000	56.000000
10.000000	56.000000
12.000000	56.000000
14.000000	56.000000
16.000000	56.000000
18.000000	56.000000
20.000000	56.000000
22.000000	56.000000
24.000000	56.000000
26.000000	56.000000
28.000000	56.000000
30.000000	56.000000
32.000000	56.000000
34.000000	56.000000
36.000000	56.000000
38.000000	56.000000
40.000000	56.000000
42.000000	56.000000
44.000000	56.000000
46.000000	56.000000
48.000000	56.000000
50.000000	56.000000
52.000000	56.000000
54.000000	56.000000
56.000000	56.000000
58.000000	56.000000
60.000000	56.000000
62.000000	56.000000
64.000000	56.000000
66.000000	56.000000
68.000000	56.000000
70.000000	56.000000
72.000000	56.000000
74.000000	56.000000
76.000000	56.000000
78.000000	56.000000
80.000000	56.000000
82.000000	56.000000
84.000000	56.000000
86.000000	56.000000
88.000000	56.000000
90.000000	56.000000
92.000000	56.000000
94.000000	56.000000
96.000000	56.000000
98.000000	56.000000
100.000000	56.000000
102.000000	56.000000
104.000000	56.000000
106.000000	56.000000
108.000000	56.000000
110.000000	56.000000
112.000000	56.000000
114.000000	56.000000
116.000000	56.000000
118.000000	56.000000
120.000000	56.000000
122.000000	56.000000
124.000000	56.000000
126.000000	56.000000
128.000000	56.000000
130.000000	56.000000
132.000000	56.000000
134.000000	56.000000
136.000000	56.000000
138.000000	56.000000
140.000000	56.000000
142.000000	56.000000
144.000000	56.000000
146.000000	56.000000
148.000000	56.000000
150.000000	56.000000
152.000000	56.000000
154.000000	56.000000
156.000000	56.000000
158.000000	56.000000
160.000000	56.000000
162.000000	56.000000
164.000000	56.000000
166.000000	56.000000
168.000000	56.000000
170.000000	56.000000
172.000000	56.000000
174.000000	56.000000
176.000000	56.000000
178.000000	56.000000
180.000000	56.000000
182.000000	56.000000
184.000000	56.000000
186.000000	56.000000
188.000000	56.000000
190.000000	56.000000
192.000000	56.000000
194.000000	56.000000
196.000000	56.000000
198.000000	56.000000
200.000000	56.000000
202.000000	56.000000
204.000000	56.000000
206.000000	56.000000
208.000000	56.000000
210.000000	56.000000
212.000000	56.000000
214.000000	56.000000
216.000000	56.000000
218.000000	56.000000
0.000000	58.000000
2.000000	58.000000
4.000000	58.000000
6.000000	58.000000
8.000000	58.000000
10.000000	58.000000
12.000000	58.000000
14.000000	58.000000
16.000000	58.000000
18.000000	58.000000
20.000000	58.000000
22.000000	58.000000
24.000000	58.000000
26.000000	58.000000
28.000000	58.000000
30.000000	58.000000
32.000000	58.000000
34.000000	58.000000
36.000000	58.000000
38.000000	58.000000
40.000000	58.000000
42.000000	58.000000
44.000000	58.000000
46.000000	58.000000
48.000000	58.000000
50.000000	58.000000
52.000000	58.000000
54.000000	58.000000
56.000000	58.000000
58.000000	58.000000
60.000000	58.000000
62.000000	58.000000
64.000000	58.000000
66.000000	58.000000
68.000000	58.000000
70.000000	58.000000
72.000000	58.000000
74.000000	58.000000
76.000000	58.000000
78.000000	58.000000
80.000000	58.000000
82.000000	58.000000
84.000000	58.000000
86.000000	58.000000
88.000000	58.000000
90.000000	58.000000
92.000000	58.000000
94.000000	58.000000
96.000000	58.000000
98.000000	58.000000
100.000000	58.000000
102.000000	58.000000
104.000000	58.000000
106.000000	58.000000
108.000000	58.000000
110.000000	58.000000
112.000000	58.000000
114.000000	58.000000
116.000000	58.000000
118.000000	58.000000
120.000000	58.000000
122.000000	58.000000
124.000000	58.000000
126.000000	58.000000
128.000000	58.000000
130.000000	58.000000
132.000000	58.000000
134.000000	58.000000
136.000000	58.000000
138.000000	58.000000
140.000000	58.000000
142.000000	58.000000
144.000000	58.000000
146.000000	58.000000
148.000000	58.000000
150.000000	58.000000
152.000000	58.000000
154.000000	58.000000
156.000000	58.000000
158.000000	58.000000
160.000000	58.000000
162.000000	58.000000
164.000000	58.000000
166.000000	58.000000
168.000000	58.000000
170.000000	58.000000
172.000000	58.000000
174.000000	58.000000
176.000000	58.000000
178.000000	58.000000
180.000000	58.000000
182.000000	58.000000
184.000000	58.000000
186.000000	58.000000
188.000000	58.000000
190.000000	58.000000
192.000000	58.000000
194.000000	58.000000
196.000000	58.000000
198.000000	58.000000
200.000000	58.000000
202.000000	58.000000
204.000000	58.000000
206.000000	58.000000
208.000000	58.000000
210.000000	58.000000
212.000000	58.000000
214.000000	58.000000
216.000000	58.000000
218.000000	58.000000
0.000000	60.000000
2.000000	60.000000
4.000000	60.000000
6.000000	60.000000
8.000000	60.000000
10.000000	60.000000
12.000000	60.000000
14.000000	60.000000
16.000000	60.000000
18.000000	60.000000
20.000000	60.000000
22.000000	60.000000
24.000000	60.000000
26.000000	60.000000
28.000000	60.000000
30.000000	60.000000
32.000000	60.000000
34.000000	60.000000
36.000000	60.000000
38.000000	60.000000
40.000000	60.000000
42.000000	60.000000
44.000000	60.000000
46.000000	60.000000
48.000000	60.000000
50.000000	60.000000
52.000000	60.000000
54.000000	60.000000
56.000000	60.000000
58.000000	60.000000
60.000000	60.000000
62.000000	60.000000
64.000000	60.000000
66.000000	60.000000
68.000000	60.000000
70.000000	60.000000
72.000000	60.000000
74.000000	60.000000
76.000000	60.000000
78.000000	60.000000
80.000000	60.000000
82.000000	60.000000
84.000000	60.000000
86.000000	60.000000
88.000000	60.000000
90.000000	60.000000
92.000000	60.000000
94.000000	60.000000
96.000000	60.000000
98.000000	60.000000
100.000000	60.000000
102.000000	60.000000
104.000000	60.000000
106.000000	60.000000
108.000000	60.000000
110.000000	60.000000
112.000000	60.000000
114.000000	60.000000
116.000000	60.000000
118.000000	60.000000
120.000000	60.000000
122.000000	60.000000
124.000000	60.000000
126.000000	60.000000
128.000000	60.000000
130.000000	60.000000
132.000000	60.000000
134.000000	60.000000
136.000000	60.000000
138.000000	60.000000
140.000000	60.000000
142.000000	60.000000
144.000000	60.000000
146.000000	60.000000
148.000000	60.000000
150.000000	60.000000
152.000000	60.000000
154.000000	60.000000
156.000000	60.000000
158.000000	60.000000
160.000000	60.000000
162.000000	60.000000
164.000000	60.000000
166.000000	60.000000
168.000000	60.000000
170.000000	60.000000
172.000000	60.000000
174.000000	60.000000
176.000000	60.000000
178.000000	60.000000
180.000000	60.000000
182.000000	60.000000
184.000000	60.000000
186.000000	60.000000
188.000000	60.000000
190.000000	60.000000
192.000000	60.000000
194.000000	60.000000
196.000000	60.000000
198.000000	60.000000
200.000000	60.000000
202.000000	60.000000
204.000000	60.000000
206.000000	60.000000
208.000000	60.000000
210.000000	60.000000
212.000000	60.000000
214.000000	60.000000
216.000000	60.000000
218.000000	60.000000
0	1	111	110
1	2	112	111
2	3	113	112
3	4	114	113
4	5	115	114
5	6	116	115
6	7	117	116
7	8	118	117
8	9	119	118
9	10	120	119
10	11	121	120
11	12	122	121
12	13	123	122
13	14	124	123
14	15	125	124
15	16	126	125
16	17	127	126
17	18	128	127
18	19	129	128
19	20	130	129
20	21	131	130
21	22	132	131
22	23	133	132
23	24	134	133
24	25	135	134
25	26	136	135
26	27	137	136
27	28	138	137
28	29	139	138
29	30	140	139
30	31	141	140
31	32	142	141
32	33	143	142
33	34	144	143
34	35	145	144
35	36	146	145
36	37	147	146
37	38	148	147
38	39	149	148
39	40	150	149
40	41	151	150
41	42	152	151
42	43	153	152
43	44	154	153
44	45	155	154
45	46	156	155
46	47	157	156
47	48	158	157
48	49	159	158
49	50	160	159
50	51	161	160
51	52	162	161
52	53	163	162
53	54	164	163
54	55	165	164
55	56	166	165
56	57	167	166
57	58	168	167
58	59	169	168
59	60	170	169
60	61	171	170
61	62	172	171
62	63	173	172
63	64	174	173
64	65	175	174
65	66	176	175
66	67	177	176
67	68	178	177
68	69	179	178
69	70	180	179
70	71	181	180
71	72	182	181
72	73	183	182
73	74	184	183
74	75	185	184
75	76	186	185
76	77	187	186
77	78	188	187
78	79	189	188
79	80	190	189
80	81	191	190
81	82	192	191
82	83	193	192
83	84	194	193
84	85	195	194
85	86	196	195
86	87	197	196
87	88	198	197
88	89	199	198
89	90	200	199
90	91	201	200
91	92	202	201
92	93	203	202
93	94	204	203
94	95	205	204
95	96	206	205
96	97	207	206
97	98	208	207
98	99	209	208
99	100	210	209
100	101	211	210
101	102	212	211
102	103	213	212
103	104	214	213
104	105	215	214
105	106	216	215
106	107	217	216
107	108	218	217
108	109	219	218
110	111	221	220
111	112	222	221
112	113	223	222
113	114	224	223
114	115	225	224
115	116	226	225
116	117	227	226
117	118	228	227
118	119	229	228
119	120	230	229
120	121	231	230
121	122	232	231
122	123	233	232
123	124	234	233
124	125	235	234
125	126	236	235
126	127	237	236
127	128	238	237
128	129	239	238
129	130	240	239
130	131	241	240
131	132	242	241
132	133	243	242
133	134	244	243
134	135	245	244
135	136	246	245
136	137	247	246
137	138	248	247
138	139	249	248
139	140	250	249
140	141	251	250
141	142	252	251
142	143	253	252
143	144	254	253
144	145	255	254
145	146	256	255
146	147	257	256
147	148	258	257
148	149	259	258
149	150	260	259
150	151	261	260
151	152	262	261
152	153	263	262
153	154	264	263
154	155	265	264
155	156	266	265
156	157	267	266
157	158	268	267
158	159	269	268
159	160	270	269
160	161	271	270
161	162	272	271
162	163	273	272
163	164	274	273
164	165	275	274
165	166	276	275
166	167	277	276
167	168	278	277
168	169	279	278
169	170	280	279
170	171	281	280
171	172	282	281
172	173	283	282
173	174	284	283
174	175	285	284
175	176	286	285
176	177	287	286
177	178	288	287
178	179	289	288
179	180	290	289
180	181	291	290
181	182	292	291
182	183	293	292
183	184	294	293
184	185	295	294
185	186	296	295
186	187	297	296
187	188	298	297
188	189	299	298
189	190	300	299
190	191	301	300
191	192	302	301
192	193	303	302
193	194	304	303
194	195	305	304
195	196	306	305
196	197	307	306
197	198	308	307
198	199	309	308
199	200	310	309
200	201	311	310
201	202	312	311
202	203	313	312
203	204	314	313
204	205	315	314
205	206	316	315
206	207	317	316
207	208	318	317
208	209	319	318
209	210	320	319
210	211	321	320
211	212	322	321
212	213	323	322
213	214	324	323
214	215	325	324
215	216	326	325
216	217	327	326
217	218	328	327
218	219	329	328
220	221	331	330
221	222	332	331
222	223	333	332
223	224	334	333
224	225	335	334
225	226	336	335
226	227	337	336
227	228	338	337
228	229	339	338
229	230	340	339
230	231	341	340
231	232	342	341
232	233	343	342
233	234	344	343
234	235	345	344
235	236	346	345
236	237	347	346
237	238	348	347
238	239	349	348
239	240	350	349
240	241	351	350
241	242	352	351
242	243	353	352
243	244	354	353
244	245	355	354
245	246	356	355
246	247	357	356
247	248	358	357
248	249	359	358
249	250	360	359
250	251	361	360
251	252	362	361
252	253	363	362
253	254	364	363
254	255	365	364
255	256	366	365
256	257	367	366
257	258	368	367
258	259	369	368
259	260	370	369
260	261	371	370
261	262	372	371
262	263	373	372
263	264	374	373
264	265	375	374
265	266	376	375
266	267	377	376
267	268	378	377
268	269	379	378
269	270	380	379
270	271	381	380
271	272	382	381
272	273	383	382
273	274	384	383
274	275	385	384
275	276	386	385
276	277	387	386
277	278	388	387
278	279	389	388
279	280	390	389
280	281	391	390
281	282	392	391
282	283	393	392
283	284	394	393
284	285	395	394
285	286	396	395
286	287	397	396
287	288	398	397
288	289	399	398
289	290	400	399
290	291	401	400
291	292	402	401
292	293	403	402
293	294	404	403
294	295	405	404
295	296	406	405
296	297	407	406
297	298	408	407
298	299	409	408
299	300	410	409
300	301	411	410
301	302	412	411
302	303	413	412
303	304	414	413
304	305	415	414
305	306	416	415
306	307	417	416
307	308	418	417
308	309	419	418
309	310	420	419
310	311	421	420
311	312	422	421
312	313	423	422
313	314	424	423
314	315	425	424
315	316	426	425
316	317	427	426
317	318	428	427
318	319	429	428
319	320	430	429
320	321	431	430
321	322	432	431
322	323	433	432
323	324	434	433
324	325	435	434
325	326	436	435
326	327	437	436
327	328	438	437
328	329	439	438
330	331	441	440
331	332	442	441
332	333	443	442
333	334	444	443
334	335	445	444
335	336	446	445
336	337	447	446
337	338	448	447
338	339	449	448
339	340	450	449
340	341	451	450
341	342	452	451
342	343	453	452
343	344	454	453
344	345	455	454
345	346	456	455
346	347	457	456
347	348	458	457
348	349	459	458
349	350	460	459
350	351	461	460
351	352	462	461
352	353	463	462
353	354	464	463
354	355	465	464
355	356	466	465
356	357	467	466
357	358	468	467
358	359	469	468
359	360	470	469
360	361	471	470
361	362	472	471
362	363	473	472
363	364	474	473
364	365	475	474
365	366	476	475
366	367	477	476
367	368	478	477
368	369	479	478
369	370	480	479
370	371	481	480
371	372	482	481
372	373	483	482
373	374	484	483
374	375	485	484
375	376	486	485
376	377	487	486
377	378	488	487
378	379	489	488
379	380	490	489
380	381	491	490
381	382	492	491
382	383	493	492
383	384	494	493
384	385	495	494
385	386	496	495
386	387	497	496
387	388	498	497
388	389	499	498
389	390	500	499
390	391	501	500
391	392	502	501
392	393	503	502
393	394	504	503
394	395	505	504
395	396	506	505
396	397	507	506
397	398	508	507
398	399	509	508
399	400	510	509
400	401	511	510
401	402	512	511
402	403	513	512
403	404	514	513
404	405	515	514
405	406	516	515
406	407	517	516
407	408	518	517
408	409	519	518
409	410	520	519
410	411	521	520
411	412	522	521
412	413	523	522
413	414	524	523
414	415	525	524
415	416	526	525
416	417	527	526
417	418	528	527
418	419	529	528
419	420	530	529
420	421	531	530
421	422	532	531
422	423	533	532
423	424	534	533
424	425	535	534
425	426	536	535
426	427	537	536
427	428	538	537
428	429	539	538
429	430	540	539
430	431	541	540
431	432	542	541
432	433	543	542
433	434	544	543
434	435	545	544
435	436	546	545
436	437	547	546
437	438	548	547
438	439	549	548
440	441	551	550
441	442	552	551
442	443	553	552
443	444	554	553
444	445	555	554
445	446	556	555
446	447	557	556
447	448	558	557
448	449	559	558
449	450	560	559
450	451	561	560
451	452	562	561
452	453	563	562
453	454	564	563
454	455	565	564
455	456	566	565
456	457	567	566
457	458	568	567
458	459	569	568
459	460	570	569
460	461	571	570
461	462	572	571
462	463	573	572
463	464	574	573
464	465	575	574
465	466	576	575
466	467	577	576
467	468	578	577
468	469	579	578
469	470	580	579
470	471	581	580
471	472	582	581
472	473	583	582
473	474	584	583
474	475	585	584
475	476	586	585
476	477	587	586
477	478	588	587
478	479	589	588
479	480	590	589
480	481	591	590
481	482	592	591
482	483	593	592
483	484	594	593
484	485	595	594
485	486	596	595
486	487	597	596
487	488	598	597
488	489	599	598
489	490	600	599
490	491	601	600
491	492	602	601
492	493	603	602
493	494	604	603
494	495	605	604
495	496	606	605
496	497	607	606
497	498	608	607
498	499	609	608
499	500	610	609
500	501	611	610
501	502	612	611
502	503	613	612
503	504	614	613
504	505	615	614
505	506	616	615
506	507	617	616
507	508	618	617
508	509	619	618
509	510	620	619
510	511	621	620
511	512	622	621
512	513	623	622
513	514	624	623
514	515	625	624
515	516	626	625
516	517	627	626
517	518	628	627
518	519	629	628
519	520	630	629
520	521	631	630
521	522	632	631
522	523	633	632
523	524	634	633
524	525	635	634
525	526	636	635
526	527	637	636
527	528	638	637
528	529	639	638
529	530	640	639
530	531	641	640
531	532	642	641
532	533	643	642
533	534	644	643
534	535	645	644
535	536	646	645
536	537	647	646
537	538	648	647
538	539	649	648
539	540	650	649
540	541	651	650
541	542	652	651
542	543	653	652
543	544	654	653
544	545	655	654
545	546	656	655
546	547	657	656
547	548	658	657
548	549	659	658
550	551	661	660
551	552	662	661
552	553	663	662
553	554	664	663
554	555	665	664
555	556	666	665
556	557	667	666
557	558	668	667
558	559	669	668
559	560	670	669
560	561	671	670
561	562	672	671
562	563	673	672
563	564	674	673
564	565	675	674
565	566	676	675
566	567	677	676
567	568	678	677
568	569	679	678
569	570	680	679
570	571	681	680
571	572	682	681
572	573	683	682
573	574	684	683
574	575	685	684
575	576	686	685
576	577	687	686
577	578	688	687
578	579	689	688
579	580	690	689
580	581	691	690
581	582	692	691
582	583	693	692
583	584	694	693
584	585	695	694
585	586	696	695
586	587	697	696
587	588	698	697
588	589	699	698
589	590	700	699
590	591	701	700
591	592	702	701
592	593	703	702
593	594	704	703
594	595	705	704
595	596	706	705
596	597	707	706
597	598	708	707
598	599	709	708
599	600	710	709
600	601	711	710
601	602	712	711
602	603	713	712
603	604	714	713
604	605	715	714
605	606	716	715
606	607	717	716
607	608	718	717
608	609	719	718
609	610	720	719
610	611	721	720
611	612	722	721
612	613	723	722
613	614	724	723
614	615	725	724
615	616	726	725
616	617	727	726
617	618	728	727
618	619	729	728
619	620	730	729
620	621	731	730
621	622	732	731
622	623	733	732
623	624	734	733
624	625	735	734
625	626	736	735
626	627	737	736
627	628	738	737
628	629	739	738
629	630	740	739
630	631	741	740
631	632	742	741
632	633	743	742
633	634	744	743
634	635	745	744
635	636	746	745
636	637	747	746
637	638	748	747
638	639	749	748
639	640	750	749
640	641	751	750
641	642	752	751
642	643	753	752
643	644	754	753
644	645	755	754
645	646	756	755
646	647	757	756
647	648	758	757
648	649	759	758
649	650	760	759
650	651	761	760
651	652	762	761
652	653	763	762
653	654	764	763
654	655	765	764
655	656	766	765
656	657	767	766
657	658	768	767
658	659	769	768
660	661	771	770
661	662	772	771
662	663	773	772
663	664	774	773
664	665	775	774
665	666	776	775
666	667	777	776
667	668	778	777
668	669	779	778
669	670	780	779
670	671	781	780
671	672	782	781
672	673	783	782
673	674	784	783
674	675	785	784
675	676	786	785
676	677	787	786
677	678	788	787
678	679	789	788
679	680	790	789
680	681	791	790
681	682	792	791
682	683	793	792
683	684	794	793
684	685	795	794
685	686	796	795
686	687	797	796
687	688	798	797
688	689	799	798
689	690	800	799
690	691	801	800
691	692	802	801
692	693	803	802
693	694	804	803
694	695	805	804
695	696	806	805
696	697	807	806
697	698	808	807
698	699	809	808
699	700	810	809
700	701	811	810
701	702	812	811
702	703	813	812
703	704	814	813
704	705	815	814
705	706	816	815
706	707	817	816
707	708	818	817
708	709	819	818
709	710	820	819
710	711	821	820
711	712	822	821
712	713	823	822
713	714	824	823
714	715	825	824
715	716	826	825
716	717	827	826
717	718	828	827
718	719	829	828
719	720	830	829
720	721	831	830
721	722	832	831
722	723	833	832
723	724	834	833
724	725	835	834
725	726	836	835
726	727	837	836
727	728	838	837
728	729	839	838
729	730	840	839
730	731	841	840
731	732	842	841
732	733	843	842
733	734	844	843
734	735	845	844
735	736	846	845
736	737	847	846
737	738	848	847
738	739	849	848
739	740	850	849
740	741	851	850
741	742	852	851
742	743	853	852
743	744	854	853
744	745	855	854
745	746	856	855
746	747	857	856
747	748	858	857
748	749	859	858
749	750	860	859
750	751	861	860
751	752	862	861
752	753	863	862
753	754	864	863
754	755	865	864
755	756	866	865
756	757	867	866
757	758	868	867
758	759	869	868
759	760	870	869
760	761	871	870
761	762	872	871
762	763	873	872
763	764	874	873
764	765	875	874
765	766	876	875
766	767	877	876
767	768	878	877
768	769	879	878
770	771	881	880
771	772	882	881
772	773	883	882
773	774	884	883
774	775	885	884
775	776	886	885
776	777	887	886
777	778	888	887
778	779	889	888
779	780	890	889
780	781	891	890
781	782	892	891
782	783	893	892
783	784	894	893
784	785	895	894
785	786	896	895
786	787	897	896
787	788	898	897
788	789	899	898
789	790	900	899
790	791	901	900
791	792	902	901
792	793	903	902
793	794	904	903
794	795	905	904
795	796	906	905
796	797	907	906
797	798	908	907
798	799	909	908
799	800	910	909
800	801	911	910
801	802	912	911
802	803	913	912
803	804	914	913
804	805	915	914
805	806	916	915
806	807	917	916
807	808	918	917
808	809	919	918
809	810	920	919
810	811	921	920
811	812	922	921
812	813	923	922
813	814	924	923
814	815	925	924
815	816	926	925
816	817	927	926
817	818	928	927
818	819	929	928
819	820	930	929
820	821	931	930
821	822	932	931
822	823	933	932
823	824	934	933
824	825	935	934
825	826	936	935
826	827	937	936
827	828	938	937
828	829	939	938
829	830	940	939
830	831	941	940
831	832	942	941
832	833	943	942
833	834	944	943
834	835	945	944
835	836	946	945
836	837	947	946
837	838	948	947
838	839	949	948
839	840	950	949
840	841	951	950
841	842	952	951
842	843	953	952
843	844	954	953
844	845	955	954
845	846	956	955
846	847	957	956
847	848	958	957
848	849	959	958
849	850	960	959
850	851	961	960
851	852	962	961
852	853	963	962
853	854	964	963
854	855	965	964
855	856	966	965
856	857	967	966
857	858	968	967
858	859	969	968
859	860	970	969
860	861	971	970
861	862	972	971
862	863	973	972
863	864	974	973
864	865	975	974
865	866	976	975
866	867	977	976
867	868	978	977
868	869	979	978
869	870	980	979
870	871	981	980
871	872	982	981
872	873	983	982
873	874	984	983
874	875	985	984
875	876	986	985
876	877	987	986
877	878	988	987
878	879	989	988
880	881	991	990
881	882	992	991
882	883	993	992
883	884	994	993
884	885	995	994
885	886	996	995
886	887	997	996
887	888	998	997
888	889	999	998
889	890	1000	999
890	891	1001	1000
891	892	1002	1001
892	893	1003	1002
893	894	1004	1003
894	895	1005	1004
895	896	1006	1005
896	897	1007	1006
897	898	1008	1007
898	899	1009	1008
899	900	1010	1009
900	901	1011	1010
901	902	1012	1011
902	903	1013	1012
903	904	1014	1013
904	905	1015	1014
905	906	1016	1015
906	907	1017	1016
907	908	1018	1017
908	909	1019	1018
909	910	1020	1019
910	911	1021	1020
911	912	1022	1021
912	913	1023	1022
913	914	1024	1023
914	915	1025	1024
915	916	1026	1025
916	917	1027	1026
917	918	1028	1027
918	919	1029	1028
919	920	1030	1029
920	921	1031	1030
921	922	1032	1031
922	923	1033	1032
923	924	1034	1033
924	925	1035	1034
925	926	1036	1035
926	927	1037	1036
927	928	1038	1037
928	929	1039	1038
929	930	1040	1039
930	931	1041	1040
931	932	1042	1041
932	933	1043	1042
933	934	1044	1043
934	935	1045	1044
935	936	1046	1045
936	937	1047	1046
937	938	1048	1047
938	939	1049	1048
939	940	1050	1049
940	941	1051	1050
941	942	1052	1051
942	943	1053	1052
943	944	1054	1053
944	945	1055	1054
945	946	1056	1055
946	947	1057	1056
947	948	1058	1057
948	949	1059	1058
949	950	1060	1059
950	951	1061	1060
951	952	1062	1061
952	953	1063	1062
953	954	1064	1063
954	955	1065	1064
955	956	1066	1065
956	957	1067	1066
957	958	1068	1067
958	959	1069	1068
959	960	1070	1069
960	961	1071	1070
961	962	1072	1071
962	963	1073	1072
963	964	1074	1073
964	965	1075	1074
965	966	1076	1075
966	967	1077	1076
967	968	1078	1077
968	969	1079	1078
969	970	1080	1079
970	971	1081	1080
971	972	1082	1081
972	973	1083	1082
973	974	1084	1083
974	975	1085	1084
975	976	1086	1085
976	977	1087	1086
977	978	1088	1087
978	979	1089	1088
979	980	1090	1089
980	981	1091	1090
981	982	1092	1091
982	983	1093	1092
983	984	1094	1093
984	985	1095	1094
985	986	1096	1095
986	987	1097	1096
987	988	1098	1097
988	989	1099	1098
990	991	1101	1100
991	992	1102	1101
992	993	1103	1102
993	994	1104	1103
994	995	1105	1104
995	996	1106	1105
996	997	1107	1106
997	998	1108	1107
998	999	1109	1108
999	1000	1110	1109
1000	1001	1111	1110
1001	1002	1112	1111
1002	1003	1113	1112
1003	1004	1114	1113
1004	1005	1115	1114
1005	1006	1116	1115
1006	1007	1117	1116
1007	1008	1118	1117
1008	1009	1119	1118
1009	1010	1120	1119
1010	1011	1121	1120
1011	1012	1122	1121
1012	1013	1123	1122
1013	1014	1124	1123
1014	1015	1125	1124
1015	1016	1126	1125
1016	1017	1127	1126
1017	1018	1128	1127
1018	1019	1129	1128
1019	1020	1130	1129
1020	1021	1131	1130
1021	1022	1132	1131
1022	1023	1133	1132
1023	1024	1134	1133
1024	1025	1135	1134
1025	1026	1136	1135
1026	1027	1137	1136
1027	1028	1138	1137
1028	1029	1139	1138
1029	1030	1140	1139
1030	1031	1141	1140
1031	1032	1142	1141
1032	1033	1143	1142
1033	1034	1144	1143
1034	1035	1145	1144
1035	1036	1146	1145
1036	1037	1147	1146
1037	1038	1148	1147
1038	1039	1149	1148
1039	1040	1150	1149
1040	1041	1151	1150
1041	1042	1152	1151
1042	1043	1153	1152
1043	1044	1154	1153
1044	1045	1155	1154
1045	1046	1156	1155
1046	1047	1157	1156
1047	1048	1158	1157
1048	1049	1159	1158
1049	1050	1160	1159
1050	1051	1161	1160
1051	1052	1162	1161
1052	1053	1163	1162
1053	1054	1164	1163
1054	1055	1165	1164
1055	1056	1166	1165
1056	1057	1167	1166
1057	1058	1168	1167
1058	1059	1169	1168
1059	1060	1170	1169
1060	1061	1171	1170
1061	1062	1172	1171
1062	1063	1173	1172
1063	1064	1174	1173
1064	1065	1175	1174
1065	1066	1176	1175
1066	1067	1177	1176
1067	1068	1178	1177
1068	1069	1179	1178
1069	1070	1180	1179
1070	1071	1181	1180
1071	1072	1182	1181
1072	1073	1183	1182
1073	1074	1184	1183
1074	1075	1185	1184
1075	1076	1186	1185
1076	1077	1187	1186
1077	1078	1188	1187
1078	1079	1189	1188
1079	1080	1190	1189
1080	1081	1191	1190
1081	1082	1192	1191
1082	1083	1193	1192
1083	1084	1194	1193
1084	1085	1195	1194
1085	1086	1196	1195
1086	1087	1197	1196
1087	1088	1198	1197
1088	1089	1199	1198
1089	1090	1200	1199
1090	1091	1201	1200
1091	1092	1202	1201
1092	1093	1203	1202
1093	1094	1204	1203
1094	1095	1205	1204
1095	1096	1206	1205
1096	1097	1207	1206
1097	1098	1208	1207
1098	1099	1209	1208
1100	1101	1211	1210
1101	1102	1212	1211
1102	1103	1213	1212
1103	1104	1214	1213
1104	1105	1215	1214
1105	1106	1216	1215
1106	1107	1217	1216
1107	1108	1218	1217
1108	1109	1219	1218
1109	1110	1220	1219
1110	1111	1221	1220
1111	1112	1222	1221
1112	1113	1223	1222
1113	1114	1224	1223
1114	1115	1225	1224
1115	1116	1226	1225
1116	1117	1227	1226
1117	1118	1228	1227
1118	1119	1229	1228
1119	1120	1230	1229
1120	1121	1231	1230
1121	1122	1232	1231
1122	1123	1233	1232
1123	1124	1234	1233
1124	1125	1235	1234
1125	1126	1236	1235
1126	1127	1237	1236
1127	1128	1238	1237
1128	1129	1239	1238
1129	1130	1240	1239
1130	1131	1241	1240
1131	1132	1242	1241
1132	1133	1243	1242
1133	1134	1244	1243
1134	1135	1245	1244
1135	1136	1246	1245
1136	1137	1247	1246
1137	1138	1248	1247
1138	1139	1249	1248
1139	1140	1250	1249
1140	1141	1251	1250
1141	1142	1252	1251
1142	1143	1253	1252
1143	1144	1254	1253
1144	1145	1255	1254
1145	1146	1256	1255
1146	1147	1257	1256
1147	1148	1258	1257
1148	1149	1259	1258
1149	1150	1260	1259
1150	1151	1261	1260
1151	1152	1262	1261
1152	1153	1263	1262
1153	1154	1264	1263
1154	1155	1265	1264
1155	1156	1266	1265
1156	1157	1267	1266
1157	1158	1268	1267
1158	1159	1269	1268
1159	1160	1270	1269
1160	1161	1271	1270
1161	1162	1272	1271
1162	1163	1273	1272
1163	1164	1274	1273
1164	1165	1275	1274
1165	1166	1276	1275
1166	1167	1277	1276
1167	1168	1278	1277
1168	1169	1279	1278
1169	1170	1280	1279
1170	1171	1281	1280
1171	1172	1282	1281
1172	1173	1283	1282
1173	1174	1284	1283
1174	1175	1285	1284
1175	1176	1286	1285
1176	1177	1287	1286
1177	1178	1288	1287
1178	1179	1289	1288
1179	1180	1290	1289
1180	1181	1291	1290
1181	1182	1292	1291
1182	1183	1293	1292
1183	1184	1294	1293
1184	1185	1295	1294
1185	1186	1296	1295
1186	1187	1297	1296
1187	1188	1298	1297
1188	1189	1299	1298
1189	1190	1300	1299
1190	1191	1301	1300
1191	1192	1302	1301
1192	1193	1303	1302
1193	1194	1304	1303
1194	1195	1305	1304
1195	1196	1306	1305
1196	1197	1307	1306
1197	1198	1308	1307
1198	1199	1309	1308
1199	1200	1310	1309
1200	1201	1311	1310
1201	1202	1312	1311
1202	1203	1313	1312
1203	1204	1314	1313
1204	1205	1315	1314
1205	1206	1316	1315
1206	1207	1317	1316
1207	1208	1318	1317
1208	1209	1319	1318
1210	1211	1321	1320
1211	1212	1322	1321
1212	1213	1323	1322
1213	1214	1324	1323
1214	1215	1325	1324
1215	1216	1326	1325
1216	1217	1327	1326
1217	1218	1328	1327
1218	1219	1329	1328
1219	1220	1330	1329
1220	1221	1331	1330
1221	1222	1332	1331
1222	1223	1333	1332
1223	1224	1334	1333
1224	1225	1335	1334
1225	1226	1336	1335
1226	1227	1337	1336
1227	1228	1338	1337
1228	1229	1339	1338
1229	1230	1340	1339
1230	1231	1341	1340
1231	1232	1342	1341
1232	1233	1343	1342
1233	1234	1344	1343
1234	1235	1345	1344
1235	1236	1346	1345
1236	1237	1347	1346
1237	1238	1348	1347
1238	1239	1349	1348
1239	1240	1350	1349
1240	1241	1351	1350
1241	1242	1352	1351
1242	1243	1353	1352
1243	1244	1354	1353
1244	1245	1355	1354
1245	1246	1356	1355
1246	1247	1357	1356
1247	1248	1358	1357
1248	1249	1359	1358
1249	1250	1360	1359
1250	1251	1361	1360
1251	1252	1362	1361
1252	1253	1363	1362
1253	1254	1364	1363
1254	1255	1365	1364
1255	1256	1366	1365
1256	1257	1367	1366
1257	1258	1368	1367
1258	1259	1369	1368
1259	1260	1370	1369
1260	1261	1371	1370
1261	1262	1372	1371
1262	1263	1373	1372
1263	1264	1374	1373
1264	1265	1375	1374
1265	1266	1376	1375
1266	1267	1377	1376
1267	1268	1378	1377
1268	1269	1379	1378
1269	1270	1380	1379
1270	1271	1381	1380
1271	1272	1382	1381
1272	1273	1383	1382
1273	1274	1384	1383
1274	1275	1385	1384
1275	1276	1386	1385
1276	1277	1387	1386
1277	1278	1388	1387
1278	1279	1389	1388
1279	1280	1390	1389
1280	1281	1391	1390
1281	1282	1392	1391
1282	1283	1393	1392
1283	1284	1394	1393
1284	1285	1395	1394
1285	1286	1396	1395
1286	1287	1397	1396
1287	1288	1398	1397
1288	1289	1399	1398
1289	1290	1400	1399
1290	1291	1401	1400
1291	1292	1402	1401
1292	1293	1403	1402
1293	1294	1404	1403
1294	1295	1405	1404
1295	1296	1406	1405
1296	1297	1407	1406
1297	1298	1408	1407
1298	1299	1409	1408
1299	1300	1410	1409
1300	1301	1411	1410
1301	1302	1412	1411
1302	1303	1413	1412
1303	1304	1414	1413
1304	1305	1415	1414
1305	1306	1416	1415
1306	1307	1417	1416
1307	1308	1418	1417
1308	1309	1419	1418
1309	1310	1420	1419
1310	1311	1421	1420
1311	1312	1422	1421
1312	1313	1423	1422
1313	1314	1424	1423
1314	1315	1425	1424
1315	1316	1426	1425
1316	1317	1427	1426
1317	1318	1428	1427
1318	1319	1429	1428
1320	1321	1431	1430
1321	1322	1432	1431
1322	1323	1433	1432
1323	1324	1434	1433
1324	1325	1435	1434
1325	1326	1436	1435
1326	1327	1437	1436
1327	1328	1438	1437
1328	1329	1439	1438
1329	1330	1440	1439
1330	1331	1441	1440
1331	1332	1442	1441
1332	1333	1443	1442
1333	1334	1444	1443
1334	1335	1445	1444
1335	1336	1446	1445
1336	1337	1447	1446
1337	1338	1448	1447
1338	1339	1449	1448
1339	1340	1450	1449
1340	1341	1451	1450
1341	1342	1452	1451
1342	1343	1453	1452
1343	1344	1454	1453
1344	1345	1455	1454
1345	1346	1456	1455
1346	1347	1457	1456
1347	1348	1458	1457
1348	1349	1459	1458
1349	1350	1460	1459
1350	1351	1461	1460
1351	1352	1462	1461
1352	1353	1463	1462
1353	1354	1464	1463
1354	1355	1465	1464
1355	1356	1466	1465
1356	1357	1467	1466
1357	1358	1468	1467
1358	1359	1469	1468
1359	1360	1470	1469
1360	1361	1471	1470
1361	1362	1472	1471
1362	1363	1473	1472
1363	1364	1474	1473
1364	1365	1475	1474
1365	1366	1476	1475
1366	1367	1477	1476
1367	1368	1478	1477
1368	1369	1479	1478
1369	1370	1480	1479
1370	1371	1481	1480
1371	1372	1482	1481
1372	1373	1483	1482
1373	1374	1484	1483
1374	1375	1485	1484
1375	1376	1486	1485
1376	1377	1487	1486
1377	1378	1488	1487
1378	1379	1489	1488
1379	1380	1490	1489
1380	1381	1491	1490
1381	1382	1492	1491
1382	1383	1493	1492
1383	1384	1494	1493
1384	1385	1495	1494
1385	1386	1496	1495
1386	1387	1497	1496
1387	1388	1498	1497
1388	1389	1499	1498
1389	1390	1500	1499
1390	1391	1501	1500
1391	1392	1502	1501
1392	1393	1503	1502
1393	1394	1504	1503
1394	1395	1505	1504
1395	1396	1506	1505
1396	1397	1507	1506
1397	1398	1508	1507
1398	1399	1509	1508
1399	1400	1510	1509
1400	1401	1511	1510
1401	1402	1512	1511
1402	1403	1513	1512
1403	1404	1514	1513
1404	1405	1515	1514
1405	1406	1516	1515
1406	1407	1517	1516
1407	1408	1518	1517
1408	1409	1519	1518
1409	1410	1520	1519
1410	1411	1521	1520
1411	1412	1522	1521
1412	1413	1523	1522
1413	1414	1524	1523
1414	1415	1525	1524
1415	1416	1526	1525
1416	1417	1527	1526
1417	1418	1528	1527
1418	1419	1529	1528
1419	1420	1530	1529
1420	1421	1531	1530
1421	1422	1532	1531
1422	1423	1533	1532
1423	1424	1534	1533
1424	1425	1535	1534
1425	1426	1536	1535
1426	1427	1537	1536
1427	1428	1538	1537
1428	1429	1539	1538
1430	1431	1541	1540
1431	1432	1542	1541
1432	1433	1543	1542
1433	1434	1544	1543
1434	1435	1545	1544
1435	1436	1546	1545
1436	1437	1547	1546
1437	1438	1548	1547
1438	1439	1549	1548
1439	1440	1550	1549
1440	1441	1551	1550
1441	1442	1552	1551
1442	1443	1553	1552
1443	1444	1554	1553
1444	1445	1555	1554
1445	1446	1556	1555
1446	1447	1557	1556
1447	1448	1558	1557
1448	1449	1559	1558
1449	1450	1560	1559
1450	1451	1561	1560
1451	1452	1562	1561
1452	1453	1563	1562
1453	1454	1564	1563
1454	1455	1565	1564
1455	1456	1566	1565
1456	1457	1567	1566
1457	1458	1568	1567
1458	1459	1569	1568
1459	1460	1570	1569
1460	1461	1571	1570
1461	1462	1572	1571
1462	1463	1573	1572
1463	1464	1574	1573
1464	1465	1575	1574
1465	1466	1576	1575
1466	1467	1577	1576
1467	1468	1578	1577
1468	1469	1579	1578
1469	1470	1580	1579
1470	1471	1581	1580
1471	1472	1582	1581
1472	1473	1583	1582
1473	1474	1584	1583
1474	1475	1585	1584
1475	1476	1586	1585
1476	1477	1587	1586
1477	1478	1588	1587
1478	1479	1589	1588
1479	1480	1590	1589
1480	1481	1591	1590
1481	1482	1592	1591
1482	1483	1593	1592
1483	1484	1594	1593
1484	1485	1595	1594
1485	1486	1596	1595
1486	1487	1597	1596
1487	1488	1598	1597
1488	1489	1599	1598
1489	1490	1600	1599
1490	1491	1601	1600
1491	1492	1602	1601
1492	1493	1603	1602
1493	1494	1604	1603
1494	1495	1605	1604
1495	1496	1606	1605
1496	1497	1607	1606
1497	1498	1608	1607
1498	1499	1609	1608
1499	1500	1610	1609
1500	1501	1611	1610
1501	1502	1612	1611
1502	1503	1613	1612
1503	1504	1614	1613
1504	1505	1615	1614
1505	1506	1616	1615
1506	1507	1617	1616
1507	1508	1618	1617
1508	1509	1619	1618
1509	1510	1620	1619
1510	1511	1621	1620
1511	1512	1622	1621
1512	1513	1623	1622
1513	1514	1624	1623
1514	1515	1625	1624
1515	1516	1626	1625
1516	1517	1627	1626
1517	1518	1628	1627
1518	1519	1629	1628
1519	1520	1630	1629
1520	1521	1631	1630
1521	1522	1632	1631
1522	1523	1633	1632
1523	1524	1634	1633
1524	1525	1635	1634
1525	1526	1636	1635
1526	1527	1637	1636
1527	1528	1638	1637
1528	1529	1639	1638
1529	1530	1640	1639
1530	1531	1641	1640
1531	1532	1642	1641
1532	1533	1643	1642
1533	1534	1644	1643
1534	1535	1645	1644
1535	1536	1646	1645
1536	1537	1647	1646
1537	1538	1648	1647
1538	1539	1649	1648
1540	1541	1651	1650
1541	1542	1652	1651
1542	1543	1653	1652
1543	1544	1654	1653
1544	1545	1655	1654
1545	1546	1656	1655
1546	1547	1657	1656
1547	1548	1658	1657
1548	1549	1659	1658
1549	1550	1660	1659
1550	1551	1661	1660
1551	1552	1662	1661
1552	1553	1663	1662
1553	1554	1664	1663
1554	1555	1665	1664
1555	1556	1666	1665
1556	1557	1667	1666
1557	1558	1668	1667
1558	1559	1669	1668
1559	1560	1670	1669
1560	1561	1671	1670
1561	1562	1672	1671
1562	1563	1673	1672
1563	1564	1674	1673
1564	1565	1675	1674
1565	1566	1676	1675
1566	1567	1677	1676
1567	1568	1678	1677
1568	1569	1679	1678
1569	1570	1680	1679
1570	1571	1681	1680
1571	1572	1682	1681
1572	1573	1683	1682
1573	1574	1684	1683
1574	1575	1685	1684
1575	1576	1686	1685
1576	1577	1687	1686
1577	1578	1688	1687
1578	1579	1689	1688
1579	1580	1690	1689
1580	1581	1691	1690
1581	1582	1692	1691
1582	1583	1693	1692
1583	1584	1694	1693
1584	1585	1695	1694
1585	1586	1696	1695
1586	1587	1697	1696
1587	1588	1698	1697
1588	1589	1699	1698
1589	1590	1700	1699
1590	1591	1701	1700
1591	1592	1702	1701
1592	1593	1703	1702
1593	1594	1704	1703
1594	1595	1705	1704
1595	1596	1706	1705
1596	1597	1707	1706
1597	1598	1708	1707
1598	1599	1709	1708
1599	1600	1710	1709
1600	1601	1711	1710
1601	1602	1712	1711
1602	1603	1713	1712
1603	1604	1714	1713
1604	1605	1715	1714
1605	1606	1716	1715
1606	1607	1717	1716
1607	1608	1718	1717
1608	1609	1719	1718
1609	1610	1720	1719
1610	1611	1721	1720
1611	1612	1722	1721
1612	1613	1723	1722
1613	1614	1724	1723
1614	1615	1725	1724
1615	1616	1726	1725
1616	1617	1727	1726
1617	1618	1728	1727
1618	1619	1729	1728
1619	1620	1730	1729
1620	1621	1731	1730
1621	1622	1732	1731
1622	1623	1733	1732
1623	1624	1734	1733
1624	1625	1735	1734
1625	1626	1736	1735
1626	1627	1737	1736
1627	1628	1738	1737
1628	1629	1739	1738
1629	1630	1740	1739
1630	1631	1741	1740
1631	1632	1742	1741
1632	1633	1743	1742
1633	1634	1744	1743
1634	1635	1745	1744
1635	1636	1746	1745
1636	1637	1747	1746
1637	1638	1748	1747
1638	1639	1749	1748
1639	1640	1750	1749
1640	1641	1751	1750
1641	1642	1752	1751
1642	1643	1753	1752
1643	1644	1754	1753
1644	1645	1755	1754
1645	1646	1756	1755
1646	1647	1757	1756
1647	1648	1758	1757
1648	1649	1759	1758
1650	1651	1761	1760
1651	1652	1762	1761
1652	1653	1763	1762
1653	1654	1764	1763
1654	1655	1765	1764
1655	1656	1766	1765
1656	1657	1767	1766
1657	1658	1768	1767
1658	1659	1769	1768
1659	1660	1770	1769
1660	1661	1771	1770
1661	1662	1772	1771
1662	1663	1773	1772
1663	1664	1774	1773
1664	1665	1775	1774
1665	1666	1776	1775
1666	1667	1777	1776
1667	1668	1778	1777
1668	1669	1779	1778
1669	1670	1780	1779
1670	1671	1781	1780
1671	1672	1782	1781
1672	1673	1783	1782
1673	1674	1784	1783
1674	1675	1785	1784
1675	1676	1786	1785
1676	1677	1787	1786
1677	1678	1788	1787
1678	1679	1789	1788
1679	1680	1790	1789
1680	1681	1791	1790
1681	1682	1792	1791
1682	1683	1793	1792
1683	1684	1794	1793
1684	1685	1795	1794
1685	1686	1796	1795
1686	1687	1797	1796
1687	1688	1798	1797
1688	1689	1799	1798
1689	1690	1800	1799
1690	1691	1801	1800
1691	1692	1802	1801
1692	1693	1803	1802
1693	1694	1804	1803
1694	1695	1805	1804
1695	1696	1806	1805
1696	1697	1807	1806
1697	1698	1808	1807
1698	1699	1809	1808
1699	1700	1810	1809
1700	1701	1811	1810
1701	1702	1812	1811
1702	1703	1813	1812
1703	1704	1814	1813
1704	1705	1815	1814
1705	1706	1816	1815
1706	1707	1817	1816
1707	1708	1818	1817
1708	1709	1819	1818
1709	1710	1820	1819
1710	1711	1821	1820
1711	1712	1822	1821
1712	1713	1823	1822
1713	1714	1824	1823
1714	1715	1825	1824
1715	1716	1826	1825
1716	1717	1827	1826
1717	1718	1828	1827
1718	1719	1829	1828
1719	1720	1830	1829
1720	1721	1831	1830
1721	1722	1832	1831
1722	1723	1833	1832
1723	1724	1834	1833
1724	1725	1835	1834
1725	1726	1836	1835
1726	1727	1837	1836
1727	1728	1838	1837
1728	1729	1839	1838
1729	1730	1840	1839
1730	1731	1841	1840
1731	1732	1842	1841
1732	1733	1843	1842
1733	1734	1844	1843
1734	1735	1845	1844
1735	1736	1846	1845
1736	1737	1847	1846
1737	1738	1848	1847
1738	1739	1849	1848
1739	1740	1850	1849
1740	1741	1851	1850
1741	1742	1852	1851
1742	1743	1853	1852
1743	1744	1854	1853
1744	1745	1855	1854
1745	1746	1856	1855
1746	1747	1857	1856
1747	1748	1858	1857
1748	1749	1859	1858
1749	1750	1860	1859
1750	1751	1861	1860
1751	1752	1862	1861
1752	1753	1863	1862
1753	1754	1864	1863
1754	1755	1865	1864
1755	1756	1866	1865
1756	1757	1867	1866
1757	1758	1868	1867
1758	1759	1869	1868
1760	1761	1871	1870
1761	1762	1872	1871
1762	1763	1873	1872
1763	1764	1874	1873
1764	1765	1875	1874
1765	1766	1876	1875
1766	1767	1877	1876
1767	1768	1878	1877
1768	1769	1879	1878
1769	1770	1880	1879
1770	1771	1881	1880
1771	1772	1882	1881
1772	1773	1883	1882
1773	1774	1884	1883
1774	1775	1885	1884
1775	1776	1886	1885
1776	1777	1887	1886
1777	1778	1888	1887
1778	1779	1889	1888
1779	1780	1890	1889
1780	1781	1891	1890
1781	1782	1892	1891
1782	1783	1893	1892
1783	1784	1894	1893
1784	1785	1895	1894
1785	1786	1896	1895
1786	1787	1897	1896
1787	1788	1898	1897
1788	1789	1899	1898
1789	1790	1900	1899
1790	1791	1901	1900
1791	1792	1902	1901
1792	1793	1903	1902
1793	1794	1904	1903
1794	1795	1905	1904
1795	1796	1906	1905
1796	1797	1907	1906
1797	1798	1908	1907
1798	1799	1909	1908
1799	1800	1910	1909
1800	1801	1911	1910
1801	1802	1912	1911
1802	1803	1913	1912
1803	1804	1914	1913
1804	1805	1915	1914
1805	1806	1916	1915
1806	1807	1917	1916
1807	1808	1918	1917
1808	1809	1919	1918
1809	1810	1920	1919
1810	1811	1921	1920
1811	1812	1922	1921
1812	1813	1923	1922
1813	1814	1924	1923
1814	1815	1925	1924
1815	1816	1926	1925
1816	1817	1927	1926
1817	1818	1928	1927
1818	1819	1929	1928
1819	1820	1930	1929
1820	1821	1931	1930
1821	1822	1932	1931
1822	1823	1933	1932
1823	1824	1934	1933
1824	1825	1935	1934
1825	1826	1936	1935
1826	1827	1937	1936
1827	1828	1938	1937
1828	1829	1939	1938
1829	1830	1940	1939
1830	1831	1941	1940
1831	1832	1942	1941
1832	1833	1943	1942
1833	1834	1944	1943
1834	1835	1945	1944
1835	1836	1946	1945
1836	1837	1947	1946
1837	1838	1948	1947
1838	1839	1949	1948
1839	1840	1950	1949
1840	1841	1951	1950
1841	1842	1952	1951
1842	1843	1953	1952
1843	1844	1954	1953
1844	1845	1955	1954
1845	1846	1956	1955
1846	1847	1957	1956
1847	1848	1958	1957
1848	1849	1959	1958
1849	1850	1960	1959
1850	1851	1961	1960
1851	1852	1962	1961
1852	1853	1963	1962
1853	1854	1964	1963
1854	1855	1965	1964
1855	1856	1966	1965
1856	1857	1967	1966
1857	1858	1968	1967
1858	1859	1969	1968
1859	1860	1970	1969
1860	1861	1971	1970
1861	1862	1972	1971
1862	1863	1973	1972
1863	1864	1974	1973
1864	1865	1975	1974
1865	1866	1976	1975
1866	1867	1977	1976
1867	1868	1978	1977
1868	1869	1979	1978
1870	1871	1981	1980
1871	1872	1982	1981
1872	1873	1983	1982
1873	1874	1984	1983
1874	1875	1985	1984
1875	1876	1986	1985
1876	1877	1987	1986
1877	1878	1988	1987
1878	1879	1989	1988
1879	1880	1990	1989
1880	1881	1991	1990
1881	1882	1992	1991
1882	1883	1993	1992
1883	1884	1994	1993
1884	1885	1995	1994
1885	1886	1996	1995
1886	1887	1997	1996
1887	1888	1998	1997
1888	1889	1999	1998
1889	1890	2000	1999
1890	1891	2001	2000
1891	1892	2002	2001
1892	1893	2003	2002
1893	1894	2004	2003
1894	1895	2005	2004
1895	1896	2006	2005
1896	1897	2007	2006
1897	1898	2008	2007
1898	1899	2009	2008
1899	1900	2010	2009
1900	1901	2011	2010
1901	1902	2012	2011
1902	1903	2013	2012
1903	1904	2014	2013
1904	1905	2015	2014
1905	1906	2016	2015
1906	1907	2017	2016
1907	1908	2018	2017
1908	1909	2019	2018
1909	1910	2020	2019
1910	1911	2021	2020
1911	1912	2022	2021
1912	1913	2023	2022
1913	1914	2024	2023
1914	1915	2025	2024
1915	1916	2026	2025
1916	1917	2027	2026
1917	1918	2028	2027
1918	1919	2029	2028
1919	1920	2030	2029
1920	1921	2031	2030
1921	1922	2032	2031
1922	1923	2033	2032
1923	1924	2034	2033
1924	1925	2035	2034
1925	1926	2036	2035
1926	1927	2037	2036
1927	1928	2038	2037
1928	1929	2039	2038
1929	1930	2040	2039
1930	1931	2041	2040
1931	1932	2042	2041
1932	1933	2043	2042
1933	1934	2044	2043
1934	1935	2045	2044
1935	1936	2046	2045
1936	1937	2047	2046
1937	1938	2048	2047
1938	1939	2049	2048
1939	1940	2050	2049
1940	1941	2051	2050
1941	1942	2052	2051
1942	1943	2053	2052
1943	1944	2054	2053
1944	1945	2055	2054
1945	1946	2056	2055
1946	1947	2057	2056
1947	1948	2058	2057
1948	1949	2059	2058
1949	1950	2060	2059
1950	1951	2061	2060
1951	1952	2062	2061
1952	1953	2063	2062
1953	1954	2064	2063
1954	1955	2065	2064
1955	1956	2066	2065
1956	1957	2067	2066
1957	1958	2068	2067
1958	1959	2069	2068
1959	1960	2070	2069
1960	1961	2071	2070
1961	1962	2072	2071
1962	1963	2073	2072
1963	1964	2074	2073
1964	1965	2075	2074
1965	1966	2076	2075
1966	1967	2077	2076
1967	1968	2078	2077
1968	1969	2079	2078
1969	1970	2080	2079
1970	1971	2081	2080
1971	1972	2082	2081
1972	1973	2083	2082
1973	1974	2084	2083
1974	1975	2085	2084
1975	1976	2086	2085
1976	1977	2087	2086
1977	1978	2088	2087
1978	1979	2089	2088
1980	1981	2091	2090
1981	1982	2092	2091
1982	1983	2093	2092
1983	1984	2094	2093
1984	1985	2095	2094
1985	1986	2096	2095
1986	1987	2097	2096
1987	1988	2098	2097
1988	1989	2099	2098
1989	1990	2100	2099
1990	1991	2101	2100
1991	1992	2102	2101
1992	1993	2103	2102
1993	1994	2104	2103
1994	1995	2105	2104
1995	1996	2106	2105
1996	1997	2107	2106
1997	1998	2108	2107
1998	1999	2109	2108
1999	2000	2110	2109
2000	2001	2111	2110
2001	2002	2112	2111
2002	2003	2113	2112
2003	2004	2114	2113
2004	2005	2115	2114
2005	2006	2116	2115
2006	2007	2117	2116
2007	2008	2118	2117
2008	2009	2119	2118
2009	2010	2120	2119
2010	2011	2121	2120
2011	2012	2122	2121
2012	2013	2123	2122
2013	2014	2124	2123
2014	2015	2125	2124
2015	2016	2126	2125
2016	2017	2127	2126
2017	2018	2128	2127
2018	2019	2129	2128
2019	2020	2130	2129
2020	2021	2131	2130
2021	2022	2132	2131
2022	2023	2133	2132
2023	2024	2134	2133
2024	2025	2135	2134
2025	2026	2136	2135
2026	2027	2137	2136
2027	2028	2138	2137
2028	2029	2139	2138
2029	2030	2140	2139
2030	2031	2141	2140
2031	2032	2142	2141
2032	2033	2143	2142
2033	2034	2144	2143
2034	2035	2145	2144
2035	2036	2146	2145
2036	2037	2147	2146
2037	2038	2148	2147
2038	2039	2149	2148
2039	2040	2150	2149
2040	2041	2151	2150
2041	2042	2152	2151
2042	2043	2153	2152
2043	2044	2154	2153
2044	2045	2155	2154
2045	2046	2156	2155
2046	2047	2157	2156
2047	2048	2158	2157
2048	2049	2159	2158
2049	2050	2160	2159
2050	2051	2161	2160
2051	2052	2162	2161
2052	2053	2163	2162
2053	2054	2164	2163
2054	2055	2165	2164
2055	2056	2166	2165
2056	2057	2167	2166
2057	2058	2168	2167
2058	2059	2169	2168
2059	2060	2170	2169
2060	2061	2171	2170
2061	2062	2172	2171
2062	2063	2173	2172
2063	2064	2174	2173
2064	2065	2175	2174
2065	2066	2176	2175
2066	2067	2177	2176
2067	2068	2178	2177
2068	2069	2179	2178
2069	2070	2180	2179
2070	2071	2181	2180
2071	2072	2182	2181
2072	2073	2183	2182
2073	2074	2184	2183
2074	2075	2185	2184
2075	2076	2186	2185
2076	2077	2187	2186
2077	2078	2188	2187
2078	2079	2189	2188
2079	2080	2190	2189
2080	2081	2191	2190
2081	2082	2192	2191
2082	2083	2193	2192
2083	2084	2194	2193
2084	2085	2195	2194
2085	2086	2196	2195
2086	2087	2197	2196
2087	2088	2198	2197
2088	2089	2199	2198
2090	2091	2201	2200
2091	2092	2202	2201
2092	2093	2203	2202
2093	2094	2204	2203
2094	2095	2205	2204
2095	2096	2206	2205
2096	2097	2207	2206
2097	2098	2208	2207
2098	2099	2209	2208
2099	2100	2210	2209
2100	2101	2211	2210
2101	2102	2212	2211
2102	2103	2213	2212
2103	2104	2214	2213
2104	2105	2215	2214
2105	2106	2216	2215
2106	2107	2217	2216
2107	2108	2218	2217
2108	2109	2219	2218
2109	2110	2220	2219
2110	2111	2221	2220
2111	2112	2222	2221
2112	2113	2223	2222
2113	2114	2224	2223
2114	2115	2225	2224
2115	2116	2226	2225
2116	2117	2227	2226
2117	2118	2228	2227
2118	2119	2229	2228
2119	2120	2230	2229
2120	2121	2231	2230
2121	2122	2232	2231
2122	2123	2233	2232
2123	2124	2234	2233
2124	2125	2235	2234
2125	2126	2236	2235
2126	2127	2237	2236
2127	2128	2238	2237
2128	2129	2239	2238
2129	2130	2240	2239
2130	2131	2241	2240
2131	2132	2242	2241
2132	2133	2243	2242
2133	2134	2244	2243
2134	2135	2245	2244
2135	2136	2246	2245
2136	2137	2247	2246
2137	2138	2248	2247
2138	2139	2249	2248
2139	2140	2250	2249
2140	2141	2251	2250
2141	2142	2252	2251
2142	2143	2253	2252
2143	2144	2254	2253
2144	2145	2255	2254
2145	2146	2256	2255
2146	2147	2257	2256
2147	2148	2258	2257
2148	2149	2259	2258
2149	2150	2260	2259
2150	2151	2261	2260
2151	2152	2262	2261
2152	2153	2263	2262
2153	2154	2264	2263
2154	2155	2265	2264
2155	2156	2266	2265
2156	2157	2267	2266
2157	2158	2268	2267
2158	2159	2269	2268
2159	2160	2270	2269
2160	2161	2271	2270
2161	2162	2272	2271
2162	2163	2273	2272
2163	2164	2274	2273
2164	2165	2275	2274
2165	2166	2276	2275
2166	2167	2277	2276
2167	2168	2278	2277
2168	2169	2279	2278
2169	2170	2280	2279
2170	2171	2281	2280
2171	2172	2282	2281
2172	2173	2283	2282
2173	2174	2284	2283
2174	2175	2285	2284
2175	2176	2286	2285
2176	2177	2287	2286
2177	2178	2288	2287
2178	2179	2289	2288
2179	2180	2290	2289
2180	2181	2291	2290
2181	2182	2292	2291
2182	2183	2293	2292
2183	2184	2294	2293
2184	2185	2295	2294
2185	2186	2296	2295
2186	2187	2297	2296
2187	2188	2298	2297
2188	2189	2299	2298
2189	2190	2300	2299
2190	2191	2301	2300
2191	2192	2302	2301
2192	2193	2303	2302
2193	2194	2304	2303
2194	2195	2305	2304
2195	2196	2306	2305
2196	2197	2307	2306
2197	2198	2308	2307
2198	2199	2309	2308
2200	2201	2311	2310
2201	2202	2312	2311
2202	2203	2313	2312
2203	2204	2314	2313
2204	2205	2315	2314
2205	2206	2316	2315
2206	2207	2317	2316
2207	2208	2318	2317
2208	2209	2319	2318
2209	2210	2320	2319
2210	2211	2321	2320
2211	2212	2322	2321
2212	2213	2323	2322
2213	2214	2324	2323
2214	2215	2325	2324
2215	2216	2326	2325
2216	2217	2327	2326
2217	2218	2328	2327
2218	2219	2329	2328
2219	2220	2330	2329
2220	2221	2331	2330
2221	2222	2332	2331
2222	2223	2333	2332
2223	2224	2334	2333
2224	2225	2335	2334
2225	2226	2336	2335
2226	2227	2337	2336
2227	2228	2338	2337
2228	2229	2339	2338
2229	2230	2340	2339
2230	2231	2341	2340
2231	2232	2342	2341
2232	2233	2343	2342
2233	2234	2344	2343
2234	2235	2345	2344
2235	2236	2346	2345
2236	2237	2347	2346
2237	2238	2348	2347
2238	2239	2349	2348
2239	2240	2350	2349
2240	2241	2351	2350
2241	2242	2352	2351
2242	2243	2353	2352
2243	2244	2354	2353
2244	2245	2355	2354
2245	2246	2356	2355
2246	2247	2357	2356
2247	2248	2358	2357
2248	2249	2359	2358
2249	2250	2360	2359
2250	2251	2361	2360
2251	2252	2362	2361
2252	2253	2363	2362
2253	2254	2364	2363
2254	2255	2365	2364
2255	2256	2366	2365
2256	2257	2367	2366
2257	2258	2368	2367
2258	2259	2369	2368
2259	2260	2370	2369
2260	2261	2371	2370
2261	2262	2372	2371
2262	2263	2373	2372
2263	2264	2374	2373
2264	2265	2375	2374
2265	2266	2376	2375
2266	2267	2377	2376
2267	2268	2378	2377
2268	2269	2379	2378
2269	2270	2380	2379
2270	2271	2381	2380
2271	2272	2382	2381
2272	2273	2383	2382
2273	2274	2384	2383
2274	2275	2385	2384
2275	2276	2386	2385
2276	2277	2387	2386
2277	2278	2388	2387
2278	2279	2389	2388
2279	2280	2390	2389
2280	2281	2391	2390
2281	2282	2392	2391
2282	2283	2393	2392
2283	2284	2394	2393
2284	2285	2395	2394
2285	2286	2396	2395
2286	2287	2397	2396
2287	2288	2398	2397
2288	2289	2399	2398
2289	2290	2400	2399
2290	2291	2401	2400
2291	2292	2402	2401
2292	2293	2403	2402
2293	2294	2404	2403
2294	2295	2405	2404
2295	2296	2406	2405
2296	2297	2407	2406
2297	2298	2408	2407
2298	2299	2409	2408
2299	2300	2410	2409
2300	2301	2411	2410
2301	2302	2412	2411
2302	2303	2413	2412
2303	2304	2414	2413
2304	2305	2415	2414
2305	2306	2416	2415
2306	2307	2417	2416
2307	2308	2418	2417
2308	2309	2419	2418
2310	2311	2421	2420
2311	2312	2422	2421
2312	2313	2423	2422
2313	2314	2424	2423
2314	2315	2425	2424
2315	2316	2426	2425
2316	2317	2427	2426
2317	2318	2428	2427
2318	2319	2429	2428
2319	2320	2430	2429
2320	2321	2431	2430
2321	2322	2432	2431
2322	2323	2433	2432
2323	2324	2434	2433
2324	2325	2435	2434
2325	2326	2436	2435
2326	2327	2437	2436
2327	2328	2438	2437
2328	2329	2439	2438
2329	2330	2440	2439
2330	2331	2441	2440
2331	2332	2442	2441
2332	2333	2443	2442
2333	2334	2444	2443
2334	2335	2445	2444
2335	2336	2446	2445
2336	2337	2447	2446
2337	2338	2448	2447
2338	2339	2449	2448
2339	2340	2450	2449
2340	2341	2451	2450
2341	2342	2452	2451
2342	2343	2453	2452
2343	2344	2454	2453
2344	2345	2455	2454
2345	2346	2456	2455
2346	2347	2457	2456
2347	2348	2458	2457
2348	2349	2459	2458
2349	2350	2460	2459
2350	2351	2461	2460
2351	2352	2462	2461
2352	2353	2463	2462
2353	2354	2464	2463
2354	2355	2465	2464
2355	2356	2466	2465
2356	2357	2467	2466
2357	2358	2468	2467
2358	2359	2469	2468
2359	2360	2470	2469
2360	2361	2471	2470
2361	2362	2472	2471
2362	2363	2473	2472
2363	2364	2474	2473
2364	2365	2475	2474
2365	2366	2476	2475
2366	2367	2477	2476
2367	2368	2478	2477
2368	2369	2479	2478
2369	2370	2480	2479
2370	2371	2481	2480
2371	2372	2482	2481
2372	2373	2483	2482
2373	2374	2484	2483
2374	2375	2485	2484
2375	2376	2486	2485
2376	2377	2487	2486
2377	2378	2488	2487
2378	2379	2489	2488
2379	2380	2490	2489
2380	2381	2491	2490
2381	2382	2492	2491
2382	2383	2493	2492
2383	2384	2494	2493
2384	2385	2495	2494
2385	2386	2496	2495
2386	2387	2497	2496
2387	2388	2498	2497
2388	2389	2499	2498
2389	2390	2500	2499
2390	2391	2501	2500
2391	2392	2502	2501
2392	2393	2503	2502
2393	2394	2504	2503
2394	2395	2505	2504
2395	2396	2506	2505
2396	2397	2507	2506
2397	2398	2508	2507
2398	2399	2509	2508
2399	2400	2510	2509
2400	2401	2511	2510
2401	2402	2512	2511
2402	2403	2513	2512
2403	2404	2514	2513
2404	2405	2515	2514
2405	2406	2516	2515
2406	2407	2517	2516
2407	2408	2518	2517
2408	2409	2519	2518
2409	2410	2520	2519
2410	2411	2521	2520
2411	2412	2522	2521
2412	2413	2523	2522
2413	2414	2524	2523
2414	2415	2525	2524
2415	2416	2526	2525
2416	2417	2527	2526
2417	2418	2528	2527
2418	2419	2529	2528
2420	2421	2531	2530
2421	2422	2532	2531
2422	2423	2533	2532
2423	2424	2534	2533
2424	2425	2535	2534
2425	2426	2536	2535
2426	2427	2537	2536
2427	2428	2538	2537
2428	2429	2539	2538
2429	2430	2540	2539
2430	2431	2541	2540
2431	2432	2542	2541
2432	2433	2543	2542
2433	2434	2544	2543
2434	2435	2545	2544
2435	2436	2546	2545
2436	2437	2547	2546
2437	2438	2548	2547
2438	2439	2549	2548
2439	2440	2550	2549
2440	2441	2551	2550
2441	2442	2552	2551
2442	2443	2553	2552
2443	2444	2554	2553
2444	2445	2555	2554
2445	2446	2556	2555
2446	2447	2557	2556
2447	2448	2558	2557
2448	2449	2559	2558
2449	2450	2560	2559
2450	2451	2561	2560
2451	2452	2562	2561
2452	2453	2563	2562
2453	2454	2564	2563
2454	2455	2565	2564
2455	2456	2566	2565
2456	2457	2567	2566
2457	2458	2568	2567
2458	2459	2569	2568
2459	2460	2570	2569
2460	2461	2571	2570
2461	2462	2572	2571
2462	2463	2573	2572
2463	2464	2574	2573
2464	2465	2575	2574
2465	2466	2576	2575
2466	2467	2577	2576
2467	2468	2578	2577
2468	2469	2579	2578
2469	2470	2580	2579
2470	2471	2581	2580
2471	2472	2582	2581
2472	2473	2583	2582
2473	2474	2584	2583
2474	2475	2585	2584
2475	2476	2586	2585
2476	2477	2587	2586
2477	2478	2588	2587
2478	2479	2589	2588
2479	2480	2590	2589
2480	2481	2591	2590
2481	2482	2592	2591
2482	2483	2593	2592
2483	2484	2594	2593
2484	2485	2595	2594
2485	2486	2596	2595
2486	2487	2597	2596
2487	2488	2598	2597
2488	2489	2599	2598
2489	2490	2600	2599
2490	2491	2601	2600
2491	2492	2602	2601
2492	2493	2603	2602
2493	2494	2604	2603
2494	2495	2605	2604
2495	2496	2606	2605
2496	2497	2607	2606
2497	2498	2608	2607
2498	2499	2609	2608
2499	2500	2610	2609
2500	2501	2611	2610
2501	2502	2612	2611
2502	2503	2613	2612
2503	2504	2614	2613
2504	2505	2615	2614
2505	2506	2616	2615
2506	2507	2617	2616
2507	2508	2618	2617
2508	2509	2619	2618
2509	2510	2620	2619
2510	2511	2621	2620
2511	2512	2622	2621
2512	2513	2623	2622
2513	2514	2624	2623
2514	2515	2625	2624
2515	2516	2626	2625
2516	2517	2627	2626
2517	2518	2628	2627
2518	2519	2629	2628
2519	2520	2630	2629
2520	2521	2631	2630
2521	2522	2632	2631
2522	2523	2633	2632
2523	2524	2634	2633
2524	2525	2635	2634
2525	2526	2636	2635
2526	2527	2637	2636
2527	2528	2638	2637
2528	2529	2639	2638
2530	2531	2641	2640
2531	2532	2642	2641
2532	2533	2643	2642
2533	2534	2644	2643
2534	2535	2645	2644
2535	2536	2646	2645
2536	2537	2647	2646
2537	2538	2648	2647
2538	2539	2649	2648
2539	2540	2650	2649
2540	2541	2651	2650
2541	2542	2652	2651
2542	2543	2653	2652
2543	2544	2654	2653
2544	2545	2655	2654
2545	2546	2656	2655
2546	2547	2657	2656
2547	2548	2658	2657
2548	2549	2659	2658
2549	2550	2660	2659
2550	2551	2661	2660
2551	2552	2662	2661
2552	2553	2663	2662
2553	2554	2664	2663
2554	2555	2665	2664
2555	2556	2666	2665
2556	2557	2667	2666
2557	2558	2668	2667
2558	2559	2669	2668
2559	2560	2670	2669
2560	2561	2671	2670
2561	2562	2672	2671
2562	2563	2673	2672
2563	2564	2674	2673
2564	2565	2675	2674
2565	2566	2676	2675
2566	2567	2677	2676
2567	2568	2678	2677
2568	2569	2679	2678
2569	2570	2680	2679
2570	2571	2681	2680
2571	2572	2682	2681
2572	2573	2683	2682
2573	2574	2684	2683
2574	2575	2685	2684
2575	2576	2686	2685
2576	2577	2687	2686
2577	2578	2688	2687
2578	2579	2689	2688
2579	2580	2690	2689
2580	2581	2691	2690
2581	2582	2692	2691
2582	2583	2693	2692
2583	2584	2694	2693
2584	2585	2695	2694
2585	2586	2696	2695
2586	2587	2697	2696
2587	2588	2698	2697
2588	2589	2699	2698
2589	2590	2700	2699
2590	2591	2701	2700
2591	2592	2702	2701
2592	2593	2703	2702
2593	2594	2704	2703
2594	2595	2705	2704
2595	2596	2706	2705
2596	2597	2707	2706
2597	2598	2708	2707
2598	2599	2709	2708
2599	2600	2710	2709
2600	2601	2711	2710
2601	2602	2712	2711
2602	2603	2713	2712
2603	2604	2714	2713
2604	2605	2715	2714
2605	2606	2716	2715
2606	2607	2717	2716
2607	2608	2718	2717
2608	2609	2719	2718
2609	2610	2720	2719
2610	2611	2721	2720
2611	2612	2722	2721
2612	2613	2723	2722
2613	2614	2724	2723
2614	2615	2725	2724
2615	2616	2726	2725
2616	2617	2727	2726
2617	2618	2728	2727
2618	2619	2729	2728
2619	2620	2730	2729
2620	2621	2731	2730
2621	2622	2732	2731
2622	2623	2733	2732
2623	2624	2734	2733
2624	2625	2735	2734
2625	2626	2736	2735
2626	2627	2737	2736
2627	2628	2738	2737
2628	2629	2739	2738
2629	2630	2740	2739
2630	2631	2741	2740
2631	2632	2742	2741
2632	2633	2743	2742
2633	2634	2744	2743
2634	2635	2745	2744
2635	2636	2746	2745
2636	2637	2747	2746
2637	2638	2748	2747
2638	2639	2749	2748
2640	2641	2751	2750
2641	2642	2752	2751
2642	2643	2753	2752
2643	2644	2754	2753
2644	2645	2755	2754
2645	2646	2756	2755
2646	2647	2757	2756
2647	2648	2758	2757
2648	2649	2759	2758
2649	2650	2760	2759
2650	2651	2761	2760
2651	2652	2762	2761
2652	2653	2763	2762
2653	2654	2764	2763
2654	2655	2765	2764
2655	2656	2766	2765
2656	2657	2767	2766
2657	2658	2768	2767
2658	2659	2769	2768
2659	2660	2770	2769
2660	2661	2771	2770
2661	2662	2772	2771
2662	2663	2773	2772
2663	2664	2774	2773
2664	2665	2775	2774
2665	2666	2776	2775
2666	2667	2777	2776
2667	2668	2778	2777
2668	2669	2779	2778
2669	2670	2780	2779
2670	2671	2781	2780
2671	2672	2782	2781
2672	2673	2783	2782
2673	2674	2784	2783
2674	2675	2785	2784
2675	2676	2786	2785
2676	2677	2787	2786
2677	2678	2788	2787
2678	2679	2789	2788
2679	2680	2790	2789
2680	2681	2791	2790
2681	2682	2792	2791
2682	2683	2793	2792
2683	2684	2794	2793
2684	2685	2795	2794
2685	2686	2796	2795
2686	2687	2797	2796
2687	2688	2798	2797
2688	2689	2799	2798
2689	2690	2800	2799
2690	2691	2801	2800
2691	2692	2802	2801
2692	2693	2803	2802
2693	2694	2804	2803
2694	2695	2805	2804
2695	2696	2806	2805
2696	2697	2807	2806
2697	2698	2808	2807
2698	2699	2809	2808
2699	2700	2810	2809
2700	2701	2811	2810
2701	2702	2812	2811
2702	2703	2813	2812
2703	2704	2814	2813
2704	2705	2815	2814
2705	2706	2816	2815
2706	2707	2817	2816
2707	2708	2818	2817
2708	2709	2819	2818
2709	2710	2820	2819
2710	2711	2821	2820
2711	2712	2822	2821
2712	2713	2823	2822
2713	2714	2824	2823
2714	2715	2825	2824
2715	2716	2826	2825
2716	2717	2827	2826
2717	2718	2828	2827
2718	2719	2829	2828
2719	2720	2830	2829
2720	2721	2831	2830
2721	2722	2832	2831
2722	2723	2833	2832
2723	2724	2834	2833
2724	2725	2835	2834
2725	2726	2836	2835
2726	2727	2837	2836
2727	2728	2838	2837
2728	2729	2839	2838
2729	2730	2840	2839
2730	2731	2841	2840
2731	2732	2842	2841
2732	2733	2843	2842
2733	2734	2844	2843
2734	2735	2845	2844
2735	2736	2846	2845
2736	2737	2847	2846
2737	2738	2848	2847
2738	2739	2849	2848
2739	2740	2850	2849
2740	2741	2851	2850
2741	2742	2852	2851
2742	2743	2853	2852
2743	2744	2854	2853
2744	2745	2855	2854
2745	2746	2856	2855
2746	2747	2857	2856
2747	2748	2858	2857
2748	2749	2859	2858
2750	2751	2861	2860
2751	2752	2862	2861
2752	2753	2863	2862
2753	2754	2864	2863
2754	2755	2865	2864
2755	2756	2866	2865
2756	2757	2867	2866
2757	2758	2868	2867
2758	2759	2869	2868
2759	2760	2870	2869
2760	2761	2871	2870
2761	2762	2872	2871
2762	2763	2873	2872
2763	2764	2874	2873
2764	2765	2875	2874
2765	2766	2876	2875
2766	2767	2877	2876
2767	2768	2878	2877
2768	2769	2879	2878
2769	2770	2880	2879
2770	2771	2881	2880
2771	2772	2882	2881
2772	2773	2883	2882
2773	2774	2884	2883
2774	2775	2885	2884
2775	2776	2886	2885
2776	2777	2887	2886
2777	2778	2888	2887
2778	2779	2889	2888
2779	2780	2890	2889
2780	2781	2891	2890
2781	2782	2892	2891
2782	2783	2893	2892
2783	2784	2894	2893
2784	2785	2895	2894
2785	2786	2896	2895
2786	2787	2897	2896
2787	2788	2898	2897
2788	2789	2899	2898
2789	2790	2900	2899
2790	2791	2901	2900
2791	2792	2902	2901
2792	2793	2903	2902
2793	2794	2904	2903
2794	2795	2905	2904
2795	2796	2906	2905
2796	2797	2907	2906
2797	2798	2908	2907
2798	2799	2909	2908
2799	2800	2910	2909
2800	2801	2911	2910
2801	2802	2912	2911
2802	2803	2913	2912
2803	2804	2914	2913
2804	2805	2915	2914
2805	2806	2916	2915
2806	2807	2917	2916
2807	2808	2918	2917
2808	2809	2919	2918
2809	2810	2920	2919
2810	2811	2921	2920
2811	2812	2922	2921
2812	2813	2923	2922
2813	2814	2924	2923
2814	2815	2925	2924
2815	2816	2926	2925
2816	2817	2927	2926
2817	2818	2928	2927
2818	2819	2929	2928
2819	2820	2930	2929
2820	2821	2931	2930
2821	2822	2932	2931
2822	2823	2933	2932
2823	2824	2934	2933
2824	2825	2935	2934
2825	2826	2936	2935
2826	2827	2937	2936
2827	2828	2938	2937
2828	2829	2939	2938
2829	2830	2940	2939
2830	2831	2941	2940
2831	2832	2942	2941
2832	2833	2943	2942
2833	2834	2944	2943
2834	2835	2945	2944
2835	2836	2946	2945
2836	2837	2947	2946
2837	2838	2948	2947
2838	2839	2949	2948
2839	2840	2950	2949
2840	2841	2951	2950
2841	2842	2952	2951
2842	2843	2953	2952
2843	2844	2954	2953
2844	2845	2955	2954
2845	2846	2956	2955
2846	2847	2957	2956
2847	2848	2958	2957
2848	2849	2959	2958
2849	2850	2960	2959
2850	2851	2961	2960
2851	2852	2962	2961
2852	2853	2963	2962
2853	2854	2964	2963
2854	2855	2965	2964
2855	2856	2966	2965
2856	2857	2967	2966
2857	2858	2968	2967
2858	2859	2969	2968
2860	2861	2971	2970
2861	2862	2972	2971
2862	2863	2973	2972
2863	2864	2974	2973
2864	2865	2975	2974
2865	2866	2976	2975
2866	2867	2977	2976
2867	2868	2978	2977
2868	2869	2979	2978
2869	2870	2980	2979
2870	2871	2981	2980
2871	2872	2982	2981
2872	2873	2983	2982
2873	2874	2984	2983
2874	2875	2985	2984
2875	2876	2986	2985
2876	2877	2987	2986
2877	2878	2988	2987
2878	2879	2989	2988
2879	2880	2990	2989
2880	2881	2991	2990
2881	2882	2992	2991
2882	2883	2993	2992
2883	2884	2994	2993
2884	2885	2995	2994
2885	2886	2996	2995
2886	2887	2997	2996
2887	2888	2998	2997
2888	2889	2999	2998
2889	2890	3000	2999
2890	2891	3001	3000
2891	2892	3002	3001
2892	2893	3003	3002
2893	2894	3004	3003
2894	2895	3005	3004
2895	2896	3006	3005
2896	2897	3007	3006
2897	2898	3008	3007
2898	2899	3009	3008
2899	2900	3010	3009
2900	2901	3011	3010
2901	2902	3012	3011
2902	2903	3013	3012
2903	2904	3014	3013
2904	2905	3015	3014
2905	2906	3016	3015
2906	2907	3017	3016
2907	2908	3018	3017
2908	2909	3019	3018
2909	2910	3020	3019
2910	2911	3021	3020
2911	2912	3022	3021
2912	2913	3023	3022
2913	2914	3024	3023
2914	2915	3025	3024
2915	2916	3026	3025
2916	2917	3027	3026
2917	2918	3028	3027
2918	2919	3029	3028
2919	2920	3030	3029
2920	2921	3031	3030
2921	2922	3032	3031
2922	2923	3033	3032
2923	2924	3034	3033
2924	2925	3035	3034
2925	2926	3036	3035
2926	2927	3037	3036
2927	2928	3038	3037
2928	2929	3039	3038
2929	2930	3040	3039
2930	2931	3041	3040
2931	2932	3042	3041
2932	2933	3043	3042
2933	2934	3044	3043
2934	2935	3045	3044
2935	2936	3046	3045
2936	2937	3047	3046
2937	2938	3048	3047
2938	2939	3049	3048
2939	2940	3050	3049
2940	2941	3051	3050
2941	2942	3052	3051
2942	2943	3053	3052
2943	2944	3054	3053
2944	2945	3055	3054
2945	2946	3056	3055
2946	2947	3057	3056
2947	2948	3058	3057
2948	2949	3059	3058
2949	2950	3060	3059
2950	2951	3061	3060
2951	2952	3062	3061
2952	2953	3063	3062
2953	2954	3064	3063
2954	2955	3065	3064
2955	2956	3066	3065
2956	2957	3067	3066
2957	2958	3068	3067
2958	2959	3069	3068
2959	2960	3070	3069
2960	2961	3071	3070
2961	2962	3072	3071
2962	2963	3073	3072
2963	2964	3074	3073
2964	2965	3075	3074
2965	2966	3076	3075
2966	2967	3077	3076
2967	2968	3078	3077
2968	2969	3079	3078
2970	2971	3081	3080
2971	2972	3082	3081
2972	2973	3083	3082
2973	2974	3084	3083
2974	2975	3085	3084
2975	2976	3086	3085
2976	2977	3087	3086
2977	2978	3088	3087
2978	2979	3089	3088
2979	2980	3090	3089
2980	2981	3091	3090
2981	2982	3092	3091
2982	2983	3093	3092
2983	2984	3094	3093
2984	2985	3095	3094
2985	2986	3096	3095
2986	2987	3097	3096
2987	2988	3098	3097
2988	2989	3099	3098
2989	2990	3100	3099
2990	2991	3101	3100
2991	2992	3102	3101
2992	2993	3103	3102
2993	2994	3104	3103
2994	2995	3105	3104
2995	2996	3106	3105
2996	2997	3107	3106
2997	2998	3108	3107
2998	2999	3109	3108
2999	3000	3110	3109
3000	3001	3111	3110
3001	3002	3112	3111
3002	3003	3113	3112
3003	3004	3114	3113
3004	3005	3115	3114
3005	3006	3116	3115
3006	3007	3117	3116
3007	3008	3118	3117
3008	3009	3119	3118
3009	3010	3120	3119
3010	3011	3121	3120
3011	3012	3122	3121
3012	3013	3123	3122
3013	3014	3124	3123
3014	3015	3125	3124
3015	3016	3126	3125
3016	3017	3127	3126
3017	3018	3128	3127
3018	3019	3129	3128
3019	3020	3130	3129
3020	3021	3131	3130
3021	3022	3132	3131
3022	3023	3133	3132
3023	3024	3134	3133
3024	3025	3135	3134
3025	3026	3136	3135
3026	3027	3137	3136
3027	3028	3138	3137
3028	3029	3139	3138
3029	3030	3140	3139
3030	3031	3141	3140
3031	3032	3142	3141
3032	3033	3143	3142
3033	3034	3144	3143
3034	3035	3145	3144
3035	3036	3146	3145
3036	3037	3147	3146
3037	3038	3148	3147
3038	3039	3149	3148
3039	3040	3150	3149
3040	3041	3151	3150
3041	3042	3152	3151
3042	3043	3153	3152
3043	3044	3154	3153
3044	3045	3155	3154
3045	3046	3156	3155
3046	3047	3157	3156
3047	3048	3158	3157
3048	3049	3159	3158
3049	3050	3160	3159
3050	3051	3161	3160
3051	3052	3162	3161
3052	3053	3163	3162
3053	3054	3164	3163
3054	3055	3165	3164
3055	3056	3166	3165
3056	3057	3167	3166
3057	3058	3168	3167
3058	3059	3169	3168
3059	3060	3170	3169
3060	3061	3171	3170
3061	3062	3172	3171
3062	3063	3173	3172
3063	3064	3174	3173
3064	3065	3175	3174
3065	3066	3176	3175
3066	3067	3177	3176
3067	3068	3178	3177
3068	3069	3179	3178
3069	3070	3180	3179
3070	3071	3181	3180
3071	3072	3182	3181
3072	3073	3183	3182
3073	3074	3184	3183
3074	3075	3185	3184
3075	3076	3186	3185
3076	3077	3187	3186
3077	3078	3188	3187
3078	3079	3189	3188
3080	3081	3191	3190
3081	3082	3192	3191
3082	3083	3193	3192
3083	3084	3194	3193
3084	3085	3195	3194
3085	3086	3196	3195
3086	3087	3197	3196
3087	3088	3198	3197
3088	3089	3199	3198
3089	3090	3200	3199
3090	3091	3201	3200
3091	3092	3202	3201
3092	3093	3203	3202
3093	3094	3204	3203
3094	3095	3205	3204
3095	3096	3206	3205
3096	3097	3207	3206
3097	3098	3208	3207
3098	3099	3209	3208
3099	3100	3210	3209
3100	3101	3211	3210
3101	3102	3212	3211
3102	3103	3213	3212
3103	3104	3214	3213
3104	3105	3215	3214
3105	3106	3216	3215
3106	3107	3217	3216
3107	3108	3218	3217
3108	3109	3219	3218
3109	3110	3220	3219
3110	3111	3221	3220
3111	3112	3222	3221
3112	3113	3223	3222
3113	3114	3224	3223
3114	3115	3225	3224
3115	3116	3226	3225
3116	3117	3227	3226
3117	3118	3228	3227
3118	3119	3229	3228
3119	3120	3230	3229
3120	3121	3231	3230
3121	3122	3232	3231
3122	3123	3233	3232
3123	3124	3234	3233
3124	3125	3235	3234
3125	3126	3236	3235
3126	3127	3237	3236
3127	3128	3238	3237
3128	3129	3239	3238
3129	3130	3240	3239
3130	3131	3241	3240
3131	3132	3242	3241
3132	3133	3243	3242
3133	3134	3244	3243
3134	3135	3245	3244
3135	3136	3246	3245
3136	3137	3247	3246
3137	3138	3248	3247
3138	3139	3249	3248
3139	3140	3250	3249
3140	3141	3251	3250
3141	3142	3252	3251
3142	3143	3253	3252
3143	3144	3254	3253
3144	3145	3255	3254
3145	3146	3256	3255
3146	3147	3257	3256
3147	3148	3258	3257
3148	3149	3259	3258
3149	3150	3260	3259
3150	3151	3261	3260
3151	3152	3262	3261
3152	3153	3263	3262
3153	3154	3264	3263
3154	3155	3265	3264
3155	3156	3266	3265
3156	3157	3267	3266
3157	3158	3268	3267
3158	3159	3269	3268
3159	3160	3270	3269
3160	3161	3271	3270
3161	3162	3272	3271
3162	3163	3273	3272
3163	3164	3274	3273
3164	3165	3275	3274
3165	3166	3276	3275
3166	3167	3277	3276
3167	3168	3278	3277
3168	3169	3279	3278
3169	3170	3280	3279
3170	3171	3281	3280
3171	3172	3282	3281
3172	3173	3283	3282
3173	3174	3284	3283
3174	3175	3285	3284
3175	3176	3286	3285
3176	3177	3287	3286
3177	3178	3288	3287
3178	3179	3289	3288
3179	3180	3290	3289
3180	3181	3291	3290
3181	3182	3292	3291
3182	3183	3293	3292
3183	3184	3294	3293
3184	3185	3295	3294
3185	3186	3296	3295
3186	3187	3297	3296
3187	3188	3298	3297
3188	3189	3299	3298
3190	3191	3301	3300
3191	3192	3302	3301
3192	3193	3303	3302
3193	3194	3304	3303
3194	3195	3305	3304
3195	3196	3306	3305
3196	3197	3307	3306
3197	3198	3308	3307
3198	3199	3309	3308
3199	3200	3310	3309
3200	3201	3311	3310
3201	3202	3312	3311
3202	3203	3313	3312
3203	3204	3314	3313
3204	3205	3315	3314
3205	3206	3316	3315
3206	3207	3317	3316
3207	3208	3318	3317
3208	3209	3319	3318
3209	3210	3320	3319
3210	3211	3321	3320
3211	3212	3322	3321
3212	3213	3323	3322
3213	3214	3324	3323
3214	3215	3325	3324
3215	3216	3326	3325
3216	3217	3327	3326
3217	3218	3328	3327
3218	3219	3329	3328
3219	3220	3330	3329
3220	3221	3331	3330
3221	3222	3332	3331
3222	3223	3333	3332
3223	3224	3334	3333
3224	3225	3335	3334
3225	3226	3336	3335
3226	3227	3337	3336
3227	3228	3338	3337
3228	3229	3339	3338
3229	3230	3340	3339
3230	3231	3341	3340
3231	3232	3342	3341
3232	3233	3343	3342
3233	3234	3344	3343
3234	3235	3345	3344
3235	3236	3346	3345
3236	3237	3347	3346
3237	3238	3348	3347
3238	3239	3349	3348
3239	3240	3350	3349
3240	3241	3351	3350
3241	3242	3352	3351
3242	3243	3353	3352
3243	3244	3354	3353
3244	3245	3355	3354
3245	3246	3356	3355
3246	3247	3357	3356
3247	3248	3358	3357
3248	3249	3359	3358
3249	3250	3360	3359
3250	3251	3361	3360
3251	3252	3362	3361
3252	3253	3363	3362
3253	3254	3364	3363
3254	3255	3365	3364
3255	3256	3366	3365
3256	3257	3367	3366
3257	3258	3368	3367
3258	3259	3369	3368
3259	3260	3370	3369
3260	3261	3371	3370
3261	3262	3372	3371
3262	3263	3373	3372
3263	3264	3374	3373
3264	3265	3375	3374
3265	3266	3376	3375
3266	3267	3377	3376
3267	3268	3378	3377
3268	3269	3379	3378
3269	3270	3380	3379
3270	3271	3381	3380
3271	3272	3382	3381
3272	3273	3383	3382
3273	3274	3384	3383
3274	3275	3385	3384
3275	3276	3386	3385
3276	3277	3387	3386
3277	3278	3388	3387
3278	3279	3389	3388
3279	3280	3390	3389
3280	3281	3391	3390
3281	3282	3392	3391
3282	3283	3393	3392
3283	3284	3394	3393
3284	3285	3395	3394
3285	3286	3396	3395
3286	3287	3397	3396
3287	3288	3398	3397
3288	3289	3399	3398
3289	3290	3400	3399
3290	3291	3401	3400
3291	3292	3402	3401
3292	3293	3403	3402
3293	3294	3404	3403
3294	3295	3405	3404
3295	3296	3406	3405
3296	3297	3407	3406
3297	3298	3408	3407
3298	3299	3409	3408
