#! elementShape quadrilateral
#! elementNumPoints 4
4838	4680
0.000000	0.000000
1.500000	0.000000
3.000000	0.000000
4.500000	0.000000
6.000000	0.000000
7.500000	0.000000
9.000000	0.000000
10.500000	0.000000
12.000000	0.000000
13.500000	0.000000
15.000000	0.000000
16.500000	0.000000
18.000000	0.000000
19.500000	0.000000
21.000000	0.000000
22.500000	0.000000
24.000000	0.000000
25.500000	0.000000
27.000000	0.000000
28.500000	0.000000
30.000000	0.000000
31.500000	0.000000
33.000000	0.000000
34.500000	0.000000
36.000000	0.000000
37.500000	0.000000
39.000000	0.000000
40.500000	0.000000
42.000000	0.000000
43.500000	0.000000
45.000000	0.000000
46.500000	0.000000
48.000000	0.000000
49.500000	0.000000
51.000000	0.000000
52.500000	0.000000
54.000000	0.000000
55.500000	0.000000
57.000000	0.000000
58.500000	0.000000
60.000000	0.000000
61.500000	0.000000
63.000000	0.000000
64.500000	0.000000
66.000000	0.000000
67.500000	0.000000
69.000000	0.000000
70.500000	0.000000
72.000000	0.000000
73.500000	0.000000
75.000000	0.000000
76.500000	0.000000
78.000000	0.000000
79.500000	0.000000
81.000000	0.000000
82.500000	0.000000
84.000000	0.000000
85.500000	0.000000
87.000000	0.000000
88.500000	0.000000
90.000000	0.000000
91.500000	0.000000
93.000000	0.000000
94.500000	0.000000
96.000000	0.000000
97.500000	0.000000
99.000000	0.000000
100.500000	0.000000
102.000000	0.000000
103.500000	0.000000
105.000000	0.000000
106.500000	0.000000
108.000000	0.000000
109.500000	0.000000
111.000000	0.000000
112.500000	0.000000
114.000000	0.000000
115.500000	0.000000
117.000000	0.000000
118.500000	0.000000
120.000000	0.000000
121.500000	0.000000
123.000000	0.000000
124.500000	0.000000
126.000000	0.000000
127.500000	0.000000
129.000000	0.000000
130.500000	0.000000
132.000000	0.000000
133.500000	0.000000
135.000000	0.000000
136.500000	0.000000
138.000000	0.000000
139.500000	0.000000
141.000000	0.000000
142.500000	0.000000
144.000000	0.000000
145.500000	0.000000
147.000000	0.000000
148.500000	0.000000
150.000000	0.000000
151.500000	0.000000
153.000000	0.000000
154.500000	0.000000
156.000000	0.000000
157.500000	0.000000
159.000000	0.000000
160.500000	0.000000
162.000000	0.000000
163.500000	0.000000
165.000000	0.000000
166.500000	0.000000
168.000000	0.000000
169.500000	0.000000
171.000000	0.000000
172.500000	0.000000
174.000000	0.000000
175.500000	0.000000
0.000000	1.500000
1.500000	1.500000
3.000000	1.500000
4.500000	1.500000
6.000000	1.500000
7.500000	1.500000
9.000000	1.500000
10.500000	1.500000
12.000000	1.500000
13.500000	1.500000
15.000000	1.500000
16.500000	1.500000
18.000000	1.500000
19.500000	1.500000
21.000000	1.500000
22.500000	1.500000
24.000000	1.500000
25.500000	1.500000
27.000000	1.500000
28.500000	1.500000
30.000000	1.500000
31.500000	1.500000
33.000000	1.500000
34.500000	1.500000
36.000000	1.500000
37.500000	1.500000
39.000000	1.500000
40.500000	1.500000
42.000000	1.500000
43.500000	1.500000
45.000000	1.500000
46.500000	1.500000
48.000000	1.500000
49.500000	1.500000
51.000000	1.500000
52.500000	1.500000
54.000000	1.500000
55.500000	1.500000
57.000000	1.500000
58.500000	1.500000
60.000000	1.500000
61.500000	1.500000
63.000000	1.500000
64.500000	1.500000
66.000000	1.500000
67.500000	1.500000
69.000000	1.500000
70.500000	1.500000
72.000000	1.500000
73.500000	1.500000
75.000000	1.500000
76.500000	1.500000
78.000000	1.500000
79.500000	1.500000
81.000000	1.500000
82.500000	1.500000
84.000000	1.500000
85.500000	1.500000
87.000000	1.500000
88.500000	1.500000
90.000000	1.500000
91.500000	1.500000
93.000000	1.500000
94.500000	1.500000
96.000000	1.500000
97.500000	1.500000
99.000000	1.500000
100.500000	1.500000
102.000000	1.500000
103.500000	1.500000
105.000000	1.500000
106.500000	1.500000
108.000000	1.500000
109.500000	1.500000
111.000000	1.500000
112.500000	1.500000
114.000000	1.500000
115.500000	1.500000
117.000000	1.500000
118.500000	1.500000
120.000000	1.500000
121.500000	1.500000
123.000000	1.500000
124.500000	1.500000
126.000000	1.500000
127.500000	1.500000
129.000000	1.500000
130.500000	1.500000
132.000000	1.500000
133.500000	1.500000
135.000000	1.500000
136.500000	1.500000
138.000000	1.500000
139.500000	1.500000
141.000000	1.500000
142.500000	1.500000
144.000000	1.500000
145.500000	1.500000
147.000000	1.500000
148.500000	1.500000
150.000000	1.500000
151.500000	1.500000
153.000000	1.500000
154.500000	1.500000
156.000000	1.500000
157.500000	1.500000
159.000000	1.500000
160.500000	1.500000
162.000000	1.500000
163.500000	1.500000
165.000000	1.500000
166.500000	1.500000
168.000000	1.500000
169.500000	1.500000
171.000000	1.500000
172.500000	1.500000
174.000000	1.500000
175.500000	1.500000
0.000000	3.000000
1.500000	3.000000
3.000000	3.000000
4.500000	3.000000
6.000000	3.000000
7.500000	3.000000
9.000000	3.000000
10.500000	3.000000
12.000000	3.000000
13.500000	3.000000
15.000000	3.000000
16.500000	3.000000
18.000000	3.000000
19.500000	3.000000
21.000000	3.000000
22.500000	3.000000
24.000000	3.000000
25.500000	3.000000
27.000000	3.000000
28.500000	3.000000
30.000000	3.000000
31.500000	3.000000
33.000000	3.000000
34.500000	3.000000
36.000000	3.000000
37.500000	3.000000
39.000000	3.000000
40.500000	3.000000
42.000000	3.000000
43.500000	3.000000
45.000000	3.000000
46.500000	3.000000
48.000000	3.000000
49.500000	3.000000
51.000000	3.000000
52.500000	3.000000
54.000000	3.000000
55.500000	3.000000
57.000000	3.000000
58.500000	3.000000
60.000000	3.000000
61.500000	3.000000
63.000000	3.000000
64.500000	3.000000
66.000000	3.000000
67.500000	3.000000
69.000000	3.000000
70.500000	3.000000
72.000000	3.000000
73.500000	3.000000
75.000000	3.000000
76.500000	3.000000
78.000000	3.000000
79.500000	3.000000
81.000000	3.000000
82.500000	3.000000
84.000000	3.000000
85.500000	3.000000
87.000000	3.000000
88.500000	3.000000
90.000000	3.000000
91.500000	3.000000
93.000000	3.000000
94.500000	3.000000
96.000000	3.000000
97.500000	3.000000
99.000000	3.000000
100.500000	3.000000
102.000000	3.000000
103.500000	3.000000
105.000000	3.000000
106.500000	3.000000
108.000000	3.000000
109.500000	3.000000
111.000000	3.000000
112.500000	3.000000
114.000000	3.000000
115.500000	3.000000
117.000000	3.000000
118.500000	3.000000
120.000000	3.000000
121.500000	3.000000
123.000000	3.000000
124.500000	3.000000
126.000000	3.000000
127.500000	3.000000
129.000000	3.000000
130.500000	3.000000
132.000000	3.000000
133.500000	3.000000
135.000000	3.000000
136.500000	3.000000
138.000000	3.000000
139.500000	3.000000
141.000000	3.000000
142.500000	3.000000
144.000000	3.000000
145.500000	3.000000
147.000000	3.000000
148.500000	3.000000
150.000000	3.000000
151.500000	3.000000
153.000000	3.000000
154.500000	3.000000
156.000000	3.000000
157.500000	3.000000
159.000000	3.000000
160.500000	3.000000
162.000000	3.000000
163.500000	3.000000
165.000000	3.000000
166.500000	3.000000
168.000000	3.000000
169.500000	3.000000
171.000000	3.000000
172.500000	3.000000
174.000000	3.000000
175.500000	3.000000
0.000000	4.500000
1.500000	4.500000
3.000000	4.500000
4.500000	4.500000
6.000000	4.500000
7.500000	4.500000
9.000000	4.500000
10.500000	4.500000
12.000000	4.500000
13.500000	4.500000
15.000000	4.500000
16.500000	4.500000
18.000000	4.500000
19.500000	4.500000
21.000000	4.500000
22.500000	4.500000
24.000000	4.500000
25.500000	4.500000
27.000000	4.500000
28.500000	4.500000
30.000000	4.500000
31.500000	4.500000
33.000000	4.500000
34.500000	4.500000
36.000000	4.500000
37.500000	4.500000
39.000000	4.500000
40.500000	4.500000
42.000000	4.500000
43.500000	4.500000
45.000000	4.500000
46.500000	4.500000
48.000000	4.500000
49.500000	4.500000
51.000000	4.500000
52.500000	4.500000
54.000000	4.500000
55.500000	4.500000
57.000000	4.500000
58.500000	4.500000
60.000000	4.500000
61.500000	4.500000
63.000000	4.500000
64.500000	4.500000
66.000000	4.500000
67.500000	4.500000
69.000000	4.500000
70.500000	4.500000
72.000000	4.500000
73.500000	4.500000
75.000000	4.500000
76.500000	4.500000
78.000000	4.500000
79.500000	4.500000
81.000000	4.500000
82.500000	4.500000
84.000000	4.500000
85.500000	4.500000
87.000000	4.500000
88.500000	4.500000
90.000000	4.500000
91.500000	4.500000
93.000000	4.500000
94.500000	4.500000
96.000000	4.500000
97.500000	4.500000
99.000000	4.500000
100.500000	4.500000
102.000000	4.500000
103.500000	4.500000
105.000000	4.500000
106.500000	4.500000
108.000000	4.500000
109.500000	4.500000
111.000000	4.500000
112.500000	4.500000
114.000000	4.500000
115.500000	4.500000
117.000000	4.500000
118.500000	4.500000
120.000000	4.500000
121.500000	4.500000
123.000000	4.500000
124.500000	4.500000
126.000000	4.500000
127.500000	4.500000
129.000000	4.500000
130.500000	4.500000
132.000000	4.500000
133.500000	4.500000
135.000000	4.500000
136.500000	4.500000
138.000000	4.500000
139.500000	4.500000
141.000000	4.500000
142.500000	4.500000
144.000000	4.500000
145.500000	4.500000
147.000000	4.500000
148.500000	4.500000
150.000000	4.500000
151.500000	4.500000
153.000000	4.500000
154.500000	4.500000
156.000000	4.500000
157.500000	4.500000
159.000000	4.500000
160.500000	4.500000
162.000000	4.500000
163.500000	4.500000
165.000000	4.500000
166.500000	4.500000
168.000000	4.500000
169.500000	4.500000
171.000000	4.500000
172.500000	4.500000
174.000000	4.500000
175.500000	4.500000
0.000000	6.000000
1.500000	6.000000
3.000000	6.000000
4.500000	6.000000
6.000000	6.000000
7.500000	6.000000
9.000000	6.000000
10.500000	6.000000
12.000000	6.000000
13.500000	6.000000
15.000000	6.000000
16.500000	6.000000
18.000000	6.000000
19.500000	6.000000
21.000000	6.000000
22.500000	6.000000
24.000000	6.000000
25.500000	6.000000
27.000000	6.000000
28.500000	6.000000
30.000000	6.000000
31.500000	6.000000
33.000000	6.000000
34.500000	6.000000
36.000000	6.000000
37.500000	6.000000
39.000000	6.000000
40.500000	6.000000
42.000000	6.000000
43.500000	6.000000
45.000000	6.000000
46.500000	6.000000
48.000000	6.000000
49.500000	6.000000
51.000000	6.000000
52.500000	6.000000
54.000000	6.000000
55.500000	6.000000
57.000000	6.000000
58.500000	6.000000
60.000000	6.000000
61.500000	6.000000
63.000000	6.000000
64.500000	6.000000
66.000000	6.000000
67.500000	6.000000
69.000000	6.000000
70.500000	6.000000
72.000000	6.000000
73.500000	6.000000
75.000000	6.000000
76.500000	6.000000
78.000000	6.000000
79.500000	6.000000
81.000000	6.000000
82.500000	6.000000
84.000000	6.000000
85.500000	6.000000
87.000000	6.000000
88.500000	6.000000
90.000000	6.000000
91.500000	6.000000
93.000000	6.000000
94.500000	6.000000
96.000000	6.000000
97.500000	6.000000
99.000000	6.000000
100.500000	6.000000
102.000000	6.000000
103.500000	6.000000
105.000000	6.000000
106.500000	6.000000
108.000000	6.000000
109.500000	6.000000
111.000000	6.000000
112.500000	6.000000
114.000000	6.000000
115.500000	6.000000
117.000000	6.000000
118.500000	6.000000
120.000000	6.000000
121.500000	6.000000
123.000000	6.000000
124.500000	6.000000
126.000000	6.000000
127.500000	6.000000
129.000000	6.000000
130.500000	6.000000
132.000000	6.000000
133.500000	6.000000
135.000000	6.000000
136.500000	6.000000
138.000000	6.000000
139.500000	6.000000
141.000000	6.000000
142.500000	6.000000
144.000000	6.000000
145.500000	6.000000
147.000000	6.000000
148.500000	6.000000
150.000000	6.000000
151.500000	6.000000
153.000000	6.000000
154.500000	6.000000
156.000000	6.000000
157.500000	6.000000
159.000000	6.000000
160.500000	6.000000
162.000000	6.000000
163.500000	6.000000
165.000000	6.000000
166.500000	6.000000
168.000000	6.000000
169.500000	6.000000
171.000000	6.000000
172.500000	6.000000
174.000000	6.000000
175.500000	6.000000
0.000000	7.500000
1.500000	7.500000
3.000000	7.500000
4.500000	7.500000
6.000000	7.500000
7.500000	7.500000
9.000000	7.500000
10.500000	7.500000
12.000000	7.500000
13.500000	7.500000
15.000000	7.500000
16.500000	7.500000
18.000000	7.500000
19.500000	7.500000
21.000000	7.500000
22.500000	7.500000
24.000000	7.500000
25.500000	7.500000
27.000000	7.500000
28.500000	7.500000
30.000000	7.500000
31.500000	7.500000
33.000000	7.500000
34.500000	7.500000
36.000000	7.500000
37.500000	7.500000
39.000000	7.500000
40.500000	7.500000
42.000000	7.500000
43.500000	7.500000
45.000000	7.500000
46.500000	7.500000
48.000000	7.500000
49.500000	7.500000
51.000000	7.500000
52.500000	7.500000
54.000000	7.500000
55.500000	7.500000
57.000000	7.500000
58.500000	7.500000
60.000000	7.500000
61.500000	7.500000
63.000000	7.500000
64.500000	7.500000
66.000000	7.500000
67.500000	7.500000
69.000000	7.500000
70.500000	7.500000
72.000000	7.500000
73.500000	7.500000
75.000000	7.500000
76.500000	7.500000
78.000000	7.500000
79.500000	7.500000
81.000000	7.500000
82.500000	7.500000
84.000000	7.500000
85.500000	7.500000
87.000000	7.500000
88.500000	7.500000
90.000000	7.500000
91.500000	7.500000
93.000000	7.500000
94.500000	7.500000
96.000000	7.500000
97.500000	7.500000
99.000000	7.500000
100.500000	7.500000
102.000000	7.500000
103.500000	7.500000
105.000000	7.500000
106.500000	7.500000
108.000000	7.500000
109.500000	7.500000
111.000000	7.500000
112.500000	7.500000
114.000000	7.500000
115.500000	7.500000
117.000000	7.500000
118.500000	7.500000
120.000000	7.500000
121.500000	7.500000
123.000000	7.500000
124.500000	7.500000
126.000000	7.500000
127.500000	7.500000
129.000000	7.500000
130.500000	7.500000
132.000000	7.500000
133.500000	7.500000
135.000000	7.500000
136.500000	7.500000
138.000000	7.500000
139.500000	7.500000
141.000000	7.500000
142.500000	7.500000
144.000000	7.500000
145.500000	7.500000
147.000000	7.500000
148.500000	7.500000
150.000000	7.500000
151.500000	7.500000
153.000000	7.500000
154.500000	7.500000
156.000000	7.500000
157.500000	7.500000
159.000000	7.500000
160.500000	7.500000
162.000000	7.500000
163.500000	7.500000
165.000000	7.500000
166.500000	7.500000
168.000000	7.500000
169.500000	7.500000
171.000000	7.500000
172.500000	7.500000
174.000000	7.500000
175.500000	7.500000
0.000000	9.000000
1.500000	9.000000
3.000000	9.000000
4.500000	9.000000
6.000000	9.000000
7.500000	9.000000
9.000000	9.000000
10.500000	9.000000
12.000000	9.000000
13.500000	9.000000
15.000000	9.000000
16.500000	9.000000
18.000000	9.000000
19.500000	9.000000
21.000000	9.000000
22.500000	9.000000
24.000000	9.000000
25.500000	9.000000
27.000000	9.000000
28.500000	9.000000
30.000000	9.000000
31.500000	9.000000
33.000000	9.000000
34.500000	9.000000
36.000000	9.000000
37.500000	9.000000
39.000000	9.000000
40.500000	9.000000
42.000000	9.000000
43.500000	9.000000
45.000000	9.000000
46.500000	9.000000
48.000000	9.000000
49.500000	9.000000
51.000000	9.000000
52.500000	9.000000
54.000000	9.000000
55.500000	9.000000
57.000000	9.000000
58.500000	9.000000
60.000000	9.000000
61.500000	9.000000
63.000000	9.000000
64.500000	9.000000
66.000000	9.000000
67.500000	9.000000
69.000000	9.000000
70.500000	9.000000
72.000000	9.000000
73.500000	9.000000
75.000000	9.000000
76.500000	9.000000
78.000000	9.000000
79.500000	9.000000
81.000000	9.000000
82.500000	9.000000
84.000000	9.000000
85.500000	9.000000
87.000000	9.000000
88.500000	9.000000
90.000000	9.000000
91.500000	9.000000
93.000000	9.000000
94.500000	9.000000
96.000000	9.000000
97.500000	9.000000
99.000000	9.000000
100.500000	9.000000
102.000000	9.000000
103.500000	9.000000
105.000000	9.000000
106.500000	9.000000
108.000000	9.000000
109.500000	9.000000
111.000000	9.000000
112.500000	9.000000
114.000000	9.000000
115.500000	9.000000
117.000000	9.000000
118.500000	9.000000
120.000000	9.000000
121.500000	9.000000
123.000000	9.000000
124.500000	9.000000
126.000000	9.000000
127.500000	9.000000
129.000000	9.000000
130.500000	9.000000
132.000000	9.000000
133.500000	9.000000
135.000000	9.000000
136.500000	9.000000
138.000000	9.000000
139.500000	9.000000
141.000000	9.000000
142.500000	9.000000
144.000000	9.000000
145.500000	9.000000
147.000000	9.000000
148.500000	9.000000
150.000000	9.000000
151.500000	9.000000
153.000000	9.000000
154.500000	9.000000
156.000000	9.000000
157.500000	9.000000
159.000000	9.000000
160.500000	9.000000
162.000000	9.000000
163.500000	9.000000
165.000000	9.000000
166.500000	9.000000
168.000000	9.000000
169.500000	9.000000
171.000000	9.000000
172.500000	9.000000
174.000000	9.000000
175.500000	9.000000
0.000000	10.500000
1.500000	10.500000
3.000000	10.500000
4.500000	10.500000
6.000000	10.500000
7.500000	10.500000
9.000000	10.500000
10.500000	10.500000
12.000000	10.500000
13.500000	10.500000
15.000000	10.500000
16.500000	10.500000
18.000000	10.500000
19.500000	10.500000
21.000000	10.500000
22.500000	10.500000
24.000000	10.500000
25.500000	10.500000
27.000000	10.500000
28.500000	10.500000
30.000000	10.500000
31.500000	10.500000
33.000000	10.500000
34.500000	10.500000
36.000000	10.500000
37.500000	10.500000
39.000000	10.500000
40.500000	10.500000
42.000000	10.500000
43.500000	10.500000
45.000000	10.500000
46.500000	10.500000
48.000000	10.500000
49.500000	10.500000
51.000000	10.500000
52.500000	10.500000
54.000000	10.500000
55.500000	10.500000
57.000000	10.500000
58.500000	10.500000
60.000000	10.500000
61.500000	10.500000
63.000000	10.500000
64.500000	10.500000
66.000000	10.500000
67.500000	10.500000
69.000000	10.500000
70.500000	10.500000
72.000000	10.500000
73.500000	10.500000
75.000000	10.500000
76.500000	10.500000
78.000000	10.500000
79.500000	10.500000
81.000000	10.500000
82.500000	10.500000
84.000000	10.500000
85.500000	10.500000
87.000000	10.500000
88.500000	10.500000
90.000000	10.500000
91.500000	10.500000
93.000000	10.500000
94.500000	10.500000
96.000000	10.500000
97.500000	10.500000
99.000000	10.500000
100.500000	10.500000
102.000000	10.500000
103.500000	10.500000
105.000000	10.500000
106.500000	10.500000
108.000000	10.500000
109.500000	10.500000
111.000000	10.500000
112.500000	10.500000
114.000000	10.500000
115.500000	10.500000
117.000000	10.500000
118.500000	10.500000
120.000000	10.500000
121.500000	10.500000
123.000000	10.500000
124.500000	10.500000
126.000000	10.500000
127.500000	10.500000
129.000000	10.500000
130.500000	10.500000
132.000000	10.500000
133.500000	10.500000
135.000000	10.500000
136.500000	10.500000
138.000000	10.500000
139.500000	10.500000
141.000000	10.500000
142.500000	10.500000
144.000000	10.500000
145.500000	10.500000
147.000000	10.500000
148.500000	10.500000
150.000000	10.500000
151.500000	10.500000
153.000000	10.500000
154.500000	10.500000
156.000000	10.500000
157.500000	10.500000
159.000000	10.500000
160.500000	10.500000
162.000000	10.500000
163.500000	10.500000
165.000000	10.500000
166.500000	10.500000
168.000000	10.500000
169.500000	10.500000
171.000000	10.500000
172.500000	10.500000
174.000000	10.500000
175.500000	10.500000
0.000000	12.000000
1.500000	12.000000
3.000000	12.000000
4.500000	12.000000
6.000000	12.000000
7.500000	12.000000
9.000000	12.000000
10.500000	12.000000
12.000000	12.000000
13.500000	12.000000
15.000000	12.000000
16.500000	12.000000
18.000000	12.000000
19.500000	12.000000
21.000000	12.000000
22.500000	12.000000
24.000000	12.000000
25.500000	12.000000
27.000000	12.000000
28.500000	12.000000
30.000000	12.000000
31.500000	12.000000
33.000000	12.000000
34.500000	12.000000
36.000000	12.000000
37.500000	12.000000
39.000000	12.000000
40.500000	12.000000
42.000000	12.000000
43.500000	12.000000
45.000000	12.000000
46.500000	12.000000
48.000000	12.000000
49.500000	12.000000
51.000000	12.000000
52.500000	12.000000
54.000000	12.000000
55.500000	12.000000
57.000000	12.000000
58.500000	12.000000
60.000000	12.000000
61.500000	12.000000
63.000000	12.000000
64.500000	12.000000
66.000000	12.000000
67.500000	12.000000
69.000000	12.000000
70.500000	12.000000
72.000000	12.000000
73.500000	12.000000
75.000000	12.000000
76.500000	12.000000
78.000000	12.000000
79.500000	12.000000
81.000000	12.000000
82.500000	12.000000
84.000000	12.000000
85.500000	12.000000
87.000000	12.000000
88.500000	12.000000
90.000000	12.000000
91.500000	12.000000
93.000000	12.000000
94.500000	12.000000
96.000000	12.000000
97.500000	12.000000
99.000000	12.000000
100.500000	12.000000
102.000000	12.000000
103.500000	12.000000
105.000000	12.000000
106.500000	12.000000
108.000000	12.000000
109.500000	12.000000
111.000000	12.000000
112.500000	12.000000
114.000000	12.000000
115.500000	12.000000
117.000000	12.000000
118.500000	12.000000
120.000000	12.000000
121.500000	12.000000
123.000000	12.000000
124.500000	12.000000
126.000000	12.000000
127.500000	12.000000
129.000000	12.000000
130.500000	12.000000
132.000000	12.000000
133.500000	12.000000
135.000000	12.000000
136.500000	12.000000
138.000000	12.000000
139.500000	12.000000
141.000000	12.000000
142.500000	12.000000
144.000000	12.000000
145.500000	12.000000
147.000000	12.000000
148.500000	12.000000
150.000000	12.000000
151.500000	12.000000
153.000000	12.000000
154.500000	12.000000
156.000000	12.000000
157.500000	12.000000
159.000000	12.000000
160.500000	12.000000
162.000000	12.000000
163.500000	12.000000
165.000000	12.000000
166.500000	12.000000
168.000000	12.000000
169.500000	12.000000
171.000000	12.000000
172.500000	12.000000
174.000000	12.000000
175.500000	12.000000
0.000000	13.500000
1.500000	13.500000
3.000000	13.500000
4.500000	13.500000
6.000000	13.500000
7.500000	13.500000
9.000000	13.500000
10.500000	13.500000
12.000000	13.500000
13.500000	13.500000
15.000000	13.500000
16.500000	13.500000
18.000000	13.500000
19.500000	13.500000
21.000000	13.500000
22.500000	13.500000
24.000000	13.500000
25.500000	13.500000
27.000000	13.500000
28.500000	13.500000
30.000000	13.500000
31.500000	13.500000
33.000000	13.500000
34.500000	13.500000
36.000000	13.500000
37.500000	13.500000
39.000000	13.500000
40.500000	13.500000
42.000000	13.500000
43.500000	13.500000
45.000000	13.500000
46.500000	13.500000
48.000000	13.500000
49.500000	13.500000
51.000000	13.500000
52.500000	13.500000
54.000000	13.500000
55.500000	13.500000
57.000000	13.500000
58.500000	13.500000
60.000000	13.500000
61.500000	13.500000
63.000000	13.500000
64.500000	13.500000
66.000000	13.500000
67.500000	13.500000
69.000000	13.500000
70.500000	13.500000
72.000000	13.500000
73.500000	13.500000
75.000000	13.500000
76.500000	13.500000
78.000000	13.500000
79.500000	13.500000
81.000000	13.500000
82.500000	13.500000
84.000000	13.500000
85.500000	13.500000
87.000000	13.500000
88.500000	13.500000
90.000000	13.500000
91.500000	13.500000
93.000000	13.500000
94.500000	13.500000
96.000000	13.500000
97.500000	13.500000
99.000000	13.500000
100.500000	13.500000
102.000000	13.500000
103.500000	13.500000
105.000000	13.500000
106.500000	13.500000
108.000000	13.500000
109.500000	13.500000
111.000000	13.500000
112.500000	13.500000
114.000000	13.500000
115.500000	13.500000
117.000000	13.500000
118.500000	13.500000
120.000000	13.500000
121.500000	13.500000
123.000000	13.500000
124.500000	13.500000
126.000000	13.500000
127.500000	13.500000
129.000000	13.500000
130.500000	13.500000
132.000000	13.500000
133.500000	13.500000
135.000000	13.500000
136.500000	13.500000
138.000000	13.500000
139.500000	13.500000
141.000000	13.500000
142.500000	13.500000
144.000000	13.500000
145.500000	13.500000
147.000000	13.500000
148.500000	13.500000
150.000000	13.500000
151.500000	13.500000
153.000000	13.500000
154.500000	13.500000
156.000000	13.500000
157.500000	13.500000
159.000000	13.500000
160.500000	13.500000
162.000000	13.500000
163.500000	13.500000
165.000000	13.500000
166.500000	13.500000
168.000000	13.500000
169.500000	13.500000
171.000000	13.500000
172.500000	13.500000
174.000000	13.500000
175.500000	13.500000
0.000000	15.000000
1.500000	15.000000
3.000000	15.000000
4.500000	15.000000
6.000000	15.000000
7.500000	15.000000
9.000000	15.000000
10.500000	15.000000
12.000000	15.000000
13.500000	15.000000
15.000000	15.000000
16.500000	15.000000
18.000000	15.000000
19.500000	15.000000
21.000000	15.000000
22.500000	15.000000
24.000000	15.000000
25.500000	15.000000
27.000000	15.000000
28.500000	15.000000
30.000000	15.000000
31.500000	15.000000
33.000000	15.000000
34.500000	15.000000
36.000000	15.000000
37.500000	15.000000
39.000000	15.000000
40.500000	15.000000
42.000000	15.000000
43.500000	15.000000
45.000000	15.000000
46.500000	15.000000
48.000000	15.000000
49.500000	15.000000
51.000000	15.000000
52.500000	15.000000
54.000000	15.000000
55.500000	15.000000
57.000000	15.000000
58.500000	15.000000
60.000000	15.000000
61.500000	15.000000
63.000000	15.000000
64.500000	15.000000
66.000000	15.000000
67.500000	15.000000
69.000000	15.000000
70.500000	15.000000
72.000000	15.000000
73.500000	15.000000
75.000000	15.000000
76.500000	15.000000
78.000000	15.000000
79.500000	15.000000
81.000000	15.000000
82.500000	15.000000
84.000000	15.000000
85.500000	15.000000
87.000000	15.000000
88.500000	15.000000
90.000000	15.000000
91.500000	15.000000
93.000000	15.000000
94.500000	15.000000
96.000000	15.000000
97.500000	15.000000
99.000000	15.000000
100.500000	15.000000
102.000000	15.000000
103.500000	15.000000
105.000000	15.000000
106.500000	15.000000
108.000000	15.000000
109.500000	15.000000
111.000000	15.000000
112.500000	15.000000
114.000000	15.000000
115.500000	15.000000
117.000000	15.000000
118.500000	15.000000
120.000000	15.000000
121.500000	15.000000
123.000000	15.000000
124.500000	15.000000
126.000000	15.000000
127.500000	15.000000
129.000000	15.000000
130.500000	15.000000
132.000000	15.000000
133.500000	15.000000
135.000000	15.000000
136.500000	15.000000
138.000000	15.000000
139.500000	15.000000
141.000000	15.000000
142.500000	15.000000
144.000000	15.000000
145.500000	15.000000
147.000000	15.000000
148.500000	15.000000
150.000000	15.000000
151.500000	15.000000
153.000000	15.000000
154.500000	15.000000
156.000000	15.000000
157.500000	15.000000
159.000000	15.000000
160.500000	15.000000
162.000000	15.000000
163.500000	15.000000
165.000000	15.000000
166.500000	15.000000
168.000000	15.000000
169.500000	15.000000
171.000000	15.000000
172.500000	15.000000
174.000000	15.000000
175.500000	15.000000
0.000000	16.500000
1.500000	16.500000
3.000000	16.500000
4.500000	16.500000
6.000000	16.500000
7.500000	16.500000
9.000000	16.500000
10.500000	16.500000
12.000000	16.500000
13.500000	16.500000
15.000000	16.500000
16.500000	16.500000
18.000000	16.500000
19.500000	16.500000
21.000000	16.500000
22.500000	16.500000
24.000000	16.500000
25.500000	16.500000
27.000000	16.500000
28.500000	16.500000
30.000000	16.500000
31.500000	16.500000
33.000000	16.500000
34.500000	16.500000
36.000000	16.500000
37.500000	16.500000
39.000000	16.500000
40.500000	16.500000
42.000000	16.500000
43.500000	16.500000
45.000000	16.500000
46.500000	16.500000
48.000000	16.500000
49.500000	16.500000
51.000000	16.500000
52.500000	16.500000
54.000000	16.500000
55.500000	16.500000
57.000000	16.500000
58.500000	16.500000
60.000000	16.500000
61.500000	16.500000
63.000000	16.500000
64.500000	16.500000
66.000000	16.500000
67.500000	16.500000
69.000000	16.500000
70.500000	16.500000
72.000000	16.500000
73.500000	16.500000
75.000000	16.500000
76.500000	16.500000
78.000000	16.500000
79.500000	16.500000
81.000000	16.500000
82.500000	16.500000
84.000000	16.500000
85.500000	16.500000
87.000000	16.500000
88.500000	16.500000
90.000000	16.500000
91.500000	16.500000
93.000000	16.500000
94.500000	16.500000
96.000000	16.500000
97.500000	16.500000
99.000000	16.500000
100.500000	16.500000
102.000000	16.500000
103.500000	16.500000
105.000000	16.500000
106.500000	16.500000
108.000000	16.500000
109.500000	16.500000
111.000000	16.500000
112.500000	16.500000
114.000000	16.500000
115.500000	16.500000
117.000000	16.500000
118.500000	16.500000
120.000000	16.500000
121.500000	16.500000
123.000000	16.500000
124.500000	16.500000
126.000000	16.500000
127.500000	16.500000
129.000000	16.500000
130.500000	16.500000
132.000000	16.500000
133.500000	16.500000
135.000000	16.500000
136.500000	16.500000
138.000000	16.500000
139.500000	16.500000
141.000000	16.500000
142.500000	16.500000
144.000000	16.500000
145.500000	16.500000
147.000000	16.500000
148.500000	16.500000
150.000000	16.500000
151.500000	16.500000
153.000000	16.500000
154.500000	16.500000
156.000000	16.500000
157.500000	16.500000
159.000000	16.500000
160.500000	16.500000
162.000000	16.500000
163.500000	16.500000
165.000000	16.500000
166.500000	16.500000
168.000000	16.500000
169.500000	16.500000
171.000000	16.500000
172.500000	16.500000
174.000000	16.500000
175.500000	16.500000
0.000000	18.000000
1.500000	18.000000
3.000000	18.000000
4.500000	18.000000
6.000000	18.000000
7.500000	18.000000
9.000000	18.000000
10.500000	18.000000
12.000000	18.000000
13.500000	18.000000
15.000000	18.000000
16.500000	18.000000
18.000000	18.000000
19.500000	18.000000
21.000000	18.000000
22.500000	18.000000
24.000000	18.000000
25.500000	18.000000
27.000000	18.000000
28.500000	18.000000
30.000000	18.000000
31.500000	18.000000
33.000000	18.000000
34.500000	18.000000
36.000000	18.000000
37.500000	18.000000
39.000000	18.000000
40.500000	18.000000
42.000000	18.000000
43.500000	18.000000
45.000000	18.000000
46.500000	18.000000
48.000000	18.000000
49.500000	18.000000
51.000000	18.000000
52.500000	18.000000
54.000000	18.000000
55.500000	18.000000
57.000000	18.000000
58.500000	18.000000
60.000000	18.000000
61.500000	18.000000
63.000000	18.000000
64.500000	18.000000
66.000000	18.000000
67.500000	18.000000
69.000000	18.000000
70.500000	18.000000
72.000000	18.000000
73.500000	18.000000
75.000000	18.000000
76.500000	18.000000
78.000000	18.000000
79.500000	18.000000
81.000000	18.000000
82.500000	18.000000
84.000000	18.000000
85.500000	18.000000
87.000000	18.000000
88.500000	18.000000
90.000000	18.000000
91.500000	18.000000
93.000000	18.000000
94.500000	18.000000
96.000000	18.000000
97.500000	18.000000
99.000000	18.000000
100.500000	18.000000
102.000000	18.000000
103.500000	18.000000
105.000000	18.000000
106.500000	18.000000
108.000000	18.000000
109.500000	18.000000
111.000000	18.000000
112.500000	18.000000
114.000000	18.000000
115.500000	18.000000
117.000000	18.000000
118.500000	18.000000
120.000000	18.000000
121.500000	18.000000
123.000000	18.000000
124.500000	18.000000
126.000000	18.000000
127.500000	18.000000
129.000000	18.000000
130.500000	18.000000
132.000000	18.000000
133.500000	18.000000
135.000000	18.000000
136.500000	18.000000
138.000000	18.000000
139.500000	18.000000
141.000000	18.000000
142.500000	18.000000
144.000000	18.000000
145.500000	18.000000
147.000000	18.000000
148.500000	18.000000
150.000000	18.000000
151.500000	18.000000
153.000000	18.000000
154.500000	18.000000
156.000000	18.000000
157.500000	18.000000
159.000000	18.000000
160.500000	18.000000
162.000000	18.000000
163.500000	18.000000
165.000000	18.000000
166.500000	18.000000
168.000000	18.000000
169.500000	18.000000
171.000000	18.000000
172.500000	18.000000
174.000000	18.000000
175.500000	18.000000
0.000000	19.500000
1.500000	19.500000
3.000000	19.500000
4.500000	19.500000
6.000000	19.500000
7.500000	19.500000
9.000000	19.500000
10.500000	19.500000
12.000000	19.500000
13.500000	19.500000
15.000000	19.500000
16.500000	19.500000
18.000000	19.500000
19.500000	19.500000
21.000000	19.500000
22.500000	19.500000
24.000000	19.500000
25.500000	19.500000
27.000000	19.500000
28.500000	19.500000
30.000000	19.500000
31.500000	19.500000
33.000000	19.500000
34.500000	19.500000
36.000000	19.500000
37.500000	19.500000
39.000000	19.500000
40.500000	19.500000
42.000000	19.500000
43.500000	19.500000
45.000000	19.500000
46.500000	19.500000
48.000000	19.500000
49.500000	19.500000
51.000000	19.500000
52.500000	19.500000
54.000000	19.500000
55.500000	19.500000
57.000000	19.500000
58.500000	19.500000
60.000000	19.500000
61.500000	19.500000
63.000000	19.500000
64.500000	19.500000
66.000000	19.500000
67.500000	19.500000
69.000000	19.500000
70.500000	19.500000
72.000000	19.500000
73.500000	19.500000
75.000000	19.500000
76.500000	19.500000
78.000000	19.500000
79.500000	19.500000
81.000000	19.500000
82.500000	19.500000
84.000000	19.500000
85.500000	19.500000
87.000000	19.500000
88.500000	19.500000
90.000000	19.500000
91.500000	19.500000
93.000000	19.500000
94.500000	19.500000
96.000000	19.500000
97.500000	19.500000
99.000000	19.500000
100.500000	19.500000
102.000000	19.500000
103.500000	19.500000
105.000000	19.500000
106.500000	19.500000
108.000000	19.500000
109.500000	19.500000
111.000000	19.500000
112.500000	19.500000
114.000000	19.500000
115.500000	19.500000
117.000000	19.500000
118.500000	19.500000
120.000000	19.500000
121.500000	19.500000
123.000000	19.500000
124.500000	19.500000
126.000000	19.500000
127.500000	19.500000
129.000000	19.500000
130.500000	19.500000
132.000000	19.500000
133.500000	19.500000
135.000000	19.500000
136.500000	19.500000
138.000000	19.500000
139.500000	19.500000
141.000000	19.500000
142.500000	19.500000
144.000000	19.500000
145.500000	19.500000
147.000000	19.500000
148.500000	19.500000
150.000000	19.500000
151.500000	19.500000
153.000000	19.500000
154.500000	19.500000
156.000000	19.500000
157.500000	19.500000
159.000000	19.500000
160.500000	19.500000
162.000000	19.500000
163.500000	19.500000
165.000000	19.500000
166.500000	19.500000
168.000000	19.500000
169.500000	19.500000
171.000000	19.500000
172.500000	19.500000
174.000000	19.500000
175.500000	19.500000
0.000000	21.000000
1.500000	21.000000
3.000000	21.000000
4.500000	21.000000
6.000000	21.000000
7.500000	21.000000
9.000000	21.000000
10.500000	21.000000
12.000000	21.000000
13.500000	21.000000
15.000000	21.000000
16.500000	21.000000
18.000000	21.000000
19.500000	21.000000
21.000000	21.000000
22.500000	21.000000
24.000000	21.000000
25.500000	21.000000
27.000000	21.000000
28.500000	21.000000
30.000000	21.000000
31.500000	21.000000
33.000000	21.000000
34.500000	21.000000
36.000000	21.000000
37.500000	21.000000
39.000000	21.000000
40.500000	21.000000
42.000000	21.000000
43.500000	21.000000
45.000000	21.000000
46.500000	21.000000
48.000000	21.000000
49.500000	21.000000
51.000000	21.000000
52.500000	21.000000
54.000000	21.000000
55.500000	21.000000
57.000000	21.000000
58.500000	21.000000
60.000000	21.000000
61.500000	21.000000
63.000000	21.000000
64.500000	21.000000
66.000000	21.000000
67.500000	21.000000
69.000000	21.000000
70.500000	21.000000
72.000000	21.000000
73.500000	21.000000
75.000000	21.000000
76.500000	21.000000
78.000000	21.000000
79.500000	21.000000
81.000000	21.000000
82.500000	21.000000
84.000000	21.000000
85.500000	21.000000
87.000000	21.000000
88.500000	21.000000
90.000000	21.000000
91.500000	21.000000
93.000000	21.000000
94.500000	21.000000
96.000000	21.000000
97.500000	21.000000
99.000000	21.000000
100.500000	21.000000
102.000000	21.000000
103.500000	21.000000
105.000000	21.000000
106.500000	21.000000
108.000000	21.000000
109.500000	21.000000
111.000000	21.000000
112.500000	21.000000
114.000000	21.000000
115.500000	21.000000
117.000000	21.000000
118.500000	21.000000
120.000000	21.000000
121.500000	21.000000
123.000000	21.000000
124.500000	21.000000
126.000000	21.000000
127.500000	21.000000
129.000000	21.000000
130.500000	21.000000
132.000000	21.000000
133.500000	21.000000
135.000000	21.000000
136.500000	21.000000
138.000000	21.000000
139.500000	21.000000
141.000000	21.000000
142.500000	21.000000
144.000000	21.000000
145.500000	21.000000
147.000000	21.000000
148.500000	21.000000
150.000000	21.000000
151.500000	21.000000
153.000000	21.000000
154.500000	21.000000
156.000000	21.000000
157.500000	21.000000
159.000000	21.000000
160.500000	21.000000
162.000000	21.000000
163.500000	21.000000
165.000000	21.000000
166.500000	21.000000
168.000000	21.000000
169.500000	21.000000
171.000000	21.000000
172.500000	21.000000
174.000000	21.000000
175.500000	21.000000
0.000000	22.500000
1.500000	22.500000
3.000000	22.500000
4.500000	22.500000
6.000000	22.500000
7.500000	22.500000
9.000000	22.500000
10.500000	22.500000
12.000000	22.500000
13.500000	22.500000
15.000000	22.500000
16.500000	22.500000
18.000000	22.500000
19.500000	22.500000
21.000000	22.500000
22.500000	22.500000
24.000000	22.500000
25.500000	22.500000
27.000000	22.500000
28.500000	22.500000
30.000000	22.500000
31.500000	22.500000
33.000000	22.500000
34.500000	22.500000
36.000000	22.500000
37.500000	22.500000
39.000000	22.500000
40.500000	22.500000
42.000000	22.500000
43.500000	22.500000
45.000000	22.500000
46.500000	22.500000
48.000000	22.500000
49.500000	22.500000
51.000000	22.500000
52.500000	22.500000
54.000000	22.500000
55.500000	22.500000
57.000000	22.500000
58.500000	22.500000
60.000000	22.500000
61.500000	22.500000
63.000000	22.500000
64.500000	22.500000
66.000000	22.500000
67.500000	22.500000
69.000000	22.500000
70.500000	22.500000
72.000000	22.500000
73.500000	22.500000
75.000000	22.500000
76.500000	22.500000
78.000000	22.500000
79.500000	22.500000
81.000000	22.500000
82.500000	22.500000
84.000000	22.500000
85.500000	22.500000
87.000000	22.500000
88.500000	22.500000
90.000000	22.500000
91.500000	22.500000
93.000000	22.500000
94.500000	22.500000
96.000000	22.500000
97.500000	22.500000
99.000000	22.500000
100.500000	22.500000
102.000000	22.500000
103.500000	22.500000
105.000000	22.500000
106.500000	22.500000
108.000000	22.500000
109.500000	22.500000
111.000000	22.500000
112.500000	22.500000
114.000000	22.500000
115.500000	22.500000
117.000000	22.500000
118.500000	22.500000
120.000000	22.500000
121.500000	22.500000
123.000000	22.500000
124.500000	22.500000
126.000000	22.500000
127.500000	22.500000
129.000000	22.500000
130.500000	22.500000
132.000000	22.500000
133.500000	22.500000
135.000000	22.500000
136.500000	22.500000
138.000000	22.500000
139.500000	22.500000
141.000000	22.500000
142.500000	22.500000
144.000000	22.500000
145.500000	22.500000
147.000000	22.500000
148.500000	22.500000
150.000000	22.500000
151.500000	22.500000
153.000000	22.500000
154.500000	22.500000
156.000000	22.500000
157.500000	22.500000
159.000000	22.500000
160.500000	22.500000
162.000000	22.500000
163.500000	22.500000
165.000000	22.500000
166.500000	22.500000
168.000000	22.500000
169.500000	22.500000
171.000000	22.500000
172.500000	22.500000
174.000000	22.500000
175.500000	22.500000
0.000000	24.000000
1.500000	24.000000
3.000000	24.000000
4.500000	24.000000
6.000000	24.000000
7.500000	24.000000
9.000000	24.000000
10.500000	24.000000
12.000000	24.000000
13.500000	24.000000
15.000000	24.000000
16.500000	24.000000
18.000000	24.000000
19.500000	24.000000
21.000000	24.000000
22.500000	24.000000
24.000000	24.000000
25.500000	24.000000
27.000000	24.000000
28.500000	24.000000
30.000000	24.000000
31.500000	24.000000
33.000000	24.000000
34.500000	24.000000
36.000000	24.000000
37.500000	24.000000
39.000000	24.000000
40.500000	24.000000
42.000000	24.000000
43.500000	24.000000
45.000000	24.000000
46.500000	24.000000
48.000000	24.000000
49.500000	24.000000
51.000000	24.000000
52.500000	24.000000
54.000000	24.000000
55.500000	24.000000
57.000000	24.000000
58.500000	24.000000
60.000000	24.000000
61.500000	24.000000
63.000000	24.000000
64.500000	24.000000
66.000000	24.000000
67.500000	24.000000
69.000000	24.000000
70.500000	24.000000
72.000000	24.000000
73.500000	24.000000
75.000000	24.000000
76.500000	24.000000
78.000000	24.000000
79.500000	24.000000
81.000000	24.000000
82.500000	24.000000
84.000000	24.000000
85.500000	24.000000
87.000000	24.000000
88.500000	24.000000
90.000000	24.000000
91.500000	24.000000
93.000000	24.000000
94.500000	24.000000
96.000000	24.000000
97.500000	24.000000
99.000000	24.000000
100.500000	24.000000
102.000000	24.000000
103.500000	24.000000
105.000000	24.000000
106.500000	24.000000
108.000000	24.000000
109.500000	24.000000
111.000000	24.000000
112.500000	24.000000
114.000000	24.000000
115.500000	24.000000
117.000000	24.000000
118.500000	24.000000
120.000000	24.000000
121.500000	24.000000
123.000000	24.000000
124.500000	24.000000
126.000000	24.000000
127.500000	24.000000
129.000000	24.000000
130.500000	24.000000
132.000000	24.000000
133.500000	24.000000
135.000000	24.000000
136.500000	24.000000
138.000000	24.000000
139.500000	24.000000
141.000000	24.000000
142.500000	24.000000
144.000000	24.000000
145.500000	24.000000
147.000000	24.000000
148.500000	24.000000
150.000000	24.000000
151.500000	24.000000
153.000000	24.000000
154.500000	24.000000
156.000000	24.000000
157.500000	24.000000
159.000000	24.000000
160.500000	24.000000
162.000000	24.000000
163.500000	24.000000
165.000000	24.000000
166.500000	24.000000
168.000000	24.000000
169.500000	24.000000
171.000000	24.000000
172.500000	24.000000
174.000000	24.000000
175.500000	24.000000
0.000000	25.500000
1.500000	25.500000
3.000000	25.500000
4.500000	25.500000
6.000000	25.500000
7.500000	25.500000
9.000000	25.500000
10.500000	25.500000
12.000000	25.500000
13.500000	25.500000
15.000000	25.500000
16.500000	25.500000
18.000000	25.500000
19.500000	25.500000
21.000000	25.500000
22.500000	25.500000
24.000000	25.500000
25.500000	25.500000
27.000000	25.500000
28.500000	25.500000
30.000000	25.500000
31.500000	25.500000
33.000000	25.500000
34.500000	25.500000
36.000000	25.500000
37.500000	25.500000
39.000000	25.500000
40.500000	25.500000
42.000000	25.500000
43.500000	25.500000
45.000000	25.500000
46.500000	25.500000
48.000000	25.500000
49.500000	25.500000
51.000000	25.500000
52.500000	25.500000
54.000000	25.500000
55.500000	25.500000
57.000000	25.500000
58.500000	25.500000
60.000000	25.500000
61.500000	25.500000
63.000000	25.500000
64.500000	25.500000
66.000000	25.500000
67.500000	25.500000
69.000000	25.500000
70.500000	25.500000
72.000000	25.500000
73.500000	25.500000
75.000000	25.500000
76.500000	25.500000
78.000000	25.500000
79.500000	25.500000
81.000000	25.500000
82.500000	25.500000
84.000000	25.500000
85.500000	25.500000
87.000000	25.500000
88.500000	25.500000
90.000000	25.500000
91.500000	25.500000
93.000000	25.500000
94.500000	25.500000
96.000000	25.500000
97.500000	25.500000
99.000000	25.500000
100.500000	25.500000
102.000000	25.500000
103.500000	25.500000
105.000000	25.500000
106.500000	25.500000
108.000000	25.500000
109.500000	25.500000
111.000000	25.500000
112.500000	25.500000
114.000000	25.500000
115.500000	25.500000
117.000000	25.500000
118.500000	25.500000
120.000000	25.500000
121.500000	25.500000
123.000000	25.500000
124.500000	25.500000
126.000000	25.500000
127.500000	25.500000
129.000000	25.500000
130.500000	25.500000
132.000000	25.500000
133.500000	25.500000
135.000000	25.500000
136.500000	25.500000
138.000000	25.500000
139.500000	25.500000
141.000000	25.500000
142.500000	25.500000
144.000000	25.500000
145.500000	25.500000
147.000000	25.500000
148.500000	25.500000
150.000000	25.500000
151.500000	25.500000
153.000000	25.500000
154.500000	25.500000
156.000000	25.500000
157.500000	25.500000
159.000000	25.500000
160.500000	25.500000
162.000000	25.500000
163.500000	25.500000
165.000000	25.500000
166.500000	25.500000
168.000000	25.500000
169.500000	25.500000
171.000000	25.500000
172.500000	25.500000
174.000000	25.500000
175.500000	25.500000
0.000000	27.000000
1.500000	27.000000
3.000000	27.000000
4.500000	27.000000
6.000000	27.000000
7.500000	27.000000
9.000000	27.000000
10.500000	27.000000
12.000000	27.000000
13.500000	27.000000
15.000000	27.000000
16.500000	27.000000
18.000000	27.000000
19.500000	27.000000
21.000000	27.000000
22.500000	27.000000
24.000000	27.000000
25.500000	27.000000
27.000000	27.000000
28.500000	27.000000
30.000000	27.000000
31.500000	27.000000
33.000000	27.000000
34.500000	27.000000
36.000000	27.000000
37.500000	27.000000
39.000000	27.000000
40.500000	27.000000
42.000000	27.000000
43.500000	27.000000
45.000000	27.000000
46.500000	27.000000
48.000000	27.000000
49.500000	27.000000
51.000000	27.000000
52.500000	27.000000
54.000000	27.000000
55.500000	27.000000
57.000000	27.000000
58.500000	27.000000
60.000000	27.000000
61.500000	27.000000
63.000000	27.000000
64.500000	27.000000
66.000000	27.000000
67.500000	27.000000
69.000000	27.000000
70.500000	27.000000
72.000000	27.000000
73.500000	27.000000
75.000000	27.000000
76.500000	27.000000
78.000000	27.000000
79.500000	27.000000
81.000000	27.000000
82.500000	27.000000
84.000000	27.000000
85.500000	27.000000
87.000000	27.000000
88.500000	27.000000
90.000000	27.000000
91.500000	27.000000
93.000000	27.000000
94.500000	27.000000
96.000000	27.000000
97.500000	27.000000
99.000000	27.000000
100.500000	27.000000
102.000000	27.000000
103.500000	27.000000
105.000000	27.000000
106.500000	27.000000
108.000000	27.000000
109.500000	27.000000
111.000000	27.000000
112.500000	27.000000
114.000000	27.000000
115.500000	27.000000
117.000000	27.000000
118.500000	27.000000
120.000000	27.000000
121.500000	27.000000
123.000000	27.000000
124.500000	27.000000
126.000000	27.000000
127.500000	27.000000
129.000000	27.000000
130.500000	27.000000
132.000000	27.000000
133.500000	27.000000
135.000000	27.000000
136.500000	27.000000
138.000000	27.000000
139.500000	27.000000
141.000000	27.000000
142.500000	27.000000
144.000000	27.000000
145.500000	27.000000
147.000000	27.000000
148.500000	27.000000
150.000000	27.000000
151.500000	27.000000
153.000000	27.000000
154.500000	27.000000
156.000000	27.000000
157.500000	27.000000
159.000000	27.000000
160.500000	27.000000
162.000000	27.000000
163.500000	27.000000
165.000000	27.000000
166.500000	27.000000
168.000000	27.000000
169.500000	27.000000
171.000000	27.000000
172.500000	27.000000
174.000000	27.000000
175.500000	27.000000
0.000000	28.500000
1.500000	28.500000
3.000000	28.500000
4.500000	28.500000
6.000000	28.500000
7.500000	28.500000
9.000000	28.500000
10.500000	28.500000
12.000000	28.500000
13.500000	28.500000
15.000000	28.500000
16.500000	28.500000
18.000000	28.500000
19.500000	28.500000
21.000000	28.500000
22.500000	28.500000
24.000000	28.500000
25.500000	28.500000
27.000000	28.500000
28.500000	28.500000
30.000000	28.500000
31.500000	28.500000
33.000000	28.500000
34.500000	28.500000
36.000000	28.500000
37.500000	28.500000
39.000000	28.500000
40.500000	28.500000
42.000000	28.500000
43.500000	28.500000
45.000000	28.500000
46.500000	28.500000
48.000000	28.500000
49.500000	28.500000
51.000000	28.500000
52.500000	28.500000
54.000000	28.500000
55.500000	28.500000
57.000000	28.500000
58.500000	28.500000
60.000000	28.500000
61.500000	28.500000
63.000000	28.500000
64.500000	28.500000
66.000000	28.500000
67.500000	28.500000
69.000000	28.500000
70.500000	28.500000
72.000000	28.500000
73.500000	28.500000
75.000000	28.500000
76.500000	28.500000
78.000000	28.500000
79.500000	28.500000
81.000000	28.500000
82.500000	28.500000
84.000000	28.500000
85.500000	28.500000
87.000000	28.500000
88.500000	28.500000
90.000000	28.500000
91.500000	28.500000
93.000000	28.500000
94.500000	28.500000
96.000000	28.500000
97.500000	28.500000
99.000000	28.500000
100.500000	28.500000
102.000000	28.500000
103.500000	28.500000
105.000000	28.500000
106.500000	28.500000
108.000000	28.500000
109.500000	28.500000
111.000000	28.500000
112.500000	28.500000
114.000000	28.500000
115.500000	28.500000
117.000000	28.500000
118.500000	28.500000
120.000000	28.500000
121.500000	28.500000
123.000000	28.500000
124.500000	28.500000
126.000000	28.500000
127.500000	28.500000
129.000000	28.500000
130.500000	28.500000
132.000000	28.500000
133.500000	28.500000
135.000000	28.500000
136.500000	28.500000
138.000000	28.500000
139.500000	28.500000
141.000000	28.500000
142.500000	28.500000
144.000000	28.500000
145.500000	28.500000
147.000000	28.500000
148.500000	28.500000
150.000000	28.500000
151.500000	28.500000
153.000000	28.500000
154.500000	28.500000
156.000000	28.500000
157.500000	28.500000
159.000000	28.500000
160.500000	28.500000
162.000000	28.500000
163.500000	28.500000
165.000000	28.500000
166.500000	28.500000
168.000000	28.500000
169.500000	28.500000
171.000000	28.500000
172.500000	28.500000
174.000000	28.500000
175.500000	28.500000
0.000000	30.000000
1.500000	30.000000
3.000000	30.000000
4.500000	30.000000
6.000000	30.000000
7.500000	30.000000
9.000000	30.000000
10.500000	30.000000
12.000000	30.000000
13.500000	30.000000
15.000000	30.000000
16.500000	30.000000
18.000000	30.000000
19.500000	30.000000
21.000000	30.000000
22.500000	30.000000
24.000000	30.000000
25.500000	30.000000
27.000000	30.000000
28.500000	30.000000
30.000000	30.000000
31.500000	30.000000
33.000000	30.000000
34.500000	30.000000
36.000000	30.000000
37.500000	30.000000
39.000000	30.000000
40.500000	30.000000
42.000000	30.000000
43.500000	30.000000
45.000000	30.000000
46.500000	30.000000
48.000000	30.000000
49.500000	30.000000
51.000000	30.000000
52.500000	30.000000
54.000000	30.000000
55.500000	30.000000
57.000000	30.000000
58.500000	30.000000
60.000000	30.000000
61.500000	30.000000
63.000000	30.000000
64.500000	30.000000
66.000000	30.000000
67.500000	30.000000
69.000000	30.000000
70.500000	30.000000
72.000000	30.000000
73.500000	30.000000
75.000000	30.000000
76.500000	30.000000
78.000000	30.000000
79.500000	30.000000
81.000000	30.000000
82.500000	30.000000
84.000000	30.000000
85.500000	30.000000
87.000000	30.000000
88.500000	30.000000
90.000000	30.000000
91.500000	30.000000
93.000000	30.000000
94.500000	30.000000
96.000000	30.000000
97.500000	30.000000
99.000000	30.000000
100.500000	30.000000
102.000000	30.000000
103.500000	30.000000
105.000000	30.000000
106.500000	30.000000
108.000000	30.000000
109.500000	30.000000
111.000000	30.000000
112.500000	30.000000
114.000000	30.000000
115.500000	30.000000
117.000000	30.000000
118.500000	30.000000
120.000000	30.000000
121.500000	30.000000
123.000000	30.000000
124.500000	30.000000
126.000000	30.000000
127.500000	30.000000
129.000000	30.000000
130.500000	30.000000
132.000000	30.000000
133.500000	30.000000
135.000000	30.000000
136.500000	30.000000
138.000000	30.000000
139.500000	30.000000
141.000000	30.000000
142.500000	30.000000
144.000000	30.000000
145.500000	30.000000
147.000000	30.000000
148.500000	30.000000
150.000000	30.000000
151.500000	30.000000
153.000000	30.000000
154.500000	30.000000
156.000000	30.000000
157.500000	30.000000
159.000000	30.000000
160.500000	30.000000
162.000000	30.000000
163.500000	30.000000
165.000000	30.000000
166.500000	30.000000
168.000000	30.000000
169.500000	30.000000
171.000000	30.000000
172.500000	30.000000
174.000000	30.000000
175.500000	30.000000
0.000000	31.500000
1.500000	31.500000
3.000000	31.500000
4.500000	31.500000
6.000000	31.500000
7.500000	31.500000
9.000000	31.500000
10.500000	31.500000
12.000000	31.500000
13.500000	31.500000
15.000000	31.500000
16.500000	31.500000
18.000000	31.500000
19.500000	31.500000
21.000000	31.500000
22.500000	31.500000
24.000000	31.500000
25.500000	31.500000
27.000000	31.500000
28.500000	31.500000
30.000000	31.500000
31.500000	31.500000
33.000000	31.500000
34.500000	31.500000
36.000000	31.500000
37.500000	31.500000
39.000000	31.500000
40.500000	31.500000
42.000000	31.500000
43.500000	31.500000
45.000000	31.500000
46.500000	31.500000
48.000000	31.500000
49.500000	31.500000
51.000000	31.500000
52.500000	31.500000
54.000000	31.500000
55.500000	31.500000
57.000000	31.500000
58.500000	31.500000
60.000000	31.500000
61.500000	31.500000
63.000000	31.500000
64.500000	31.500000
66.000000	31.500000
67.500000	31.500000
69.000000	31.500000
70.500000	31.500000
72.000000	31.500000
73.500000	31.500000
75.000000	31.500000
76.500000	31.500000
78.000000	31.500000
79.500000	31.500000
81.000000	31.500000
82.500000	31.500000
84.000000	31.500000
85.500000	31.500000
87.000000	31.500000
88.500000	31.500000
90.000000	31.500000
91.500000	31.500000
93.000000	31.500000
94.500000	31.500000
96.000000	31.500000
97.500000	31.500000
99.000000	31.500000
100.500000	31.500000
102.000000	31.500000
103.500000	31.500000
105.000000	31.500000
106.500000	31.500000
108.000000	31.500000
109.500000	31.500000
111.000000	31.500000
112.500000	31.500000
114.000000	31.500000
115.500000	31.500000
117.000000	31.500000
118.500000	31.500000
120.000000	31.500000
121.500000	31.500000
123.000000	31.500000
124.500000	31.500000
126.000000	31.500000
127.500000	31.500000
129.000000	31.500000
130.500000	31.500000
132.000000	31.500000
133.500000	31.500000
135.000000	31.500000
136.500000	31.500000
138.000000	31.500000
139.500000	31.500000
141.000000	31.500000
142.500000	31.500000
144.000000	31.500000
145.500000	31.500000
147.000000	31.500000
148.500000	31.500000
150.000000	31.500000
151.500000	31.500000
153.000000	31.500000
154.500000	31.500000
156.000000	31.500000
157.500000	31.500000
159.000000	31.500000
160.500000	31.500000
162.000000	31.500000
163.500000	31.500000
165.000000	31.500000
166.500000	31.500000
168.000000	31.500000
169.500000	31.500000
171.000000	31.500000
172.500000	31.500000
174.000000	31.500000
175.500000	31.500000
0.000000	33.000000
1.500000	33.000000
3.000000	33.000000
4.500000	33.000000
6.000000	33.000000
7.500000	33.000000
9.000000	33.000000
10.500000	33.000000
12.000000	33.000000
13.500000	33.000000
15.000000	33.000000
16.500000	33.000000
18.000000	33.000000
19.500000	33.000000
21.000000	33.000000
22.500000	33.000000
24.000000	33.000000
25.500000	33.000000
27.000000	33.000000
28.500000	33.000000
30.000000	33.000000
31.500000	33.000000
33.000000	33.000000
34.500000	33.000000
36.000000	33.000000
37.500000	33.000000
39.000000	33.000000
40.500000	33.000000
42.000000	33.000000
43.500000	33.000000
45.000000	33.000000
46.500000	33.000000
48.000000	33.000000
49.500000	33.000000
51.000000	33.000000
52.500000	33.000000
54.000000	33.000000
55.500000	33.000000
57.000000	33.000000
58.500000	33.000000
60.000000	33.000000
61.500000	33.000000
63.000000	33.000000
64.500000	33.000000
66.000000	33.000000
67.500000	33.000000
69.000000	33.000000
70.500000	33.000000
72.000000	33.000000
73.500000	33.000000
75.000000	33.000000
76.500000	33.000000
78.000000	33.000000
79.500000	33.000000
81.000000	33.000000
82.500000	33.000000
84.000000	33.000000
85.500000	33.000000
87.000000	33.000000
88.500000	33.000000
90.000000	33.000000
91.500000	33.000000
93.000000	33.000000
94.500000	33.000000
96.000000	33.000000
97.500000	33.000000
99.000000	33.000000
100.500000	33.000000
102.000000	33.000000
103.500000	33.000000
105.000000	33.000000
106.500000	33.000000
108.000000	33.000000
109.500000	33.000000
111.000000	33.000000
112.500000	33.000000
114.000000	33.000000
115.500000	33.000000
117.000000	33.000000
118.500000	33.000000
120.000000	33.000000
121.500000	33.000000
123.000000	33.000000
124.500000	33.000000
126.000000	33.000000
127.500000	33.000000
129.000000	33.000000
130.500000	33.000000
132.000000	33.000000
133.500000	33.000000
135.000000	33.000000
136.500000	33.000000
138.000000	33.000000
139.500000	33.000000
141.000000	33.000000
142.500000	33.000000
144.000000	33.000000
145.500000	33.000000
147.000000	33.000000
148.500000	33.000000
150.000000	33.000000
151.500000	33.000000
153.000000	33.000000
154.500000	33.000000
156.000000	33.000000
157.500000	33.000000
159.000000	33.000000
160.500000	33.000000
162.000000	33.000000
163.500000	33.000000
165.000000	33.000000
166.500000	33.000000
168.000000	33.000000
169.500000	33.000000
171.000000	33.000000
172.500000	33.000000
174.000000	33.000000
175.500000	33.000000
0.000000	34.500000
1.500000	34.500000
3.000000	34.500000
4.500000	34.500000
6.000000	34.500000
7.500000	34.500000
9.000000	34.500000
10.500000	34.500000
12.000000	34.500000
13.500000	34.500000
15.000000	34.500000
16.500000	34.500000
18.000000	34.500000
19.500000	34.500000
21.000000	34.500000
22.500000	34.500000
24.000000	34.500000
25.500000	34.500000
27.000000	34.500000
28.500000	34.500000
30.000000	34.500000
31.500000	34.500000
33.000000	34.500000
34.500000	34.500000
36.000000	34.500000
37.500000	34.500000
39.000000	34.500000
40.500000	34.500000
42.000000	34.500000
43.500000	34.500000
45.000000	34.500000
46.500000	34.500000
48.000000	34.500000
49.500000	34.500000
51.000000	34.500000
52.500000	34.500000
54.000000	34.500000
55.500000	34.500000
57.000000	34.500000
58.500000	34.500000
60.000000	34.500000
61.500000	34.500000
63.000000	34.500000
64.500000	34.500000
66.000000	34.500000
67.500000	34.500000
69.000000	34.500000
70.500000	34.500000
72.000000	34.500000
73.500000	34.500000
75.000000	34.500000
76.500000	34.500000
78.000000	34.500000
79.500000	34.500000
81.000000	34.500000
82.500000	34.500000
84.000000	34.500000
85.500000	34.500000
87.000000	34.500000
88.500000	34.500000
90.000000	34.500000
91.500000	34.500000
93.000000	34.500000
94.500000	34.500000
96.000000	34.500000
97.500000	34.500000
99.000000	34.500000
100.500000	34.500000
102.000000	34.500000
103.500000	34.500000
105.000000	34.500000
106.500000	34.500000
108.000000	34.500000
109.500000	34.500000
111.000000	34.500000
112.500000	34.500000
114.000000	34.500000
115.500000	34.500000
117.000000	34.500000
118.500000	34.500000
120.000000	34.500000
121.500000	34.500000
123.000000	34.500000
124.500000	34.500000
126.000000	34.500000
127.500000	34.500000
129.000000	34.500000
130.500000	34.500000
132.000000	34.500000
133.500000	34.500000
135.000000	34.500000
136.500000	34.500000
138.000000	34.500000
139.500000	34.500000
141.000000	34.500000
142.500000	34.500000
144.000000	34.500000
145.500000	34.500000
147.000000	34.500000
148.500000	34.500000
150.000000	34.500000
151.500000	34.500000
153.000000	34.500000
154.500000	34.500000
156.000000	34.500000
157.500000	34.500000
159.000000	34.500000
160.500000	34.500000
162.000000	34.500000
163.500000	34.500000
165.000000	34.500000
166.500000	34.500000
168.000000	34.500000
169.500000	34.500000
171.000000	34.500000
172.500000	34.500000
174.000000	34.500000
175.500000	34.500000
0.000000	36.000000
1.500000	36.000000
3.000000	36.000000
4.500000	36.000000
6.000000	36.000000
7.500000	36.000000
9.000000	36.000000
10.500000	36.000000
12.000000	36.000000
13.500000	36.000000
15.000000	36.000000
16.500000	36.000000
18.000000	36.000000
19.500000	36.000000
21.000000	36.000000
22.500000	36.000000
24.000000	36.000000
25.500000	36.000000
27.000000	36.000000
28.500000	36.000000
30.000000	36.000000
31.500000	36.000000
33.000000	36.000000
34.500000	36.000000
36.000000	36.000000
37.500000	36.000000
39.000000	36.000000
40.500000	36.000000
42.000000	36.000000
43.500000	36.000000
45.000000	36.000000
46.500000	36.000000
48.000000	36.000000
49.500000	36.000000
51.000000	36.000000
52.500000	36.000000
54.000000	36.000000
55.500000	36.000000
57.000000	36.000000
58.500000	36.000000
60.000000	36.000000
61.500000	36.000000
63.000000	36.000000
64.500000	36.000000
66.000000	36.000000
67.500000	36.000000
69.000000	36.000000
70.500000	36.000000
72.000000	36.000000
73.500000	36.000000
75.000000	36.000000
76.500000	36.000000
78.000000	36.000000
79.500000	36.000000
81.000000	36.000000
82.500000	36.000000
84.000000	36.000000
85.500000	36.000000
87.000000	36.000000
88.500000	36.000000
90.000000	36.000000
91.500000	36.000000
93.000000	36.000000
94.500000	36.000000
96.000000	36.000000
97.500000	36.000000
99.000000	36.000000
100.500000	36.000000
102.000000	36.000000
103.500000	36.000000
105.000000	36.000000
106.500000	36.000000
108.000000	36.000000
109.500000	36.000000
111.000000	36.000000
112.500000	36.000000
114.000000	36.000000
115.500000	36.000000
117.000000	36.000000
118.500000	36.000000
120.000000	36.000000
121.500000	36.000000
123.000000	36.000000
124.500000	36.000000
126.000000	36.000000
127.500000	36.000000
129.000000	36.000000
130.500000	36.000000
132.000000	36.000000
133.500000	36.000000
135.000000	36.000000
136.500000	36.000000
138.000000	36.000000
139.500000	36.000000
141.000000	36.000000
142.500000	36.000000
144.000000	36.000000
145.500000	36.000000
147.000000	36.000000
148.500000	36.000000
150.000000	36.000000
151.500000	36.000000
153.000000	36.000000
154.500000	36.000000
156.000000	36.000000
157.500000	36.000000
159.000000	36.000000
160.500000	36.000000
162.000000	36.000000
163.500000	36.000000
165.000000	36.000000
166.500000	36.000000
168.000000	36.000000
169.500000	36.000000
171.000000	36.000000
172.500000	36.000000
174.000000	36.000000
175.500000	36.000000
0.000000	37.500000
1.500000	37.500000
3.000000	37.500000
4.500000	37.500000
6.000000	37.500000
7.500000	37.500000
9.000000	37.500000
10.500000	37.500000
12.000000	37.500000
13.500000	37.500000
15.000000	37.500000
16.500000	37.500000
18.000000	37.500000
19.500000	37.500000
21.000000	37.500000
22.500000	37.500000
24.000000	37.500000
25.500000	37.500000
27.000000	37.500000
28.500000	37.500000
30.000000	37.500000
31.500000	37.500000
33.000000	37.500000
34.500000	37.500000
36.000000	37.500000
37.500000	37.500000
39.000000	37.500000
40.500000	37.500000
42.000000	37.500000
43.500000	37.500000
45.000000	37.500000
46.500000	37.500000
48.000000	37.500000
49.500000	37.500000
51.000000	37.500000
52.500000	37.500000
54.000000	37.500000
55.500000	37.500000
57.000000	37.500000
58.500000	37.500000
60.000000	37.500000
61.500000	37.500000
63.000000	37.500000
64.500000	37.500000
66.000000	37.500000
67.500000	37.500000
69.000000	37.500000
70.500000	37.500000
72.000000	37.500000
73.500000	37.500000
75.000000	37.500000
76.500000	37.500000
78.000000	37.500000
79.500000	37.500000
81.000000	37.500000
82.500000	37.500000
84.000000	37.500000
85.500000	37.500000
87.000000	37.500000
88.500000	37.500000
90.000000	37.500000
91.500000	37.500000
93.000000	37.500000
94.500000	37.500000
96.000000	37.500000
97.500000	37.500000
99.000000	37.500000
100.500000	37.500000
102.000000	37.500000
103.500000	37.500000
105.000000	37.500000
106.500000	37.500000
108.000000	37.500000
109.500000	37.500000
111.000000	37.500000
112.500000	37.500000
114.000000	37.500000
115.500000	37.500000
117.000000	37.500000
118.500000	37.500000
120.000000	37.500000
121.500000	37.500000
123.000000	37.500000
124.500000	37.500000
126.000000	37.500000
127.500000	37.500000
129.000000	37.500000
130.500000	37.500000
132.000000	37.500000
133.500000	37.500000
135.000000	37.500000
136.500000	37.500000
138.000000	37.500000
139.500000	37.500000
141.000000	37.500000
142.500000	37.500000
144.000000	37.500000
145.500000	37.500000
147.000000	37.500000
148.500000	37.500000
150.000000	37.500000
151.500000	37.500000
153.000000	37.500000
154.500000	37.500000
156.000000	37.500000
157.500000	37.500000
159.000000	37.500000
160.500000	37.500000
162.000000	37.500000
163.500000	37.500000
165.000000	37.500000
166.500000	37.500000
168.000000	37.500000
169.500000	37.500000
171.000000	37.500000
172.500000	37.500000
174.000000	37.500000
175.500000	37.500000
0.000000	39.000000
1.500000	39.000000
3.000000	39.000000
4.500000	39.000000
6.000000	39.000000
7.500000	39.000000
9.000000	39.000000
10.500000	39.000000
12.000000	39.000000
13.500000	39.000000
15.000000	39.000000
16.500000	39.000000
18.000000	39.000000
19.500000	39.000000
21.000000	39.000000
22.500000	39.000000
24.000000	39.000000
25.500000	39.000000
27.000000	39.000000
28.500000	39.000000
30.000000	39.000000
31.500000	39.000000
33.000000	39.000000
34.500000	39.000000
36.000000	39.000000
37.500000	39.000000
39.000000	39.000000
40.500000	39.000000
42.000000	39.000000
43.500000	39.000000
45.000000	39.000000
46.500000	39.000000
48.000000	39.000000
49.500000	39.000000
51.000000	39.000000
52.500000	39.000000
54.000000	39.000000
55.500000	39.000000
57.000000	39.000000
58.500000	39.000000
60.000000	39.000000
61.500000	39.000000
63.000000	39.000000
64.500000	39.000000
66.000000	39.000000
67.500000	39.000000
69.000000	39.000000
70.500000	39.000000
72.000000	39.000000
73.500000	39.000000
75.000000	39.000000
76.500000	39.000000
78.000000	39.000000
79.500000	39.000000
81.000000	39.000000
82.500000	39.000000
84.000000	39.000000
85.500000	39.000000
87.000000	39.000000
88.500000	39.000000
90.000000	39.000000
91.500000	39.000000
93.000000	39.000000
94.500000	39.000000
96.000000	39.000000
97.500000	39.000000
99.000000	39.000000
100.500000	39.000000
102.000000	39.000000
103.500000	39.000000
105.000000	39.000000
106.500000	39.000000
108.000000	39.000000
109.500000	39.000000
111.000000	39.000000
112.500000	39.000000
114.000000	39.000000
115.500000	39.000000
117.000000	39.000000
118.500000	39.000000
120.000000	39.000000
121.500000	39.000000
123.000000	39.000000
124.500000	39.000000
126.000000	39.000000
127.500000	39.000000
129.000000	39.000000
130.500000	39.000000
132.000000	39.000000
133.500000	39.000000
135.000000	39.000000
136.500000	39.000000
138.000000	39.000000
139.500000	39.000000
141.000000	39.000000
142.500000	39.000000
144.000000	39.000000
145.500000	39.000000
147.000000	39.000000
148.500000	39.000000
150.000000	39.000000
151.500000	39.000000
153.000000	39.000000
154.500000	39.000000
156.000000	39.000000
157.500000	39.000000
159.000000	39.000000
160.500000	39.000000
162.000000	39.000000
163.500000	39.000000
165.000000	39.000000
166.500000	39.000000
168.000000	39.000000
169.500000	39.000000
171.000000	39.000000
172.500000	39.000000
174.000000	39.000000
175.500000	39.000000
0.000000	40.500000
1.500000	40.500000
3.000000	40.500000
4.500000	40.500000
6.000000	40.500000
7.500000	40.500000
9.000000	40.500000
10.500000	40.500000
12.000000	40.500000
13.500000	40.500000
15.000000	40.500000
16.500000	40.500000
18.000000	40.500000
19.500000	40.500000
21.000000	40.500000
22.500000	40.500000
24.000000	40.500000
25.500000	40.500000
27.000000	40.500000
28.500000	40.500000
30.000000	40.500000
31.500000	40.500000
33.000000	40.500000
34.500000	40.500000
36.000000	40.500000
37.500000	40.500000
39.000000	40.500000
40.500000	40.500000
42.000000	40.500000
43.500000	40.500000
45.000000	40.500000
46.500000	40.500000
48.000000	40.500000
49.500000	40.500000
51.000000	40.500000
52.500000	40.500000
54.000000	40.500000
55.500000	40.500000
57.000000	40.500000
58.500000	40.500000
60.000000	40.500000
61.500000	40.500000
63.000000	40.500000
64.500000	40.500000
66.000000	40.500000
67.500000	40.500000
69.000000	40.500000
70.500000	40.500000
72.000000	40.500000
73.500000	40.500000
75.000000	40.500000
76.500000	40.500000
78.000000	40.500000
79.500000	40.500000
81.000000	40.500000
82.500000	40.500000
84.000000	40.500000
85.500000	40.500000
87.000000	40.500000
88.500000	40.500000
90.000000	40.500000
91.500000	40.500000
93.000000	40.500000
94.500000	40.500000
96.000000	40.500000
97.500000	40.500000
99.000000	40.500000
100.500000	40.500000
102.000000	40.500000
103.500000	40.500000
105.000000	40.500000
106.500000	40.500000
108.000000	40.500000
109.500000	40.500000
111.000000	40.500000
112.500000	40.500000
114.000000	40.500000
115.500000	40.500000
117.000000	40.500000
118.500000	40.500000
120.000000	40.500000
121.500000	40.500000
123.000000	40.500000
124.500000	40.500000
126.000000	40.500000
127.500000	40.500000
129.000000	40.500000
130.500000	40.500000
132.000000	40.500000
133.500000	40.500000
135.000000	40.500000
136.500000	40.500000
138.000000	40.500000
139.500000	40.500000
141.000000	40.500000
142.500000	40.500000
144.000000	40.500000
145.500000	40.500000
147.000000	40.500000
148.500000	40.500000
150.000000	40.500000
151.500000	40.500000
153.000000	40.500000
154.500000	40.500000
156.000000	40.500000
157.500000	40.500000
159.000000	40.500000
160.500000	40.500000
162.000000	40.500000
163.500000	40.500000
165.000000	40.500000
166.500000	40.500000
168.000000	40.500000
169.500000	40.500000
171.000000	40.500000
172.500000	40.500000
174.000000	40.500000
175.500000	40.500000
0.000000	42.000000
1.500000	42.000000
3.000000	42.000000
4.500000	42.000000
6.000000	42.000000
7.500000	42.000000
9.000000	42.000000
10.500000	42.000000
12.000000	42.000000
13.500000	42.000000
15.000000	42.000000
16.500000	42.000000
18.000000	42.000000
19.500000	42.000000
21.000000	42.000000
22.500000	42.000000
24.000000	42.000000
25.500000	42.000000
27.000000	42.000000
28.500000	42.000000
30.000000	42.000000
31.500000	42.000000
33.000000	42.000000
34.500000	42.000000
36.000000	42.000000
37.500000	42.000000
39.000000	42.000000
40.500000	42.000000
42.000000	42.000000
43.500000	42.000000
45.000000	42.000000
46.500000	42.000000
48.000000	42.000000
49.500000	42.000000
51.000000	42.000000
52.500000	42.000000
54.000000	42.000000
55.500000	42.000000
57.000000	42.000000
58.500000	42.000000
60.000000	42.000000
61.500000	42.000000
63.000000	42.000000
64.500000	42.000000
66.000000	42.000000
67.500000	42.000000
69.000000	42.000000
70.500000	42.000000
72.000000	42.000000
73.500000	42.000000
75.000000	42.000000
76.500000	42.000000
78.000000	42.000000
79.500000	42.000000
81.000000	42.000000
82.500000	42.000000
84.000000	42.000000
85.500000	42.000000
87.000000	42.000000
88.500000	42.000000
90.000000	42.000000
91.500000	42.000000
93.000000	42.000000
94.500000	42.000000
96.000000	42.000000
97.500000	42.000000
99.000000	42.000000
100.500000	42.000000
102.000000	42.000000
103.500000	42.000000
105.000000	42.000000
106.500000	42.000000
108.000000	42.000000
109.500000	42.000000
111.000000	42.000000
112.500000	42.000000
114.000000	42.000000
115.500000	42.000000
117.000000	42.000000
118.500000	42.000000
120.000000	42.000000
121.500000	42.000000
123.000000	42.000000
124.500000	42.000000
126.000000	42.000000
127.500000	42.000000
129.000000	42.000000
130.500000	42.000000
132.000000	42.000000
133.500000	42.000000
135.000000	42.000000
136.500000	42.000000
138.000000	42.000000
139.500000	42.000000
141.000000	42.000000
142.500000	42.000000
144.000000	42.000000
145.500000	42.000000
147.000000	42.000000
148.500000	42.000000
150.000000	42.000000
151.500000	42.000000
153.000000	42.000000
154.500000	42.000000
156.000000	42.000000
157.500000	42.000000
159.000000	42.000000
160.500000	42.000000
162.000000	42.000000
163.500000	42.000000
165.000000	42.000000
166.500000	42.000000
168.000000	42.000000
169.500000	42.000000
171.000000	42.000000
172.500000	42.000000
174.000000	42.000000
175.500000	42.000000
0.000000	43.500000
1.500000	43.500000
3.000000	43.500000
4.500000	43.500000
6.000000	43.500000
7.500000	43.500000
9.000000	43.500000
10.500000	43.500000
12.000000	43.500000
13.500000	43.500000
15.000000	43.500000
16.500000	43.500000
18.000000	43.500000
19.500000	43.500000
21.000000	43.500000
22.500000	43.500000
24.000000	43.500000
25.500000	43.500000
27.000000	43.500000
28.500000	43.500000
30.000000	43.500000
31.500000	43.500000
33.000000	43.500000
34.500000	43.500000
36.000000	43.500000
37.500000	43.500000
39.000000	43.500000
40.500000	43.500000
42.000000	43.500000
43.500000	43.500000
45.000000	43.500000
46.500000	43.500000
48.000000	43.500000
49.500000	43.500000
51.000000	43.500000
52.500000	43.500000
54.000000	43.500000
55.500000	43.500000
57.000000	43.500000
58.500000	43.500000
60.000000	43.500000
61.500000	43.500000
63.000000	43.500000
64.500000	43.500000
66.000000	43.500000
67.500000	43.500000
69.000000	43.500000
70.500000	43.500000
72.000000	43.500000
73.500000	43.500000
75.000000	43.500000
76.500000	43.500000
78.000000	43.500000
79.500000	43.500000
81.000000	43.500000
82.500000	43.500000
84.000000	43.500000
85.500000	43.500000
87.000000	43.500000
88.500000	43.500000
90.000000	43.500000
91.500000	43.500000
93.000000	43.500000
94.500000	43.500000
96.000000	43.500000
97.500000	43.500000
99.000000	43.500000
100.500000	43.500000
102.000000	43.500000
103.500000	43.500000
105.000000	43.500000
106.500000	43.500000
108.000000	43.500000
109.500000	43.500000
111.000000	43.500000
112.500000	43.500000
114.000000	43.500000
115.500000	43.500000
117.000000	43.500000
118.500000	43.500000
120.000000	43.500000
121.500000	43.500000
123.000000	43.500000
124.500000	43.500000
126.000000	43.500000
127.500000	43.500000
129.000000	43.500000
130.500000	43.500000
132.000000	43.500000
133.500000	43.500000
135.000000	43.500000
136.500000	43.500000
138.000000	43.500000
139.500000	43.500000
141.000000	43.500000
142.500000	43.500000
144.000000	43.500000
145.500000	43.500000
147.000000	43.500000
148.500000	43.500000
150.000000	43.500000
151.500000	43.500000
153.000000	43.500000
154.500000	43.500000
156.000000	43.500000
157.500000	43.500000
159.000000	43.500000
160.500000	43.500000
162.000000	43.500000
163.500000	43.500000
165.000000	43.500000
166.500000	43.500000
168.000000	43.500000
169.500000	43.500000
171.000000	43.500000
172.500000	43.500000
174.000000	43.500000
175.500000	43.500000
0.000000	45.000000
1.500000	45.000000
3.000000	45.000000
4.500000	45.000000
6.000000	45.000000
7.500000	45.000000
9.000000	45.000000
10.500000	45.000000
12.000000	45.000000
13.500000	45.000000
15.000000	45.000000
16.500000	45.000000
18.000000	45.000000
19.500000	45.000000
21.000000	45.000000
22.500000	45.000000
24.000000	45.000000
25.500000	45.000000
27.000000	45.000000
28.500000	45.000000
30.000000	45.000000
31.500000	45.000000
33.000000	45.000000
34.500000	45.000000
36.000000	45.000000
37.500000	45.000000
39.000000	45.000000
40.500000	45.000000
42.000000	45.000000
43.500000	45.000000
45.000000	45.000000
46.500000	45.000000
48.000000	45.000000
49.500000	45.000000
51.000000	45.000000
52.500000	45.000000
54.000000	45.000000
55.500000	45.000000
57.000000	45.000000
58.500000	45.000000
60.000000	45.000000
61.500000	45.000000
63.000000	45.000000
64.500000	45.000000
66.000000	45.000000
67.500000	45.000000
69.000000	45.000000
70.500000	45.000000
72.000000	45.000000
73.500000	45.000000
75.000000	45.000000
76.500000	45.000000
78.000000	45.000000
79.500000	45.000000
81.000000	45.000000
82.500000	45.000000
84.000000	45.000000
85.500000	45.000000
87.000000	45.000000
88.500000	45.000000
90.000000	45.000000
91.500000	45.000000
93.000000	45.000000
94.500000	45.000000
96.000000	45.000000
97.500000	45.000000
99.000000	45.000000
100.500000	45.000000
102.000000	45.000000
103.500000	45.000000
105.000000	45.000000
106.500000	45.000000
108.000000	45.000000
109.500000	45.000000
111.000000	45.000000
112.500000	45.000000
114.000000	45.000000
115.500000	45.000000
117.000000	45.000000
118.500000	45.000000
120.000000	45.000000
121.500000	45.000000
123.000000	45.000000
124.500000	45.000000
126.000000	45.000000
127.500000	45.000000
129.000000	45.000000
130.500000	45.000000
132.000000	45.000000
133.500000	45.000000
135.000000	45.000000
136.500000	45.000000
138.000000	45.000000
139.500000	45.000000
141.000000	45.000000
142.500000	45.000000
144.000000	45.000000
145.500000	45.000000
147.000000	45.000000
148.500000	45.000000
150.000000	45.000000
151.500000	45.000000
153.000000	45.000000
154.500000	45.000000
156.000000	45.000000
157.500000	45.000000
159.000000	45.000000
160.500000	45.000000
162.000000	45.000000
163.500000	45.000000
165.000000	45.000000
166.500000	45.000000
168.000000	45.000000
169.500000	45.000000
171.000000	45.000000
172.500000	45.000000
174.000000	45.000000
175.500000	45.000000
0.000000	46.500000
1.500000	46.500000
3.000000	46.500000
4.500000	46.500000
6.000000	46.500000
7.500000	46.500000
9.000000	46.500000
10.500000	46.500000
12.000000	46.500000
13.500000	46.500000
15.000000	46.500000
16.500000	46.500000
18.000000	46.500000
19.500000	46.500000
21.000000	46.500000
22.500000	46.500000
24.000000	46.500000
25.500000	46.500000
27.000000	46.500000
28.500000	46.500000
30.000000	46.500000
31.500000	46.500000
33.000000	46.500000
34.500000	46.500000
36.000000	46.500000
37.500000	46.500000
39.000000	46.500000
40.500000	46.500000
42.000000	46.500000
43.500000	46.500000
45.000000	46.500000
46.500000	46.500000
48.000000	46.500000
49.500000	46.500000
51.000000	46.500000
52.500000	46.500000
54.000000	46.500000
55.500000	46.500000
57.000000	46.500000
58.500000	46.500000
60.000000	46.500000
61.500000	46.500000
63.000000	46.500000
64.500000	46.500000
66.000000	46.500000
67.500000	46.500000
69.000000	46.500000
70.500000	46.500000
72.000000	46.500000
73.500000	46.500000
75.000000	46.500000
76.500000	46.500000
78.000000	46.500000
79.500000	46.500000
81.000000	46.500000
82.500000	46.500000
84.000000	46.500000
85.500000	46.500000
87.000000	46.500000
88.500000	46.500000
90.000000	46.500000
91.500000	46.500000
93.000000	46.500000
94.500000	46.500000
96.000000	46.500000
97.500000	46.500000
99.000000	46.500000
100.500000	46.500000
102.000000	46.500000
103.500000	46.500000
105.000000	46.500000
106.500000	46.500000
108.000000	46.500000
109.500000	46.500000
111.000000	46.500000
112.500000	46.500000
114.000000	46.500000
115.500000	46.500000
117.000000	46.500000
118.500000	46.500000
120.000000	46.500000
121.500000	46.500000
123.000000	46.500000
124.500000	46.500000
126.000000	46.500000
127.500000	46.500000
129.000000	46.500000
130.500000	46.500000
132.000000	46.500000
133.500000	46.500000
135.000000	46.500000
136.500000	46.500000
138.000000	46.500000
139.500000	46.500000
141.000000	46.500000
142.500000	46.500000
144.000000	46.500000
145.500000	46.500000
147.000000	46.500000
148.500000	46.500000
150.000000	46.500000
151.500000	46.500000
153.000000	46.500000
154.500000	46.500000
156.000000	46.500000
157.500000	46.500000
159.000000	46.500000
160.500000	46.500000
162.000000	46.500000
163.500000	46.500000
165.000000	46.500000
166.500000	46.500000
168.000000	46.500000
169.500000	46.500000
171.000000	46.500000
172.500000	46.500000
174.000000	46.500000
175.500000	46.500000
0.000000	48.000000
1.500000	48.000000
3.000000	48.000000
4.500000	48.000000
6.000000	48.000000
7.500000	48.000000
9.000000	48.000000
10.500000	48.000000
12.000000	48.000000
13.500000	48.000000
15.000000	48.000000
16.500000	48.000000
18.000000	48.000000
19.500000	48.000000
21.000000	48.000000
22.500000	48.000000
24.000000	48.000000
25.500000	48.000000
27.000000	48.000000
28.500000	48.000000
30.000000	48.000000
31.500000	48.000000
33.000000	48.000000
34.500000	48.000000
36.000000	48.000000
37.500000	48.000000
39.000000	48.000000
40.500000	48.000000
42.000000	48.000000
43.500000	48.000000
45.000000	48.000000
46.500000	48.000000
48.000000	48.000000
49.500000	48.000000
51.000000	48.000000
52.500000	48.000000
54.000000	48.000000
55.500000	48.000000
57.000000	48.000000
58.500000	48.000000
60.000000	48.000000
61.500000	48.000000
63.000000	48.000000
64.500000	48.000000
66.000000	48.000000
67.500000	48.000000
69.000000	48.000000
70.500000	48.000000
72.000000	48.000000
73.500000	48.000000
75.000000	48.000000
76.500000	48.000000
78.000000	48.000000
79.500000	48.000000
81.000000	48.000000
82.500000	48.000000
84.000000	48.000000
85.500000	48.000000
87.000000	48.000000
88.500000	48.000000
90.000000	48.000000
91.500000	48.000000
93.000000	48.000000
94.500000	48.000000
96.000000	48.000000
97.500000	48.000000
99.000000	48.000000
100.500000	48.000000
102.000000	48.000000
103.500000	48.000000
105.000000	48.000000
106.500000	48.000000
108.000000	48.000000
109.500000	48.000000
111.000000	48.000000
112.500000	48.000000
114.000000	48.000000
115.500000	48.000000
117.000000	48.000000
118.500000	48.000000
120.000000	48.000000
121.500000	48.000000
123.000000	48.000000
124.500000	48.000000
126.000000	48.000000
127.500000	48.000000
129.000000	48.000000
130.500000	48.000000
132.000000	48.000000
133.500000	48.000000
135.000000	48.000000
136.500000	48.000000
138.000000	48.000000
139.500000	48.000000
141.000000	48.000000
142.500000	48.000000
144.000000	48.000000
145.500000	48.000000
147.000000	48.000000
148.500000	48.000000
150.000000	48.000000
151.500000	48.000000
153.000000	48.000000
154.500000	48.000000
156.000000	48.000000
157.500000	48.000000
159.000000	48.000000
160.500000	48.000000
162.000000	48.000000
163.500000	48.000000
165.000000	48.000000
166.500000	48.000000
168.000000	48.000000
169.500000	48.000000
171.000000	48.000000
172.500000	48.000000
174.000000	48.000000
175.500000	48.000000
0.000000	49.500000
1.500000	49.500000
3.000000	49.500000
4.500000	49.500000
6.000000	49.500000
7.500000	49.500000
9.000000	49.500000
10.500000	49.500000
12.000000	49.500000
13.500000	49.500000
15.000000	49.500000
16.500000	49.500000
18.000000	49.500000
19.500000	49.500000
21.000000	49.500000
22.500000	49.500000
24.000000	49.500000
25.500000	49.500000
27.000000	49.500000
28.500000	49.500000
30.000000	49.500000
31.500000	49.500000
33.000000	49.500000
34.500000	49.500000
36.000000	49.500000
37.500000	49.500000
39.000000	49.500000
40.500000	49.500000
42.000000	49.500000
43.500000	49.500000
45.000000	49.500000
46.500000	49.500000
48.000000	49.500000
49.500000	49.500000
51.000000	49.500000
52.500000	49.500000
54.000000	49.500000
55.500000	49.500000
57.000000	49.500000
58.500000	49.500000
60.000000	49.500000
61.500000	49.500000
63.000000	49.500000
64.500000	49.500000
66.000000	49.500000
67.500000	49.500000
69.000000	49.500000
70.500000	49.500000
72.000000	49.500000
73.500000	49.500000
75.000000	49.500000
76.500000	49.500000
78.000000	49.500000
79.500000	49.500000
81.000000	49.500000
82.500000	49.500000
84.000000	49.500000
85.500000	49.500000
87.000000	49.500000
88.500000	49.500000
90.000000	49.500000
91.500000	49.500000
93.000000	49.500000
94.500000	49.500000
96.000000	49.500000
97.500000	49.500000
99.000000	49.500000
100.500000	49.500000
102.000000	49.500000
103.500000	49.500000
105.000000	49.500000
106.500000	49.500000
108.000000	49.500000
109.500000	49.500000
111.000000	49.500000
112.500000	49.500000
114.000000	49.500000
115.500000	49.500000
117.000000	49.500000
118.500000	49.500000
120.000000	49.500000
121.500000	49.500000
123.000000	49.500000
124.500000	49.500000
126.000000	49.500000
127.500000	49.500000
129.000000	49.500000
130.500000	49.500000
132.000000	49.500000
133.500000	49.500000
135.000000	49.500000
136.500000	49.500000
138.000000	49.500000
139.500000	49.500000
141.000000	49.500000
142.500000	49.500000
144.000000	49.500000
145.500000	49.500000
147.000000	49.500000
148.500000	49.500000
150.000000	49.500000
151.500000	49.500000
153.000000	49.500000
154.500000	49.500000
156.000000	49.500000
157.500000	49.500000
159.000000	49.500000
160.500000	49.500000
162.000000	49.500000
163.500000	49.500000
165.000000	49.500000
166.500000	49.500000
168.000000	49.500000
169.500000	49.500000
171.000000	49.500000
172.500000	49.500000
174.000000	49.500000
175.500000	49.500000
0.000000	51.000000
1.500000	51.000000
3.000000	51.000000
4.500000	51.000000
6.000000	51.000000
7.500000	51.000000
9.000000	51.000000
10.500000	51.000000
12.000000	51.000000
13.500000	51.000000
15.000000	51.000000
16.500000	51.000000
18.000000	51.000000
19.500000	51.000000
21.000000	51.000000
22.500000	51.000000
24.000000	51.000000
25.500000	51.000000
27.000000	51.000000
28.500000	51.000000
30.000000	51.000000
31.500000	51.000000
33.000000	51.000000
34.500000	51.000000
36.000000	51.000000
37.500000	51.000000
39.000000	51.000000
40.500000	51.000000
42.000000	51.000000
43.500000	51.000000
45.000000	51.000000
46.500000	51.000000
48.000000	51.000000
49.500000	51.000000
51.000000	51.000000
52.500000	51.000000
54.000000	51.000000
55.500000	51.000000
57.000000	51.000000
58.500000	51.000000
60.000000	51.000000
61.500000	51.000000
63.000000	51.000000
64.500000	51.000000
66.000000	51.000000
67.500000	51.000000
69.000000	51.000000
70.500000	51.000000
72.000000	51.000000
73.500000	51.000000
75.000000	51.000000
76.500000	51.000000
78.000000	51.000000
79.500000	51.000000
81.000000	51.000000
82.500000	51.000000
84.000000	51.000000
85.500000	51.000000
87.000000	51.000000
88.500000	51.000000
90.000000	51.000000
91.500000	51.000000
93.000000	51.000000
94.500000	51.000000
96.000000	51.000000
97.500000	51.000000
99.000000	51.000000
100.500000	51.000000
102.000000	51.000000
103.500000	51.000000
105.000000	51.000000
106.500000	51.000000
108.000000	51.000000
109.500000	51.000000
111.000000	51.000000
112.500000	51.000000
114.000000	51.000000
115.500000	51.000000
117.000000	51.000000
118.500000	51.000000
120.000000	51.000000
121.500000	51.000000
123.000000	51.000000
124.500000	51.000000
126.000000	51.000000
127.500000	51.000000
129.000000	51.000000
130.500000	51.000000
132.000000	51.000000
133.500000	51.000000
135.000000	51.000000
136.500000	51.000000
138.000000	51.000000
139.500000	51.000000
141.000000	51.000000
142.500000	51.000000
144.000000	51.000000
145.500000	51.000000
147.000000	51.000000
148.500000	51.000000
150.000000	51.000000
151.500000	51.000000
153.000000	51.000000
154.500000	51.000000
156.000000	51.000000
157.500000	51.000000
159.000000	51.000000
160.500000	51.000000
162.000000	51.000000
163.500000	51.000000
165.000000	51.000000
166.500000	51.000000
168.000000	51.000000
169.500000	51.000000
171.000000	51.000000
172.500000	51.000000
174.000000	51.000000
175.500000	51.000000
0.000000	52.500000
1.500000	52.500000
3.000000	52.500000
4.500000	52.500000
6.000000	52.500000
7.500000	52.500000
9.000000	52.500000
10.500000	52.500000
12.000000	52.500000
13.500000	52.500000
15.000000	52.500000
16.500000	52.500000
18.000000	52.500000
19.500000	52.500000
21.000000	52.500000
22.500000	52.500000
24.000000	52.500000
25.500000	52.500000
27.000000	52.500000
28.500000	52.500000
30.000000	52.500000
31.500000	52.500000
33.000000	52.500000
34.500000	52.500000
36.000000	52.500000
37.500000	52.500000
39.000000	52.500000
40.500000	52.500000
42.000000	52.500000
43.500000	52.500000
45.000000	52.500000
46.500000	52.500000
48.000000	52.500000
49.500000	52.500000
51.000000	52.500000
52.500000	52.500000
54.000000	52.500000
55.500000	52.500000
57.000000	52.500000
58.500000	52.500000
60.000000	52.500000
61.500000	52.500000
63.000000	52.500000
64.500000	52.500000
66.000000	52.500000
67.500000	52.500000
69.000000	52.500000
70.500000	52.500000
72.000000	52.500000
73.500000	52.500000
75.000000	52.500000
76.500000	52.500000
78.000000	52.500000
79.500000	52.500000
81.000000	52.500000
82.500000	52.500000
84.000000	52.500000
85.500000	52.500000
87.000000	52.500000
88.500000	52.500000
90.000000	52.500000
91.500000	52.500000
93.000000	52.500000
94.500000	52.500000
96.000000	52.500000
97.500000	52.500000
99.000000	52.500000
100.500000	52.500000
102.000000	52.500000
103.500000	52.500000
105.000000	52.500000
106.500000	52.500000
108.000000	52.500000
109.500000	52.500000
111.000000	52.500000
112.500000	52.500000
114.000000	52.500000
115.500000	52.500000
117.000000	52.500000
118.500000	52.500000
120.000000	52.500000
121.500000	52.500000
123.000000	52.500000
124.500000	52.500000
126.000000	52.500000
127.500000	52.500000
129.000000	52.500000
130.500000	52.500000
132.000000	52.500000
133.500000	52.500000
135.000000	52.500000
136.500000	52.500000
138.000000	52.500000
139.500000	52.500000
141.000000	52.500000
142.500000	52.500000
144.000000	52.500000
145.500000	52.500000
147.000000	52.500000
148.500000	52.500000
150.000000	52.500000
151.500000	52.500000
153.000000	52.500000
154.500000	52.500000
156.000000	52.500000
157.500000	52.500000
159.000000	52.500000
160.500000	52.500000
162.000000	52.500000
163.500000	52.500000
165.000000	52.500000
166.500000	52.500000
168.000000	52.500000
169.500000	52.500000
171.000000	52.500000
172.500000	52.500000
174.000000	52.500000
175.500000	52.500000
0.000000	54.000000
1.500000	54.000000
3.000000	54.000000
4.500000	54.000000
6.000000	54.000000
7.500000	54.000000
9.000000	54.000000
10.500000	54.000000
12.000000	54.000000
13.500000	54.000000
15.000000	54.000000
16.500000	54.000000
18.000000	54.000000
19.500000	54.000000
21.000000	54.000000
22.500000	54.000000
24.000000	54.000000
25.500000	54.000000
27.000000	54.000000
28.500000	54.000000
30.000000	54.000000
31.500000	54.000000
33.000000	54.000000
34.500000	54.000000
36.000000	54.000000
37.500000	54.000000
39.000000	54.000000
40.500000	54.000000
42.000000	54.000000
43.500000	54.000000
45.000000	54.000000
46.500000	54.000000
48.000000	54.000000
49.500000	54.000000
51.000000	54.000000
52.500000	54.000000
54.000000	54.000000
55.500000	54.000000
57.000000	54.000000
58.500000	54.000000
60.000000	54.000000
61.500000	54.000000
63.000000	54.000000
64.500000	54.000000
66.000000	54.000000
67.500000	54.000000
69.000000	54.000000
70.500000	54.000000
72.000000	54.000000
73.500000	54.000000
75.000000	54.000000
76.500000	54.000000
78.000000	54.000000
79.500000	54.000000
81.000000	54.000000
82.500000	54.000000
84.000000	54.000000
85.500000	54.000000
87.000000	54.000000
88.500000	54.000000
90.000000	54.000000
91.500000	54.000000
93.000000	54.000000
94.500000	54.000000
96.000000	54.000000
97.500000	54.000000
99.000000	54.000000
100.500000	54.000000
102.000000	54.000000
103.500000	54.000000
105.000000	54.000000
106.500000	54.000000
108.000000	54.000000
109.500000	54.000000
111.000000	54.000000
112.500000	54.000000
114.000000	54.000000
115.500000	54.000000
117.000000	54.000000
118.500000	54.000000
120.000000	54.000000
121.500000	54.000000
123.000000	54.000000
124.500000	54.000000
126.000000	54.000000
127.500000	54.000000
129.000000	54.000000
130.500000	54.000000
132.000000	54.000000
133.500000	54.000000
135.000000	54.000000
136.500000	54.000000
138.000000	54.000000
139.500000	54.000000
141.000000	54.000000
142.500000	54.000000
144.000000	54.000000
145.500000	54.000000
147.000000	54.000000
148.500000	54.000000
150.000000	54.000000
151.500000	54.000000
153.000000	54.000000
154.500000	54.000000
156.000000	54.000000
157.500000	54.000000
159.000000	54.000000
160.500000	54.000000
162.000000	54.000000
163.500000	54.000000
165.000000	54.000000
166.500000	54.000000
168.000000	54.000000
169.500000	54.000000
171.000000	54.000000
172.500000	54.000000
174.000000	54.000000
175.500000	54.000000
0.000000	55.500000
1.500000	55.500000
3.000000	55.500000
4.500000	55.500000
6.000000	55.500000
7.500000	55.500000
9.000000	55.500000
10.500000	55.500000
12.000000	55.500000
13.500000	55.500000
15.000000	55.500000
16.500000	55.500000
18.000000	55.500000
19.500000	55.500000
21.000000	55.500000
22.500000	55.500000
24.000000	55.500000
25.500000	55.500000
27.000000	55.500000
28.500000	55.500000
30.000000	55.500000
31.500000	55.500000
33.000000	55.500000
34.500000	55.500000
36.000000	55.500000
37.500000	55.500000
39.000000	55.500000
40.500000	55.500000
42.000000	55.500000
43.500000	55.500000
45.000000	55.500000
46.500000	55.500000
48.000000	55.500000
49.500000	55.500000
51.000000	55.500000
52.500000	55.500000
54.000000	55.500000
55.500000	55.500000
57.000000	55.500000
58.500000	55.500000
60.000000	55.500000
61.500000	55.500000
63.000000	55.500000
64.500000	55.500000
66.000000	55.500000
67.500000	55.500000
69.000000	55.500000
70.500000	55.500000
72.000000	55.500000
73.500000	55.500000
75.000000	55.500000
76.500000	55.500000
78.000000	55.500000
79.500000	55.500000
81.000000	55.500000
82.500000	55.500000
84.000000	55.500000
85.500000	55.500000
87.000000	55.500000
88.500000	55.500000
90.000000	55.500000
91.500000	55.500000
93.000000	55.500000
94.500000	55.500000
96.000000	55.500000
97.500000	55.500000
99.000000	55.500000
100.500000	55.500000
102.000000	55.500000
103.500000	55.500000
105.000000	55.500000
106.500000	55.500000
108.000000	55.500000
109.500000	55.500000
111.000000	55.500000
112.500000	55.500000
114.000000	55.500000
115.500000	55.500000
117.000000	55.500000
118.500000	55.500000
120.000000	55.500000
121.500000	55.500000
123.000000	55.500000
124.500000	55.500000
126.000000	55.500000
127.500000	55.500000
129.000000	55.500000
130.500000	55.500000
132.000000	55.500000
133.500000	55.500000
135.000000	55.500000
136.500000	55.500000
138.000000	55.500000
139.500000	55.500000
141.000000	55.500000
142.500000	55.500000
144.000000	55.500000
145.500000	55.500000
147.000000	55.500000
148.500000	55.500000
150.000000	55.500000
151.500000	55.500000
153.000000	55.500000
154.500000	55.500000
156.000000	55.500000
157.500000	55.500000
159.000000	55.500000
160.500000	55.500000
162.000000	55.500000
163.500000	55.500000
165.000000	55.500000
166.500000	55.500000
168.000000	55.500000
169.500000	55.500000
171.000000	55.500000
172.500000	55.500000
174.000000	55.500000
175.500000	55.500000
0.000000	57.000000
1.500000	57.000000
3.000000	57.000000
4.500000	57.000000
6.000000	57.000000
7.500000	57.000000
9.000000	57.000000
10.500000	57.000000
12.000000	57.000000
13.500000	57.000000
15.000000	57.000000
16.500000	57.000000
18.000000	57.000000
19.500000	57.000000
21.000000	57.000000
22.500000	57.000000
24.000000	57.000000
25.500000	57.000000
27.000000	57.000000
28.500000	57.000000
30.000000	57.000000
31.500000	57.000000
33.000000	57.000000
34.500000	57.000000
36.000000	57.000000
37.500000	57.000000
39.000000	57.000000
40.500000	57.000000
42.000000	57.000000
43.500000	57.000000
45.000000	57.000000
46.500000	57.000000
48.000000	57.000000
49.500000	57.000000
51.000000	57.000000
52.500000	57.000000
54.000000	57.000000
55.500000	57.000000
57.000000	57.000000
58.500000	57.000000
60.000000	57.000000
61.500000	57.000000
63.000000	57.000000
64.500000	57.000000
66.000000	57.000000
67.500000	57.000000
69.000000	57.000000
70.500000	57.000000
72.000000	57.000000
73.500000	57.000000
75.000000	57.000000
76.500000	57.000000
78.000000	57.000000
79.500000	57.000000
81.000000	57.000000
82.500000	57.000000
84.000000	57.000000
85.500000	57.000000
87.000000	57.000000
88.500000	57.000000
90.000000	57.000000
91.500000	57.000000
93.000000	57.000000
94.500000	57.000000
96.000000	57.000000
97.500000	57.000000
99.000000	57.000000
100.500000	57.000000
102.000000	57.000000
103.500000	57.000000
105.000000	57.000000
106.500000	57.000000
108.000000	57.000000
109.500000	57.000000
111.000000	57.000000
112.500000	57.000000
114.000000	57.000000
115.500000	57.000000
117.000000	57.000000
118.500000	57.000000
120.000000	57.000000
121.500000	57.000000
123.000000	57.000000
124.500000	57.000000
126.000000	57.000000
127.500000	57.000000
129.000000	57.000000
130.500000	57.000000
132.000000	57.000000
133.500000	57.000000
135.000000	57.000000
136.500000	57.000000
138.000000	57.000000
139.500000	57.000000
141.000000	57.000000
142.500000	57.000000
144.000000	57.000000
145.500000	57.000000
147.000000	57.000000
148.500000	57.000000
150.000000	57.000000
151.500000	57.000000
153.000000	57.000000
154.500000	57.000000
156.000000	57.000000
157.500000	57.000000
159.000000	57.000000
160.500000	57.000000
162.000000	57.000000
163.500000	57.000000
165.000000	57.000000
166.500000	57.000000
168.000000	57.000000
169.500000	57.000000
171.000000	57.000000
172.500000	57.000000
174.000000	57.000000
175.500000	57.000000
0.000000	58.500000
1.500000	58.500000
3.000000	58.500000
4.500000	58.500000
6.000000	58.500000
7.500000	58.500000
9.000000	58.500000
10.500000	58.500000
12.000000	58.500000
13.500000	58.500000
15.000000	58.500000
16.500000	58.500000
18.000000	58.500000
19.500000	58.500000
21.000000	58.500000
22.500000	58.500000
24.000000	58.500000
25.500000	58.500000
27.000000	58.500000
28.500000	58.500000
30.000000	58.500000
31.500000	58.500000
33.000000	58.500000
34.500000	58.500000
36.000000	58.500000
37.500000	58.500000
39.000000	58.500000
40.500000	58.500000
42.000000	58.500000
43.500000	58.500000
45.000000	58.500000
46.500000	58.500000
48.000000	58.500000
49.500000	58.500000
51.000000	58.500000
52.500000	58.500000
54.000000	58.500000
55.500000	58.500000
57.000000	58.500000
58.500000	58.500000
60.000000	58.500000
61.500000	58.500000
63.000000	58.500000
64.500000	58.500000
66.000000	58.500000
67.500000	58.500000
69.000000	58.500000
70.500000	58.500000
72.000000	58.500000
73.500000	58.500000
75.000000	58.500000
76.500000	58.500000
78.000000	58.500000
79.500000	58.500000
81.000000	58.500000
82.500000	58.500000
84.000000	58.500000
85.500000	58.500000
87.000000	58.500000
88.500000	58.500000
90.000000	58.500000
91.500000	58.500000
93.000000	58.500000
94.500000	58.500000
96.000000	58.500000
97.500000	58.500000
99.000000	58.500000
100.500000	58.500000
102.000000	58.500000
103.500000	58.500000
105.000000	58.500000
106.500000	58.500000
108.000000	58.500000
109.500000	58.500000
111.000000	58.500000
112.500000	58.500000
114.000000	58.500000
115.500000	58.500000
117.000000	58.500000
118.500000	58.500000
120.000000	58.500000
121.500000	58.500000
123.000000	58.500000
124.500000	58.500000
126.000000	58.500000
127.500000	58.500000
129.000000	58.500000
130.500000	58.500000
132.000000	58.500000
133.500000	58.500000
135.000000	58.500000
136.500000	58.500000
138.000000	58.500000
139.500000	58.500000
141.000000	58.500000
142.500000	58.500000
144.000000	58.500000
145.500000	58.500000
147.000000	58.500000
148.500000	58.500000
150.000000	58.500000
151.500000	58.500000
153.000000	58.500000
154.500000	58.500000
156.000000	58.500000
157.500000	58.500000
159.000000	58.500000
160.500000	58.500000
162.000000	58.500000
163.500000	58.500000
165.000000	58.500000
166.500000	58.500000
168.000000	58.500000
169.500000	58.500000
171.000000	58.500000
172.500000	58.500000
174.000000	58.500000
175.500000	58.500000
0.000000	60.000000
1.500000	60.000000
3.000000	60.000000
4.500000	60.000000
6.000000	60.000000
7.500000	60.000000
9.000000	60.000000
10.500000	60.000000
12.000000	60.000000
13.500000	60.000000
15.000000	60.000000
16.500000	60.000000
18.000000	60.000000
19.500000	60.000000
21.000000	60.000000
22.500000	60.000000
24.000000	60.000000
25.500000	60.000000
27.000000	60.000000
28.500000	60.000000
30.000000	60.000000
31.500000	60.000000
33.000000	60.000000
34.500000	60.000000
36.000000	60.000000
37.500000	60.000000
39.000000	60.000000
40.500000	60.000000
42.000000	60.000000
43.500000	60.000000
45.000000	60.000000
46.500000	60.000000
48.000000	60.000000
49.500000	60.000000
51.000000	60.000000
52.500000	60.000000
54.000000	60.000000
55.500000	60.000000
57.000000	60.000000
58.500000	60.000000
60.000000	60.000000
61.500000	60.000000
63.000000	60.000000
64.500000	60.000000
66.000000	60.000000
67.500000	60.000000
69.000000	60.000000
70.500000	60.000000
72.000000	60.000000
73.500000	60.000000
75.000000	60.000000
76.500000	60.000000
78.000000	60.000000
79.500000	60.000000
81.000000	60.000000
82.500000	60.000000
84.000000	60.000000
85.500000	60.000000
87.000000	60.000000
88.500000	60.000000
90.000000	60.000000
91.500000	60.000000
93.000000	60.000000
94.500000	60.000000
96.000000	60.000000
97.500000	60.000000
99.000000	60.000000
100.500000	60.000000
102.000000	60.000000
103.500000	60.000000
105.000000	60.000000
106.500000	60.000000
108.000000	60.000000
109.500000	60.000000
111.000000	60.000000
112.500000	60.000000
114.000000	60.000000
115.500000	60.000000
117.000000	60.000000
118.500000	60.000000
120.000000	60.000000
121.500000	60.000000
123.000000	60.000000
124.500000	60.000000
126.000000	60.000000
127.500000	60.000000
129.000000	60.000000
130.500000	60.000000
132.000000	60.000000
133.500000	60.000000
135.000000	60.000000
136.500000	60.000000
138.000000	60.000000
139.500000	60.000000
141.000000	60.000000
142.500000	60.000000
144.000000	60.000000
145.500000	60.000000
147.000000	60.000000
148.500000	60.000000
150.000000	60.000000
151.500000	60.000000
153.000000	60.000000
154.500000	60.000000
156.000000	60.000000
157.500000	60.000000
159.000000	60.000000
160.500000	60.000000
162.000000	60.000000
163.500000	60.000000
165.000000	60.000000
166.500000	60.000000
168.000000	60.000000
169.500000	60.000000
171.000000	60.000000
172.500000	60.000000
174.000000	60.000000
175.500000	60.000000
0	1	119	118
1	2	120	119
2	3	121	120
3	4	122	121
4	5	123	122
5	6	124	123
6	7	125	124
7	8	126	125
8	9	127	126
9	10	128	127
10	11	129	128
11	12	130	129
12	13	131	130
13	14	132	131
14	15	133	132
15	16	134	133
16	17	135	134
17	18	136	135
18	19	137	136
19	20	138	137
20	21	139	138
21	22	140	139
22	23	141	140
23	24	142	141
24	25	143	142
25	26	144	143
26	27	145	144
27	28	146	145
28	29	147	146
29	30	148	147
30	31	149	148
31	32	150	149
32	33	151	150
33	34	152	151
34	35	153	152
35	36	154	153
36	37	155	154
37	38	156	155
38	39	157	156
39	40	158	157
40	41	159	158
41	42	160	159
42	43	161	160
43	44	162	161
44	45	163	162
45	46	164	163
46	47	165	164
47	48	166	165
48	49	167	166
49	50	168	167
50	51	169	168
51	52	170	169
52	53	171	170
53	54	172	171
54	55	173	172
55	56	174	173
56	57	175	174
57	58	176	175
58	59	177	176
59	60	178	177
60	61	179	178
61	62	180	179
62	63	181	180
63	64	182	181
64	65	183	182
65	66	184	183
66	67	185	184
67	68	186	185
68	69	187	186
69	70	188	187
70	71	189	188
71	72	190	189
72	73	191	190
73	74	192	191
74	75	193	192
75	76	194	193
76	77	195	194
77	78	196	195
78	79	197	196
79	80	198	197
80	81	199	198
81	82	200	199
82	83	201	200
83	84	202	201
84	85	203	202
85	86	204	203
86	87	205	204
87	88	206	205
88	89	207	206
89	90	208	207
90	91	209	208
91	92	210	209
92	93	211	210
93	94	212	211
94	95	213	212
95	96	214	213
96	97	215	214
97	98	216	215
98	99	217	216
99	100	218	217
100	101	219	218
101	102	220	219
102	103	221	220
103	104	222	221
104	105	223	222
105	106	224	223
106	107	225	224
107	108	226	225
108	109	227	226
109	110	228	227
110	111	229	228
111	112	230	229
112	113	231	230
113	114	232	231
114	115	233	232
115	116	234	233
116	117	235	234
118	119	237	236
119	120	238	237
120	121	239	238
121	122	240	239
122	123	241	240
123	124	242	241
124	125	243	242
125	126	244	243
126	127	245	244
127	128	246	245
128	129	247	246
129	130	248	247
130	131	249	248
131	132	250	249
132	133	251	250
133	134	252	251
134	135	253	252
135	136	254	253
136	137	255	254
137	138	256	255
138	139	257	256
139	140	258	257
140	141	259	258
141	142	260	259
142	143	261	260
143	144	262	261
144	145	263	262
145	146	264	263
146	147	265	264
147	148	266	265
148	149	267	266
149	150	268	267
150	151	269	268
151	152	270	269
152	153	271	270
153	154	272	271
154	155	273	272
155	156	274	273
156	157	275	274
157	158	276	275
158	159	277	276
159	160	278	277
160	161	279	278
161	162	280	279
162	163	281	280
163	164	282	281
164	165	283	282
165	166	284	283
166	167	285	284
167	168	286	285
168	169	287	286
169	170	288	287
170	171	289	288
171	172	290	289
172	173	291	290
173	174	292	291
174	175	293	292
175	176	294	293
176	177	295	294
177	178	296	295
178	179	297	296
179	180	298	297
180	181	299	298
181	182	300	299
182	183	301	300
183	184	302	301
184	185	303	302
185	186	304	303
186	187	305	304
187	188	306	305
188	189	307	306
189	190	308	307
190	191	309	308
191	192	310	309
192	193	311	310
193	194	312	311
194	195	313	312
195	196	314	313
196	197	315	314
197	198	316	315
198	199	317	316
199	200	318	317
200	201	319	318
201	202	320	319
202	203	321	320
203	204	322	321
204	205	323	322
205	206	324	323
206	207	325	324
207	208	326	325
208	209	327	326
209	210	328	327
210	211	329	328
211	212	330	329
212	213	331	330
213	214	332	331
214	215	333	332
215	216	334	333
216	217	335	334
217	218	336	335
218	219	337	336
219	220	338	337
220	221	339	338
221	222	340	339
222	223	341	340
223	224	342	341
224	225	343	342
225	226	344	343
226	227	345	344
227	228	346	345
228	229	347	346
229	230	348	347
230	231	349	348
231	232	350	349
232	233	351	350
233	234	352	351
234	235	353	352
236	237	355	354
237	238	356	355
238	239	357	356
239	240	358	357
240	241	359	358
241	242	360	359
242	243	361	360
243	244	362	361
244	245	363	362
245	246	364	363
246	247	365	364
247	248	366	365
248	249	367	366
249	250	368	367
250	251	369	368
251	252	370	369
252	253	371	370
253	254	372	371
254	255	373	372
255	256	374	373
256	257	375	374
257	258	376	375
258	259	377	376
259	260	378	377
260	261	379	378
261	262	380	379
262	263	381	380
263	264	382	381
264	265	383	382
265	266	384	383
266	267	385	384
267	268	386	385
268	269	387	386
269	270	388	387
270	271	389	388
271	272	390	389
272	273	391	390
273	274	392	391
274	275	393	392
275	276	394	393
276	277	395	394
277	278	396	395
278	279	397	396
279	280	398	397
280	281	399	398
281	282	400	399
282	283	401	400
283	284	402	401
284	285	403	402
285	286	404	403
286	287	405	404
287	288	406	405
288	289	407	406
289	290	408	407
290	291	409	408
291	292	410	409
292	293	411	410
293	294	412	411
294	295	413	412
295	296	414	413
296	297	415	414
297	298	416	415
298	299	417	416
299	300	418	417
300	301	419	418
301	302	420	419
302	303	421	420
303	304	422	421
304	305	423	422
305	306	424	423
306	307	425	424
307	308	426	425
308	309	427	426
309	310	428	427
310	311	429	428
311	312	430	429
312	313	431	430
313	314	432	431
314	315	433	432
315	316	434	433
316	317	435	434
317	318	436	435
318	319	437	436
319	320	438	437
320	321	439	438
321	322	440	439
322	323	441	440
323	324	442	441
324	325	443	442
325	326	444	443
326	327	445	444
327	328	446	445
328	329	447	446
329	330	448	447
330	331	449	448
331	332	450	449
332	333	451	450
333	334	452	451
334	335	453	452
335	336	454	453
336	337	455	454
337	338	456	455
338	339	457	456
339	340	458	457
340	341	459	458
341	342	460	459
342	343	461	460
343	344	462	461
344	345	463	462
345	346	464	463
346	347	465	464
347	348	466	465
348	349	467	466
349	350	468	467
350	351	469	468
351	352	470	469
352	353	471	470
354	355	473	472
355	356	474	473
356	357	475	474
357	358	476	475
358	359	477	476
359	360	478	477
360	361	479	478
361	362	480	479
362	363	481	480
363	364	482	481
364	365	483	482
365	366	484	483
366	367	485	484
367	368	486	485
368	369	487	486
369	370	488	487
370	371	489	488
371	372	490	489
372	373	491	490
373	374	492	491
374	375	493	492
375	376	494	493
376	377	495	494
377	378	496	495
378	379	497	496
379	380	498	497
380	381	499	498
381	382	500	499
382	383	501	500
383	384	502	501
384	385	503	502
385	386	504	503
386	387	505	504
387	388	506	505
388	389	507	506
389	390	508	507
390	391	509	508
391	392	510	509
392	393	511	510
393	394	512	511
394	395	513	512
395	396	514	513
396	397	515	514
397	398	516	515
398	399	517	516
399	400	518	517
400	401	519	518
401	402	520	519
402	403	521	520
403	404	522	521
404	405	523	522
405	406	524	523
406	407	525	524
407	408	526	525
408	409	527	526
409	410	528	527
410	411	529	528
411	412	530	529
412	413	531	530
413	414	532	531
414	415	533	532
415	416	534	533
416	417	535	534
417	418	536	535
418	419	537	536
419	420	538	537
420	421	539	538
421	422	540	539
422	423	541	540
423	424	542	541
424	425	543	542
425	426	544	543
426	427	545	544
427	428	546	545
428	429	547	546
429	430	548	547
430	431	549	548
431	432	550	549
432	433	551	550
433	434	552	551
434	435	553	552
435	436	554	553
436	437	555	554
437	438	556	555
438	439	557	556
439	440	558	557
440	441	559	558
441	442	560	559
442	443	561	560
443	444	562	561
444	445	563	562
445	446	564	563
446	447	565	564
447	448	566	565
448	449	567	566
449	450	568	567
450	451	569	568
451	452	570	569
452	453	571	570
453	454	572	571
454	455	573	572
455	456	574	573
456	457	575	574
457	458	576	575
458	459	577	576
459	460	578	577
460	461	579	578
461	462	580	579
462	463	581	580
463	464	582	581
464	465	583	582
465	466	584	583
466	467	585	584
467	468	586	585
468	469	587	586
469	470	588	587
470	471	589	588
472	473	591	590
473	474	592	591
474	475	593	592
475	476	594	593
476	477	595	594
477	478	596	595
478	479	597	596
479	480	598	597
480	481	599	598
481	482	600	599
482	483	601	600
483	484	602	601
484	485	603	602
485	486	604	603
486	487	605	604
487	488	606	605
488	489	607	606
489	490	608	607
490	491	609	608
491	492	610	609
492	493	611	610
493	494	612	611
494	495	613	612
495	496	614	613
496	497	615	614
497	498	616	615
498	499	617	616
499	500	618	617
500	501	619	618
501	502	620	619
502	503	621	620
503	504	622	621
504	505	623	622
505	506	624	623
506	507	625	624
507	508	626	625
508	509	627	626
509	510	628	627
510	511	629	628
511	512	630	629
512	513	631	630
513	514	632	631
514	515	633	632
515	516	634	633
516	517	635	634
517	518	636	635
518	519	637	636
519	520	638	637
520	521	639	638
521	522	640	639
522	523	641	640
523	524	642	641
524	525	643	642
525	526	644	643
526	527	645	644
527	528	646	645
528	529	647	646
529	530	648	647
530	531	649	648
531	532	650	649
532	533	651	650
533	534	652	651
534	535	653	652
535	536	654	653
536	537	655	654
537	538	656	655
538	539	657	656
539	540	658	657
540	541	659	658
541	542	660	659
542	543	661	660
543	544	662	661
544	545	663	662
545	546	664	663
546	547	665	664
547	548	666	665
548	549	667	666
549	550	668	667
550	551	669	668
551	552	670	669
552	553	671	670
553	554	672	671
554	555	673	672
555	556	674	673
556	557	675	674
557	558	676	675
558	559	677	676
559	560	678	677
560	561	679	678
561	562	680	679
562	563	681	680
563	564	682	681
564	565	683	682
565	566	684	683
566	567	685	684
567	568	686	685
568	569	687	686
569	570	688	687
570	571	689	688
571	572	690	689
572	573	691	690
573	574	692	691
574	575	693	692
575	576	694	693
576	577	695	694
577	578	696	695
578	579	697	696
579	580	698	697
580	581	699	698
581	582	700	699
582	583	701	700
583	584	702	701
584	585	703	702
585	586	704	703
586	587	705	704
587	588	706	705
588	589	707	706
590	591	709	708
591	592	710	709
592	593	711	710
593	594	712	711
594	595	713	712
595	596	714	713
596	597	715	714
597	598	716	715
598	599	717	716
599	600	718	717
600	601	719	718
601	602	720	719
602	603	721	720
603	604	722	721
604	605	723	722
605	606	724	723
606	607	725	724
607	608	726	725
608	609	727	726
609	610	728	727
610	611	729	728
611	612	730	729
612	613	731	730
613	614	732	731
614	615	733	732
615	616	734	733
616	617	735	734
617	618	736	735
618	619	737	736
619	620	738	737
620	621	739	738
621	622	740	739
622	623	741	740
623	624	742	741
624	625	743	742
625	626	744	743
626	627	745	744
627	628	746	745
628	629	747	746
629	630	748	747
630	631	749	748
631	632	750	749
632	633	751	750
633	634	752	751
634	635	753	752
635	636	754	753
636	637	755	754
637	638	756	755
638	639	757	756
639	640	758	757
640	641	759	758
641	642	760	759
642	643	761	760
643	644	762	761
644	645	763	762
645	646	764	763
646	647	765	764
647	648	766	765
648	649	767	766
649	650	768	767
650	651	769	768
651	652	770	769
652	653	771	770
653	654	772	771
654	655	773	772
655	656	774	773
656	657	775	774
657	658	776	775
658	659	777	776
659	660	778	777
660	661	779	778
661	662	780	779
662	663	781	780
663	664	782	781
664	665	783	782
665	666	784	783
666	667	785	784
667	668	786	785
668	669	787	786
669	670	788	787
670	671	789	788
671	672	790	789
672	673	791	790
673	674	792	791
674	675	793	792
675	676	794	793
676	677	795	794
677	678	796	795
678	679	797	796
679	680	798	797
680	681	799	798
681	682	800	799
682	683	801	800
683	684	802	801
684	685	803	802
685	686	804	803
686	687	805	804
687	688	806	805
688	689	807	806
689	690	808	807
690	691	809	808
691	692	810	809
692	693	811	810
693	694	812	811
694	695	813	812
695	696	814	813
696	697	815	814
697	698	816	815
698	699	817	816
699	700	818	817
700	701	819	818
701	702	820	819
702	703	821	820
703	704	822	821
704	705	823	822
705	706	824	823
706	707	825	824
708	709	827	826
709	710	828	827
710	711	829	828
711	712	830	829
712	713	831	830
713	714	832	831
714	715	833	832
715	716	834	833
716	717	835	834
717	718	836	835
718	719	837	836
719	720	838	837
720	721	839	838
721	722	840	839
722	723	841	840
723	724	842	841
724	725	843	842
725	726	844	843
726	727	845	844
727	728	846	845
728	729	847	846
729	730	848	847
730	731	849	848
731	732	850	849
732	733	851	850
733	734	852	851
734	735	853	852
735	736	854	853
736	737	855	854
737	738	856	855
738	739	857	856
739	740	858	857
740	741	859	858
741	742	860	859
742	743	861	860
743	744	862	861
744	745	863	862
745	746	864	863
746	747	865	864
747	748	866	865
748	749	867	866
749	750	868	867
750	751	869	868
751	752	870	869
752	753	871	870
753	754	872	871
754	755	873	872
755	756	874	873
756	757	875	874
757	758	876	875
758	759	877	876
759	760	878	877
760	761	879	878
761	762	880	879
762	763	881	880
763	764	882	881
764	765	883	882
765	766	884	883
766	767	885	884
767	768	886	885
768	769	887	886
769	770	888	887
770	771	889	888
771	772	890	889
772	773	891	890
773	774	892	891
774	775	893	892
775	776	894	893
776	777	895	894
777	778	896	895
778	779	897	896
779	780	898	897
780	781	899	898
781	782	900	899
782	783	901	900
783	784	902	901
784	785	903	902
785	786	904	903
786	787	905	904
787	788	906	905
788	789	907	906
789	790	908	907
790	791	909	908
791	792	910	909
792	793	911	910
793	794	912	911
794	795	913	912
795	796	914	913
796	797	915	914
797	798	916	915
798	799	917	916
799	800	918	917
800	801	919	918
801	802	920	919
802	803	921	920
803	804	922	921
804	805	923	922
805	806	924	923
806	807	925	924
807	808	926	925
808	809	927	926
809	810	928	927
810	811	929	928
811	812	930	929
812	813	931	930
813	814	932	931
814	815	933	932
815	816	934	933
816	817	935	934
817	818	936	935
818	819	937	936
819	820	938	937
820	821	939	938
821	822	940	939
822	823	941	940
823	824	942	941
824	825	943	942
826	827	945	944
827	828	946	945
828	829	947	946
829	830	948	947
830	831	949	948
831	832	950	949
832	833	951	950
833	834	952	951
834	835	953	952
835	836	954	953
836	837	955	954
837	838	956	955
838	839	957	956
839	840	958	957
840	841	959	958
841	842	960	959
842	843	961	960
843	844	962	961
844	845	963	962
845	846	964	963
846	847	965	964
847	848	966	965
848	849	967	966
849	850	968	967
850	851	969	968
851	852	970	969
852	853	971	970
853	854	972	971
854	855	973	972
855	856	974	973
856	857	975	974
857	858	976	975
858	859	977	976
859	860	978	977
860	861	979	978
861	862	980	979
862	863	981	980
863	864	982	981
864	865	983	982
865	866	984	983
866	867	985	984
867	868	986	985
868	869	987	986
869	870	988	987
870	871	989	988
871	872	990	989
872	873	991	990
873	874	992	991
874	875	993	992
875	876	994	993
876	877	995	994
877	878	996	995
878	879	997	996
879	880	998	997
880	881	999	998
881	882	1000	999
882	883	1001	1000
883	884	1002	1001
884	885	1003	1002
885	886	1004	1003
886	887	1005	1004
887	888	1006	1005
888	889	1007	1006
889	890	1008	1007
890	891	1009	1008
891	892	1010	1009
892	893	1011	1010
893	894	1012	1011
894	895	1013	1012
895	896	1014	1013
896	897	1015	1014
897	898	1016	1015
898	899	1017	1016
899	900	1018	1017
900	901	1019	1018
901	902	1020	1019
902	903	1021	1020
903	904	1022	1021
904	905	1023	1022
905	906	1024	1023
906	907	1025	1024
907	908	1026	1025
908	909	1027	1026
909	910	1028	1027
910	911	1029	1028
911	912	1030	1029
912	913	1031	1030
913	914	1032	1031
914	915	1033	1032
915	916	1034	1033
916	917	1035	1034
917	918	1036	1035
918	919	1037	1036
919	920	1038	1037
920	921	1039	1038
921	922	1040	1039
922	923	1041	1040
923	924	1042	1041
924	925	1043	1042
925	926	1044	1043
926	927	1045	1044
927	928	1046	1045
928	929	1047	1046
929	930	1048	1047
930	931	1049	1048
931	932	1050	1049
932	933	1051	1050
933	934	1052	1051
934	935	1053	1052
935	936	1054	1053
936	937	1055	1054
937	938	1056	1055
938	939	1057	1056
939	940	1058	1057
940	941	1059	1058
941	942	1060	1059
942	943	1061	1060
944	945	1063	1062
945	946	1064	1063
946	947	1065	1064
947	948	1066	1065
948	949	1067	1066
949	950	1068	1067
950	951	1069	1068
951	952	1070	1069
952	953	1071	1070
953	954	1072	1071
954	955	1073	1072
955	956	1074	1073
956	957	1075	1074
957	958	1076	1075
958	959	1077	1076
959	960	1078	1077
960	961	1079	1078
961	962	1080	1079
962	963	1081	1080
963	964	1082	1081
964	965	1083	1082
965	966	1084	1083
966	967	1085	1084
967	968	1086	1085
968	969	1087	1086
969	970	1088	1087
970	971	1089	1088
971	972	1090	1089
972	973	1091	1090
973	974	1092	1091
974	975	1093	1092
975	976	1094	1093
976	977	1095	1094
977	978	1096	1095
978	979	1097	1096
979	980	1098	1097
980	981	1099	1098
981	982	1100	1099
982	983	1101	1100
983	984	1102	1101
984	985	1103	1102
985	986	1104	1103
986	987	1105	1104
987	988	1106	1105
988	989	1107	1106
989	990	1108	1107
990	991	1109	1108
991	992	1110	1109
992	993	1111	1110
993	994	1112	1111
994	995	1113	1112
995	996	1114	1113
996	997	1115	1114
997	998	1116	1115
998	999	1117	1116
999	1000	1118	1117
1000	1001	1119	1118
1001	1002	1120	1119
1002	1003	1121	1120
1003	1004	1122	1121
1004	1005	1123	1122
1005	1006	1124	1123
1006	1007	1125	1124
1007	1008	1126	1125
1008	1009	1127	1126
1009	1010	1128	1127
1010	1011	1129	1128
1011	1012	1130	1129
1012	1013	1131	1130
1013	1014	1132	1131
1014	1015	1133	1132
1015	1016	1134	1133
1016	1017	1135	1134
1017	1018	1136	1135
1018	1019	1137	1136
1019	1020	1138	1137
1020	1021	1139	1138
1021	1022	1140	1139
1022	1023	1141	1140
1023	1024	1142	1141
1024	1025	1143	1142
1025	1026	1144	1143
1026	1027	1145	1144
1027	1028	1146	1145
1028	1029	1147	1146
1029	1030	1148	1147
1030	1031	1149	1148
1031	1032	1150	1149
1032	1033	1151	1150
1033	1034	1152	1151
1034	1035	1153	1152
1035	1036	1154	1153
1036	1037	1155	1154
1037	1038	1156	1155
1038	1039	1157	1156
1039	1040	1158	1157
1040	1041	1159	1158
1041	1042	1160	1159
1042	1043	1161	1160
1043	1044	1162	1161
1044	1045	1163	1162
1045	1046	1164	1163
1046	1047	1165	1164
1047	1048	1166	1165
1048	1049	1167	1166
1049	1050	1168	1167
1050	1051	1169	1168
1051	1052	1170	1169
1052	1053	1171	1170
1053	1054	1172	1171
1054	1055	1173	1172
1055	1056	1174	1173
1056	1057	1175	1174
1057	1058	1176	1175
1058	1059	1177	1176
1059	1060	1178	1177
1060	1061	1179	1178
1062	1063	1181	1180
1063	1064	1182	1181
1064	1065	1183	1182
1065	1066	1184	1183
1066	1067	1185	1184
1067	1068	1186	1185
1068	1069	1187	1186
1069	1070	1188	1187
1070	1071	1189	1188
1071	1072	1190	1189
1072	1073	1191	1190
1073	1074	1192	1191
1074	1075	1193	1192
1075	1076	1194	1193
1076	1077	1195	1194
1077	1078	1196	1195
1078	1079	1197	1196
1079	1080	1198	1197
1080	1081	1199	1198
1081	1082	1200	1199
1082	1083	1201	1200
1083	1084	1202	1201
1084	1085	1203	1202
1085	1086	1204	1203
1086	1087	1205	1204
1087	1088	1206	1205
1088	1089	1207	1206
1089	1090	1208	1207
1090	1091	1209	1208
1091	1092	1210	1209
1092	1093	1211	1210
1093	1094	1212	1211
1094	1095	1213	1212
1095	1096	1214	1213
1096	1097	1215	1214
1097	1098	1216	1215
1098	1099	1217	1216
1099	1100	1218	1217
1100	1101	1219	1218
1101	1102	1220	1219
1102	1103	1221	1220
1103	1104	1222	1221
1104	1105	1223	1222
1105	1106	1224	1223
1106	1107	1225	1224
1107	1108	1226	1225
1108	1109	1227	1226
1109	1110	1228	1227
1110	1111	1229	1228
1111	1112	1230	1229
1112	1113	1231	1230
1113	1114	1232	1231
1114	1115	1233	1232
1115	1116	1234	1233
1116	1117	1235	1234
1117	1118	1236	1235
1118	1119	1237	1236
1119	1120	1238	1237
1120	1121	1239	1238
1121	1122	1240	1239
1122	1123	1241	1240
1123	1124	1242	1241
1124	1125	1243	1242
1125	1126	1244	1243
1126	1127	1245	1244
1127	1128	1246	1245
1128	1129	1247	1246
1129	1130	1248	1247
1130	1131	1249	1248
1131	1132	1250	1249
1132	1133	1251	1250
1133	1134	1252	1251
1134	1135	1253	1252
1135	1136	1254	1253
1136	1137	1255	1254
1137	1138	1256	1255
1138	1139	1257	1256
1139	1140	1258	1257
1140	1141	1259	1258
1141	1142	1260	1259
1142	1143	1261	1260
1143	1144	1262	1261
1144	1145	1263	1262
1145	1146	1264	1263
1146	1147	1265	1264
1147	1148	1266	1265
1148	1149	1267	1266
1149	1150	1268	1267
1150	1151	1269	1268
1151	1152	1270	1269
1152	1153	1271	1270
1153	1154	1272	1271
1154	1155	1273	1272
1155	1156	1274	1273
1156	1157	1275	1274
1157	1158	1276	1275
1158	1159	1277	1276
1159	1160	1278	1277
1160	1161	1279	1278
1161	1162	1280	1279
1162	1163	1281	1280
1163	1164	1282	1281
1164	1165	1283	1282
1165	1166	1284	1283
1166	1167	1285	1284
1167	1168	1286	1285
1168	1169	1287	1286
1169	1170	1288	1287
1170	1171	1289	1288
1171	1172	1290	1289
1172	1173	1291	1290
1173	1174	1292	1291
1174	1175	1293	1292
1175	1176	1294	1293
1176	1177	1295	1294
1177	1178	1296	1295
1178	1179	1297	1296
1180	1181	1299	1298
1181	1182	1300	1299
1182	1183	1301	1300
1183	1184	1302	1301
1184	1185	1303	1302
1185	1186	1304	1303
1186	1187	1305	1304
1187	1188	1306	1305
1188	1189	1307	1306
1189	1190	1308	1307
1190	1191	1309	1308
1191	1192	1310	1309
1192	1193	1311	1310
1193	1194	1312	1311
1194	1195	1313	1312
1195	1196	1314	1313
1196	1197	1315	1314
1197	1198	1316	1315
1198	1199	1317	1316
1199	1200	1318	1317
1200	1201	1319	1318
1201	1202	1320	1319
1202	1203	1321	1320
1203	1204	1322	1321
1204	1205	1323	1322
1205	1206	1324	1323
1206	1207	1325	1324
1207	1208	1326	1325
1208	1209	1327	1326
1209	1210	1328	1327
1210	1211	1329	1328
1211	1212	1330	1329
1212	1213	1331	1330
1213	1214	1332	1331
1214	1215	1333	1332
1215	1216	1334	1333
1216	1217	1335	1334
1217	1218	1336	1335
1218	1219	1337	1336
1219	1220	1338	1337
1220	1221	1339	1338
1221	1222	1340	1339
1222	1223	1341	1340
1223	1224	1342	1341
1224	1225	1343	1342
1225	1226	1344	1343
1226	1227	1345	1344
1227	1228	1346	1345
1228	1229	1347	1346
1229	1230	1348	1347
1230	1231	1349	1348
1231	1232	1350	1349
1232	1233	1351	1350
1233	1234	1352	1351
1234	1235	1353	1352
1235	1236	1354	1353
1236	1237	1355	1354
1237	1238	1356	1355
1238	1239	1357	1356
1239	1240	1358	1357
1240	1241	1359	1358
1241	1242	1360	1359
1242	1243	1361	1360
1243	1244	1362	1361
1244	1245	1363	1362
1245	1246	1364	1363
1246	1247	1365	1364
1247	1248	1366	1365
1248	1249	1367	1366
1249	1250	1368	1367
1250	1251	1369	1368
1251	1252	1370	1369
1252	1253	1371	1370
1253	1254	1372	1371
1254	1255	1373	1372
1255	1256	1374	1373
1256	1257	1375	1374
1257	1258	1376	1375
1258	1259	1377	1376
1259	1260	1378	1377
1260	1261	1379	1378
1261	1262	1380	1379
1262	1263	1381	1380
1263	1264	1382	1381
1264	1265	1383	1382
1265	1266	1384	1383
1266	1267	1385	1384
1267	1268	1386	1385
1268	1269	1387	1386
1269	1270	1388	1387
1270	1271	1389	1388
1271	1272	1390	1389
1272	1273	1391	1390
1273	1274	1392	1391
1274	1275	1393	1392
1275	1276	1394	1393
1276	1277	1395	1394
1277	1278	1396	1395
1278	1279	1397	1396
1279	1280	1398	1397
1280	1281	1399	1398
1281	1282	1400	1399
1282	1283	1401	1400
1283	1284	1402	1401
1284	1285	1403	1402
1285	1286	1404	1403
1286	1287	1405	1404
1287	1288	1406	1405
1288	1289	1407	1406
1289	1290	1408	1407
1290	1291	1409	1408
1291	1292	1410	1409
1292	1293	1411	1410
1293	1294	1412	1411
1294	1295	1413	1412
1295	1296	1414	1413
1296	1297	1415	1414
1298	1299	1417	1416
1299	1300	1418	1417
1300	1301	1419	1418
1301	1302	1420	1419
1302	1303	1421	1420
1303	1304	1422	1421
1304	1305	1423	1422
1305	1306	1424	1423
1306	1307	1425	1424
1307	1308	1426	1425
1308	1309	1427	1426
1309	1310	1428	1427
1310	1311	1429	1428
1311	1312	1430	1429
1312	1313	1431	1430
1313	1314	1432	1431
1314	1315	1433	1432
1315	1316	1434	1433
1316	1317	1435	1434
1317	1318	1436	1435
1318	1319	1437	1436
1319	1320	1438	1437
1320	1321	1439	1438
1321	1322	1440	1439
1322	1323	1441	1440
1323	1324	1442	1441
1324	1325	1443	1442
1325	1326	1444	1443
1326	1327	1445	1444
1327	1328	1446	1445
1328	1329	1447	1446
1329	1330	1448	1447
1330	1331	1449	1448
1331	1332	1450	1449
1332	1333	1451	1450
1333	1334	1452	1451
1334	1335	1453	1452
1335	1336	1454	1453
1336	1337	1455	1454
1337	1338	1456	1455
1338	1339	1457	1456
1339	1340	1458	1457
1340	1341	1459	1458
1341	1342	1460	1459
1342	1343	1461	1460
1343	1344	1462	1461
1344	1345	1463	1462
1345	1346	1464	1463
1346	1347	1465	1464
1347	1348	1466	1465
1348	1349	1467	1466
1349	1350	1468	1467
1350	1351	1469	1468
1351	1352	1470	1469
1352	1353	1471	1470
1353	1354	1472	1471
1354	1355	1473	1472
1355	1356	1474	1473
1356	1357	1475	1474
1357	1358	1476	1475
1358	1359	1477	1476
1359	1360	1478	1477
1360	1361	1479	1478
1361	1362	1480	1479
1362	1363	1481	1480
1363	1364	1482	1481
1364	1365	1483	1482
1365	1366	1484	1483
1366	1367	1485	1484
1367	1368	1486	1485
1368	1369	1487	1486
1369	1370	1488	1487
1370	1371	1489	1488
1371	1372	1490	1489
1372	1373	1491	1490
1373	1374	1492	1491
1374	1375	1493	1492
1375	1376	1494	1493
1376	1377	1495	1494
1377	1378	1496	1495
1378	1379	1497	1496
1379	1380	1498	1497
1380	1381	1499	1498
1381	1382	1500	1499
1382	1383	1501	1500
1383	1384	1502	1501
1384	1385	1503	1502
1385	1386	1504	1503
1386	1387	1505	1504
1387	1388	1506	1505
1388	1389	1507	1506
1389	1390	1508	1507
1390	1391	1509	1508
1391	1392	1510	1509
1392	1393	1511	1510
1393	1394	1512	1511
1394	1395	1513	1512
1395	1396	1514	1513
1396	1397	1515	1514
1397	1398	1516	1515
1398	1399	1517	1516
1399	1400	1518	1517
1400	1401	1519	1518
1401	1402	1520	1519
1402	1403	1521	1520
1403	1404	1522	1521
1404	1405	1523	1522
1405	1406	1524	1523
1406	1407	1525	1524
1407	1408	1526	1525
1408	1409	1527	1526
1409	1410	1528	1527
1410	1411	1529	1528
1411	1412	1530	1529
1412	1413	1531	1530
1413	1414	1532	1531
1414	1415	1533	1532
1416	1417	1535	1534
1417	1418	1536	1535
1418	1419	1537	1536
1419	1420	1538	1537
1420	1421	1539	1538
1421	1422	1540	1539
1422	1423	1541	1540
1423	1424	1542	1541
1424	1425	1543	1542
1425	1426	1544	1543
1426	1427	1545	1544
1427	1428	1546	1545
1428	1429	1547	1546
1429	1430	1548	1547
1430	1431	1549	1548
1431	1432	1550	1549
1432	1433	1551	1550
1433	1434	1552	1551
1434	1435	1553	1552
1435	1436	1554	1553
1436	1437	1555	1554
1437	1438	1556	1555
1438	1439	1557	1556
1439	1440	1558	1557
1440	1441	1559	1558
1441	1442	1560	1559
1442	1443	1561	1560
1443	1444	1562	1561
1444	1445	1563	1562
1445	1446	1564	1563
1446	1447	1565	1564
1447	1448	1566	1565
1448	1449	1567	1566
1449	1450	1568	1567
1450	1451	1569	1568
1451	1452	1570	1569
1452	1453	1571	1570
1453	1454	1572	1571
1454	1455	1573	1572
1455	1456	1574	1573
1456	1457	1575	1574
1457	1458	1576	1575
1458	1459	1577	1576
1459	1460	1578	1577
1460	1461	1579	1578
1461	1462	1580	1579
1462	1463	1581	1580
1463	1464	1582	1581
1464	1465	1583	1582
1465	1466	1584	1583
1466	1467	1585	1584
1467	1468	1586	1585
1468	1469	1587	1586
1469	1470	1588	1587
1470	1471	1589	1588
1471	1472	1590	1589
1472	1473	1591	1590
1473	1474	1592	1591
1474	1475	1593	1592
1475	1476	1594	1593
1476	1477	1595	1594
1477	1478	1596	1595
1478	1479	1597	1596
1479	1480	1598	1597
1480	1481	1599	1598
1481	1482	1600	1599
1482	1483	1601	1600
1483	1484	1602	1601
1484	1485	1603	1602
1485	1486	1604	1603
1486	1487	1605	1604
1487	1488	1606	1605
1488	1489	1607	1606
1489	1490	1608	1607
1490	1491	1609	1608
1491	1492	1610	1609
1492	1493	1611	1610
1493	1494	1612	1611
1494	1495	1613	1612
1495	1496	1614	1613
1496	1497	1615	1614
1497	1498	1616	1615
1498	1499	1617	1616
1499	1500	1618	1617
1500	1501	1619	1618
1501	1502	1620	1619
1502	1503	1621	1620
1503	1504	1622	1621
1504	1505	1623	1622
1505	1506	1624	1623
1506	1507	1625	1624
1507	1508	1626	1625
1508	1509	1627	1626
1509	1510	1628	1627
1510	1511	1629	1628
1511	1512	1630	1629
1512	1513	1631	1630
1513	1514	1632	1631
1514	1515	1633	1632
1515	1516	1634	1633
1516	1517	1635	1634
1517	1518	1636	1635
1518	1519	1637	1636
1519	1520	1638	1637
1520	1521	1639	1638
1521	1522	1640	1639
1522	1523	1641	1640
1523	1524	1642	1641
1524	1525	1643	1642
1525	1526	1644	1643
1526	1527	1645	1644
1527	1528	1646	1645
1528	1529	1647	1646
1529	1530	1648	1647
1530	1531	1649	1648
1531	1532	1650	1649
1532	1533	1651	1650
1534	1535	1653	1652
1535	1536	1654	1653
1536	1537	1655	1654
1537	1538	1656	1655
1538	1539	1657	1656
1539	1540	1658	1657
1540	1541	1659	1658
1541	1542	1660	1659
1542	1543	1661	1660
1543	1544	1662	1661
1544	1545	1663	1662
1545	1546	1664	1663
1546	1547	1665	1664
1547	1548	1666	1665
1548	1549	1667	1666
1549	1550	1668	1667
1550	1551	1669	1668
1551	1552	1670	1669
1552	1553	1671	1670
1553	1554	1672	1671
1554	1555	1673	1672
1555	1556	1674	1673
1556	1557	1675	1674
1557	1558	1676	1675
1558	1559	1677	1676
1559	1560	1678	1677
1560	1561	1679	1678
1561	1562	1680	1679
1562	1563	1681	1680
1563	1564	1682	1681
1564	1565	1683	1682
1565	1566	1684	1683
1566	1567	1685	1684
1567	1568	1686	1685
1568	1569	1687	1686
1569	1570	1688	1687
1570	1571	1689	1688
1571	1572	1690	1689
1572	1573	1691	1690
1573	1574	1692	1691
1574	1575	1693	1692
1575	1576	1694	1693
1576	1577	1695	1694
1577	1578	1696	1695
1578	1579	1697	1696
1579	1580	1698	1697
1580	1581	1699	1698
1581	1582	1700	1699
1582	1583	1701	1700
1583	1584	1702	1701
1584	1585	1703	1702
1585	1586	1704	1703
1586	1587	1705	1704
1587	1588	1706	1705
1588	1589	1707	1706
1589	1590	1708	1707
1590	1591	1709	1708
1591	1592	1710	1709
1592	1593	1711	1710
1593	1594	1712	1711
1594	1595	1713	1712
1595	1596	1714	1713
1596	1597	1715	1714
1597	1598	1716	1715
1598	1599	1717	1716
1599	1600	1718	1717
1600	1601	1719	1718
1601	1602	1720	1719
1602	1603	1721	1720
1603	1604	1722	1721
1604	1605	1723	1722
1605	1606	1724	1723
1606	1607	1725	1724
1607	1608	1726	1725
1608	1609	1727	1726
1609	1610	1728	1727
1610	1611	1729	1728
1611	1612	1730	1729
1612	1613	1731	1730
1613	1614	1732	1731
1614	1615	1733	1732
1615	1616	1734	1733
1616	1617	1735	1734
1617	1618	1736	1735
1618	1619	1737	1736
1619	1620	1738	1737
1620	1621	1739	1738
1621	1622	1740	1739
1622	1623	1741	1740
1623	1624	1742	1741
1624	1625	1743	1742
1625	1626	1744	1743
1626	1627	1745	1744
1627	1628	1746	1745
1628	1629	1747	1746
1629	1630	1748	1747
1630	1631	1749	1748
1631	1632	1750	1749
1632	1633	1751	1750
1633	1634	1752	1751
1634	1635	1753	1752
1635	1636	1754	1753
1636	1637	1755	1754
1637	1638	1756	1755
1638	1639	1757	1756
1639	1640	1758	1757
1640	1641	1759	1758
1641	1642	1760	1759
1642	1643	1761	1760
1643	1644	1762	1761
1644	1645	1763	1762
1645	1646	1764	1763
1646	1647	1765	1764
1647	1648	1766	1765
1648	1649	1767	1766
1649	1650	1768	1767
1650	1651	1769	1768
1652	1653	1771	1770
1653	1654	1772	1771
1654	1655	1773	1772
1655	1656	1774	1773
1656	1657	1775	1774
1657	1658	1776	1775
1658	1659	1777	1776
1659	1660	1778	1777
1660	1661	1779	1778
1661	1662	1780	1779
1662	1663	1781	1780
1663	1664	1782	1781
1664	1665	1783	1782
1665	1666	1784	1783
1666	1667	1785	1784
1667	1668	1786	1785
1668	1669	1787	1786
1669	1670	1788	1787
1670	1671	1789	1788
1671	1672	1790	1789
1672	1673	1791	1790
1673	1674	1792	1791
1674	1675	1793	1792
1675	1676	1794	1793
1676	1677	1795	1794
1677	1678	1796	1795
1678	1679	1797	1796
1679	1680	1798	1797
1680	1681	1799	1798
1681	1682	1800	1799
1682	1683	1801	1800
1683	1684	1802	1801
1684	1685	1803	1802
1685	1686	1804	1803
1686	1687	1805	1804
1687	1688	1806	1805
1688	1689	1807	1806
1689	1690	1808	1807
1690	1691	1809	1808
1691	1692	1810	1809
1692	1693	1811	1810
1693	1694	1812	1811
1694	1695	1813	1812
1695	1696	1814	1813
1696	1697	1815	1814
1697	1698	1816	1815
1698	1699	1817	1816
1699	1700	1818	1817
1700	1701	1819	1818
1701	1702	1820	1819
1702	1703	1821	1820
1703	1704	1822	1821
1704	1705	1823	1822
1705	1706	1824	1823
1706	1707	1825	1824
1707	1708	1826	1825
1708	1709	1827	1826
1709	1710	1828	1827
1710	1711	1829	1828
1711	1712	1830	1829
1712	1713	1831	1830
1713	1714	1832	1831
1714	1715	1833	1832
1715	1716	1834	1833
1716	1717	1835	1834
1717	1718	1836	1835
1718	1719	1837	1836
1719	1720	1838	1837
1720	1721	1839	1838
1721	1722	1840	1839
1722	1723	1841	1840
1723	1724	1842	1841
1724	1725	1843	1842
1725	1726	1844	1843
1726	1727	1845	1844
1727	1728	1846	1845
1728	1729	1847	1846
1729	1730	1848	1847
1730	1731	1849	1848
1731	1732	1850	1849
1732	1733	1851	1850
1733	1734	1852	1851
1734	1735	1853	1852
1735	1736	1854	1853
1736	1737	1855	1854
1737	1738	1856	1855
1738	1739	1857	1856
1739	1740	1858	1857
1740	1741	1859	1858
1741	1742	1860	1859
1742	1743	1861	1860
1743	1744	1862	1861
1744	1745	1863	1862
1745	1746	1864	1863
1746	1747	1865	1864
1747	1748	1866	1865
1748	1749	1867	1866
1749	1750	1868	1867
1750	1751	1869	1868
1751	1752	1870	1869
1752	1753	1871	1870
1753	1754	1872	1871
1754	1755	1873	1872
1755	1756	1874	1873
1756	1757	1875	1874
1757	1758	1876	1875
1758	1759	1877	1876
1759	1760	1878	1877
1760	1761	1879	1878
1761	1762	1880	1879
1762	1763	1881	1880
1763	1764	1882	1881
1764	1765	1883	1882
1765	1766	1884	1883
1766	1767	1885	1884
1767	1768	1886	1885
1768	1769	1887	1886
1770	1771	1889	1888
1771	1772	1890	1889
1772	1773	1891	1890
1773	1774	1892	1891
1774	1775	1893	1892
1775	1776	1894	1893
1776	1777	1895	1894
1777	1778	1896	1895
1778	1779	1897	1896
1779	1780	1898	1897
1780	1781	1899	1898
1781	1782	1900	1899
1782	1783	1901	1900
1783	1784	1902	1901
1784	1785	1903	1902
1785	1786	1904	1903
1786	1787	1905	1904
1787	1788	1906	1905
1788	1789	1907	1906
1789	1790	1908	1907
1790	1791	1909	1908
1791	1792	1910	1909
1792	1793	1911	1910
1793	1794	1912	1911
1794	1795	1913	1912
1795	1796	1914	1913
1796	1797	1915	1914
1797	1798	1916	1915
1798	1799	1917	1916
1799	1800	1918	1917
1800	1801	1919	1918
1801	1802	1920	1919
1802	1803	1921	1920
1803	1804	1922	1921
1804	1805	1923	1922
1805	1806	1924	1923
1806	1807	1925	1924
1807	1808	1926	1925
1808	1809	1927	1926
1809	1810	1928	1927
1810	1811	1929	1928
1811	1812	1930	1929
1812	1813	1931	1930
1813	1814	1932	1931
1814	1815	1933	1932
1815	1816	1934	1933
1816	1817	1935	1934
1817	1818	1936	1935
1818	1819	1937	1936
1819	1820	1938	1937
1820	1821	1939	1938
1821	1822	1940	1939
1822	1823	1941	1940
1823	1824	1942	1941
1824	1825	1943	1942
1825	1826	1944	1943
1826	1827	1945	1944
1827	1828	1946	1945
1828	1829	1947	1946
1829	1830	1948	1947
1830	1831	1949	1948
1831	1832	1950	1949
1832	1833	1951	1950
1833	1834	1952	1951
1834	1835	1953	1952
1835	1836	1954	1953
1836	1837	1955	1954
1837	1838	1956	1955
1838	1839	1957	1956
1839	1840	1958	1957
1840	1841	1959	1958
1841	1842	1960	1959
1842	1843	1961	1960
1843	1844	1962	1961
1844	1845	1963	1962
1845	1846	1964	1963
1846	1847	1965	1964
1847	1848	1966	1965
1848	1849	1967	1966
1849	1850	1968	1967
1850	1851	1969	1968
1851	1852	1970	1969
1852	1853	1971	1970
1853	1854	1972	1971
1854	1855	1973	1972
1855	1856	1974	1973
1856	1857	1975	1974
1857	1858	1976	1975
1858	1859	1977	1976
1859	1860	1978	1977
1860	1861	1979	1978
1861	1862	1980	1979
1862	1863	1981	1980
1863	1864	1982	1981
1864	1865	1983	1982
1865	1866	1984	1983
1866	1867	1985	1984
1867	1868	1986	1985
1868	1869	1987	1986
1869	1870	1988	1987
1870	1871	1989	1988
1871	1872	1990	1989
1872	1873	1991	1990
1873	1874	1992	1991
1874	1875	1993	1992
1875	1876	1994	1993
1876	1877	1995	1994
1877	1878	1996	1995
1878	1879	1997	1996
1879	1880	1998	1997
1880	1881	1999	1998
1881	1882	2000	1999
1882	1883	2001	2000
1883	1884	2002	2001
1884	1885	2003	2002
1885	1886	2004	2003
1886	1887	2005	2004
1888	1889	2007	2006
1889	1890	2008	2007
1890	1891	2009	2008
1891	1892	2010	2009
1892	1893	2011	2010
1893	1894	2012	2011
1894	1895	2013	2012
1895	1896	2014	2013
1896	1897	2015	2014
1897	1898	2016	2015
1898	1899	2017	2016
1899	1900	2018	2017
1900	1901	2019	2018
1901	1902	2020	2019
1902	1903	2021	2020
1903	1904	2022	2021
1904	1905	2023	2022
1905	1906	2024	2023
1906	1907	2025	2024
1907	1908	2026	2025
1908	1909	2027	2026
1909	1910	2028	2027
1910	1911	2029	2028
1911	1912	2030	2029
1912	1913	2031	2030
1913	1914	2032	2031
1914	1915	2033	2032
1915	1916	2034	2033
1916	1917	2035	2034
1917	1918	2036	2035
1918	1919	2037	2036
1919	1920	2038	2037
1920	1921	2039	2038
1921	1922	2040	2039
1922	1923	2041	2040
1923	1924	2042	2041
1924	1925	2043	2042
1925	1926	2044	2043
1926	1927	2045	2044
1927	1928	2046	2045
1928	1929	2047	2046
1929	1930	2048	2047
1930	1931	2049	2048
1931	1932	2050	2049
1932	1933	2051	2050
1933	1934	2052	2051
1934	1935	2053	2052
1935	1936	2054	2053
1936	1937	2055	2054
1937	1938	2056	2055
1938	1939	2057	2056
1939	1940	2058	2057
1940	1941	2059	2058
1941	1942	2060	2059
1942	1943	2061	2060
1943	1944	2062	2061
1944	1945	2063	2062
1945	1946	2064	2063
1946	1947	2065	2064
1947	1948	2066	2065
1948	1949	2067	2066
1949	1950	2068	2067
1950	1951	2069	2068
1951	1952	2070	2069
1952	1953	2071	2070
1953	1954	2072	2071
1954	1955	2073	2072
1955	1956	2074	2073
1956	1957	2075	2074
1957	1958	2076	2075
1958	1959	2077	2076
1959	1960	2078	2077
1960	1961	2079	2078
1961	1962	2080	2079
1962	1963	2081	2080
1963	1964	2082	2081
1964	1965	2083	2082
1965	1966	2084	2083
1966	1967	2085	2084
1967	1968	2086	2085
1968	1969	2087	2086
1969	1970	2088	2087
1970	1971	2089	2088
1971	1972	2090	2089
1972	1973	2091	2090
1973	1974	2092	2091
1974	1975	2093	2092
1975	1976	2094	2093
1976	1977	2095	2094
1977	1978	2096	2095
1978	1979	2097	2096
1979	1980	2098	2097
1980	1981	2099	2098
1981	1982	2100	2099
1982	1983	2101	2100
1983	1984	2102	2101
1984	1985	2103	2102
1985	1986	2104	2103
1986	1987	2105	2104
1987	1988	2106	2105
1988	1989	2107	2106
1989	1990	2108	2107
1990	1991	2109	2108
1991	1992	2110	2109
1992	1993	2111	2110
1993	1994	2112	2111
1994	1995	2113	2112
1995	1996	2114	2113
1996	1997	2115	2114
1997	1998	2116	2115
1998	1999	2117	2116
1999	2000	2118	2117
2000	2001	2119	2118
2001	2002	2120	2119
2002	2003	2121	2120
2003	2004	2122	2121
2004	2005	2123	2122
2006	2007	2125	2124
2007	2008	2126	2125
2008	2009	2127	2126
2009	2010	2128	2127
2010	2011	2129	2128
2011	2012	2130	2129
2012	2013	2131	2130
2013	2014	2132	2131
2014	2015	2133	2132
2015	2016	2134	2133
2016	2017	2135	2134
2017	2018	2136	2135
2018	2019	2137	2136
2019	2020	2138	2137
2020	2021	2139	2138
2021	2022	2140	2139
2022	2023	2141	2140
2023	2024	2142	2141
2024	2025	2143	2142
2025	2026	2144	2143
2026	2027	2145	2144
2027	2028	2146	2145
2028	2029	2147	2146
2029	2030	2148	2147
2030	2031	2149	2148
2031	2032	2150	2149
2032	2033	2151	2150
2033	2034	2152	2151
2034	2035	2153	2152
2035	2036	2154	2153
2036	2037	2155	2154
2037	2038	2156	2155
2038	2039	2157	2156
2039	2040	2158	2157
2040	2041	2159	2158
2041	2042	2160	2159
2042	2043	2161	2160
2043	2044	2162	2161
2044	2045	2163	2162
2045	2046	2164	2163
2046	2047	2165	2164
2047	2048	2166	2165
2048	2049	2167	2166
2049	2050	2168	2167
2050	2051	2169	2168
2051	2052	2170	2169
2052	2053	2171	2170
2053	2054	2172	2171
2054	2055	2173	2172
2055	2056	2174	2173
2056	2057	2175	2174
2057	2058	2176	2175
2058	2059	2177	2176
2059	2060	2178	2177
2060	2061	2179	2178
2061	2062	2180	2179
2062	2063	2181	2180
2063	2064	2182	2181
2064	2065	2183	2182
2065	2066	2184	2183
2066	2067	2185	2184
2067	2068	2186	2185
2068	2069	2187	2186
2069	2070	2188	2187
2070	2071	2189	2188
2071	2072	2190	2189
2072	2073	2191	2190
2073	2074	2192	2191
2074	2075	2193	2192
2075	2076	2194	2193
2076	2077	2195	2194
2077	2078	2196	2195
2078	2079	2197	2196
2079	2080	2198	2197
2080	2081	2199	2198
2081	2082	2200	2199
2082	2083	2201	2200
2083	2084	2202	2201
2084	2085	2203	2202
2085	2086	2204	2203
2086	2087	2205	2204
2087	2088	2206	2205
2088	2089	2207	2206
2089	2090	2208	2207
2090	2091	2209	2208
2091	2092	2210	2209
2092	2093	2211	2210
2093	2094	2212	2211
2094	2095	2213	2212
2095	2096	2214	2213
2096	2097	2215	2214
2097	2098	2216	2215
2098	2099	2217	2216
2099	2100	2218	2217
2100	2101	2219	2218
2101	2102	2220	2219
2102	2103	2221	2220
2103	2104	2222	2221
2104	2105	2223	2222
2105	2106	2224	2223
2106	2107	2225	2224
2107	2108	2226	2225
2108	2109	2227	2226
2109	2110	2228	2227
2110	2111	2229	2228
2111	2112	2230	2229
2112	2113	2231	2230
2113	2114	2232	2231
2114	2115	2233	2232
2115	2116	2234	2233
2116	2117	2235	2234
2117	2118	2236	2235
2118	2119	2237	2236
2119	2120	2238	2237
2120	2121	2239	2238
2121	2122	2240	2239
2122	2123	2241	2240
2124	2125	2243	2242
2125	2126	2244	2243
2126	2127	2245	2244
2127	2128	2246	2245
2128	2129	2247	2246
2129	2130	2248	2247
2130	2131	2249	2248
2131	2132	2250	2249
2132	2133	2251	2250
2133	2134	2252	2251
2134	2135	2253	2252
2135	2136	2254	2253
2136	2137	2255	2254
2137	2138	2256	2255
2138	2139	2257	2256
2139	2140	2258	2257
2140	2141	2259	2258
2141	2142	2260	2259
2142	2143	2261	2260
2143	2144	2262	2261
2144	2145	2263	2262
2145	2146	2264	2263
2146	2147	2265	2264
2147	2148	2266	2265
2148	2149	2267	2266
2149	2150	2268	2267
2150	2151	2269	2268
2151	2152	2270	2269
2152	2153	2271	2270
2153	2154	2272	2271
2154	2155	2273	2272
2155	2156	2274	2273
2156	2157	2275	2274
2157	2158	2276	2275
2158	2159	2277	2276
2159	2160	2278	2277
2160	2161	2279	2278
2161	2162	2280	2279
2162	2163	2281	2280
2163	2164	2282	2281
2164	2165	2283	2282
2165	2166	2284	2283
2166	2167	2285	2284
2167	2168	2286	2285
2168	2169	2287	2286
2169	2170	2288	2287
2170	2171	2289	2288
2171	2172	2290	2289
2172	2173	2291	2290
2173	2174	2292	2291
2174	2175	2293	2292
2175	2176	2294	2293
2176	2177	2295	2294
2177	2178	2296	2295
2178	2179	2297	2296
2179	2180	2298	2297
2180	2181	2299	2298
2181	2182	2300	2299
2182	2183	2301	2300
2183	2184	2302	2301
2184	2185	2303	2302
2185	2186	2304	2303
2186	2187	2305	2304
2187	2188	2306	2305
2188	2189	2307	2306
2189	2190	2308	2307
2190	2191	2309	2308
2191	2192	2310	2309
2192	2193	2311	2310
2193	2194	2312	2311
2194	2195	2313	2312
2195	2196	2314	2313
2196	2197	2315	2314
2197	2198	2316	2315
2198	2199	2317	2316
2199	2200	2318	2317
2200	2201	2319	2318
2201	2202	2320	2319
2202	2203	2321	2320
2203	2204	2322	2321
2204	2205	2323	2322
2205	2206	2324	2323
2206	2207	2325	2324
2207	2208	2326	2325
2208	2209	2327	2326
2209	2210	2328	2327
2210	2211	2329	2328
2211	2212	2330	2329
2212	2213	2331	2330
2213	2214	2332	2331
2214	2215	2333	2332
2215	2216	2334	2333
2216	2217	2335	2334
2217	2218	2336	2335
2218	2219	2337	2336
2219	2220	2338	2337
2220	2221	2339	2338
2221	2222	2340	2339
2222	2223	2341	2340
2223	2224	2342	2341
2224	2225	2343	2342
2225	2226	2344	2343
2226	2227	2345	2344
2227	2228	2346	2345
2228	2229	2347	2346
2229	2230	2348	2347
2230	2231	2349	2348
2231	2232	2350	2349
2232	2233	2351	2350
2233	2234	2352	2351
2234	2235	2353	2352
2235	2236	2354	2353
2236	2237	2355	2354
2237	2238	2356	2355
2238	2239	2357	2356
2239	2240	2358	2357
2240	2241	2359	2358
2242	2243	2361	2360
2243	2244	2362	2361
2244	2245	2363	2362
2245	2246	2364	2363
2246	2247	2365	2364
2247	2248	2366	2365
2248	2249	2367	2366
2249	2250	2368	2367
2250	2251	2369	2368
2251	2252	2370	2369
2252	2253	2371	2370
2253	2254	2372	2371
2254	2255	2373	2372
2255	2256	2374	2373
2256	2257	2375	2374
2257	2258	2376	2375
2258	2259	2377	2376
2259	2260	2378	2377
2260	2261	2379	2378
2261	2262	2380	2379
2262	2263	2381	2380
2263	2264	2382	2381
2264	2265	2383	2382
2265	2266	2384	2383
2266	2267	2385	2384
2267	2268	2386	2385
2268	2269	2387	2386
2269	2270	2388	2387
2270	2271	2389	2388
2271	2272	2390	2389
2272	2273	2391	2390
2273	2274	2392	2391
2274	2275	2393	2392
2275	2276	2394	2393
2276	2277	2395	2394
2277	2278	2396	2395
2278	2279	2397	2396
2279	2280	2398	2397
2280	2281	2399	2398
2281	2282	2400	2399
2282	2283	2401	2400
2283	2284	2402	2401
2284	2285	2403	2402
2285	2286	2404	2403
2286	2287	2405	2404
2287	2288	2406	2405
2288	2289	2407	2406
2289	2290	2408	2407
2290	2291	2409	2408
2291	2292	2410	2409
2292	2293	2411	2410
2293	2294	2412	2411
2294	2295	2413	2412
2295	2296	2414	2413
2296	2297	2415	2414
2297	2298	2416	2415
2298	2299	2417	2416
2299	2300	2418	2417
2300	2301	2419	2418
2301	2302	2420	2419
2302	2303	2421	2420
2303	2304	2422	2421
2304	2305	2423	2422
2305	2306	2424	2423
2306	2307	2425	2424
2307	2308	2426	2425
2308	2309	2427	2426
2309	2310	2428	2427
2310	2311	2429	2428
2311	2312	2430	2429
2312	2313	2431	2430
2313	2314	2432	2431
2314	2315	2433	2432
2315	2316	2434	2433
2316	2317	2435	2434
2317	2318	2436	2435
2318	2319	2437	2436
2319	2320	2438	2437
2320	2321	2439	2438
2321	2322	2440	2439
2322	2323	2441	2440
2323	2324	2442	2441
2324	2325	2443	2442
2325	2326	2444	2443
2326	2327	2445	2444
2327	2328	2446	2445
2328	2329	2447	2446
2329	2330	2448	2447
2330	2331	2449	2448
2331	2332	2450	2449
2332	2333	2451	2450
2333	2334	2452	2451
2334	2335	2453	2452
2335	2336	2454	2453
2336	2337	2455	2454
2337	2338	2456	2455
2338	2339	2457	2456
2339	2340	2458	2457
2340	2341	2459	2458
2341	2342	2460	2459
2342	2343	2461	2460
2343	2344	2462	2461
2344	2345	2463	2462
2345	2346	2464	2463
2346	2347	2465	2464
2347	2348	2466	2465
2348	2349	2467	2466
2349	2350	2468	2467
2350	2351	2469	2468
2351	2352	2470	2469
2352	2353	2471	2470
2353	2354	2472	2471
2354	2355	2473	2472
2355	2356	2474	2473
2356	2357	2475	2474
2357	2358	2476	2475
2358	2359	2477	2476
2360	2361	2479	2478
2361	2362	2480	2479
2362	2363	2481	2480
2363	2364	2482	2481
2364	2365	2483	2482
2365	2366	2484	2483
2366	2367	2485	2484
2367	2368	2486	2485
2368	2369	2487	2486
2369	2370	2488	2487
2370	2371	2489	2488
2371	2372	2490	2489
2372	2373	2491	2490
2373	2374	2492	2491
2374	2375	2493	2492
2375	2376	2494	2493
2376	2377	2495	2494
2377	2378	2496	2495
2378	2379	2497	2496
2379	2380	2498	2497
2380	2381	2499	2498
2381	2382	2500	2499
2382	2383	2501	2500
2383	2384	2502	2501
2384	2385	2503	2502
2385	2386	2504	2503
2386	2387	2505	2504
2387	2388	2506	2505
2388	2389	2507	2506
2389	2390	2508	2507
2390	2391	2509	2508
2391	2392	2510	2509
2392	2393	2511	2510
2393	2394	2512	2511
2394	2395	2513	2512
2395	2396	2514	2513
2396	2397	2515	2514
2397	2398	2516	2515
2398	2399	2517	2516
2399	2400	2518	2517
2400	2401	2519	2518
2401	2402	2520	2519
2402	2403	2521	2520
2403	2404	2522	2521
2404	2405	2523	2522
2405	2406	2524	2523
2406	2407	2525	2524
2407	2408	2526	2525
2408	2409	2527	2526
2409	2410	2528	2527
2410	2411	2529	2528
2411	2412	2530	2529
2412	2413	2531	2530
2413	2414	2532	2531
2414	2415	2533	2532
2415	2416	2534	2533
2416	2417	2535	2534
2417	2418	2536	2535
2418	2419	2537	2536
2419	2420	2538	2537
2420	2421	2539	2538
2421	2422	2540	2539
2422	2423	2541	2540
2423	2424	2542	2541
2424	2425	2543	2542
2425	2426	2544	2543
2426	2427	2545	2544
2427	2428	2546	2545
2428	2429	2547	2546
2429	2430	2548	2547
2430	2431	2549	2548
2431	2432	2550	2549
2432	2433	2551	2550
2433	2434	2552	2551
2434	2435	2553	2552
2435	2436	2554	2553
2436	2437	2555	2554
2437	2438	2556	2555
2438	2439	2557	2556
2439	2440	2558	2557
2440	2441	2559	2558
2441	2442	2560	2559
2442	2443	2561	2560
2443	2444	2562	2561
2444	2445	2563	2562
2445	2446	2564	2563
2446	2447	2565	2564
2447	2448	2566	2565
2448	2449	2567	2566
2449	2450	2568	2567
2450	2451	2569	2568
2451	2452	2570	2569
2452	2453	2571	2570
2453	2454	2572	2571
2454	2455	2573	2572
2455	2456	2574	2573
2456	2457	2575	2574
2457	2458	2576	2575
2458	2459	2577	2576
2459	2460	2578	2577
2460	2461	2579	2578
2461	2462	2580	2579
2462	2463	2581	2580
2463	2464	2582	2581
2464	2465	2583	2582
2465	2466	2584	2583
2466	2467	2585	2584
2467	2468	2586	2585
2468	2469	2587	2586
2469	2470	2588	2587
2470	2471	2589	2588
2471	2472	2590	2589
2472	2473	2591	2590
2473	2474	2592	2591
2474	2475	2593	2592
2475	2476	2594	2593
2476	2477	2595	2594
2478	2479	2597	2596
2479	2480	2598	2597
2480	2481	2599	2598
2481	2482	2600	2599
2482	2483	2601	2600
2483	2484	2602	2601
2484	2485	2603	2602
2485	2486	2604	2603
2486	2487	2605	2604
2487	2488	2606	2605
2488	2489	2607	2606
2489	2490	2608	2607
2490	2491	2609	2608
2491	2492	2610	2609
2492	2493	2611	2610
2493	2494	2612	2611
2494	2495	2613	2612
2495	2496	2614	2613
2496	2497	2615	2614
2497	2498	2616	2615
2498	2499	2617	2616
2499	2500	2618	2617
2500	2501	2619	2618
2501	2502	2620	2619
2502	2503	2621	2620
2503	2504	2622	2621
2504	2505	2623	2622
2505	2506	2624	2623
2506	2507	2625	2624
2507	2508	2626	2625
2508	2509	2627	2626
2509	2510	2628	2627
2510	2511	2629	2628
2511	2512	2630	2629
2512	2513	2631	2630
2513	2514	2632	2631
2514	2515	2633	2632
2515	2516	2634	2633
2516	2517	2635	2634
2517	2518	2636	2635
2518	2519	2637	2636
2519	2520	2638	2637
2520	2521	2639	2638
2521	2522	2640	2639
2522	2523	2641	2640
2523	2524	2642	2641
2524	2525	2643	2642
2525	2526	2644	2643
2526	2527	2645	2644
2527	2528	2646	2645
2528	2529	2647	2646
2529	2530	2648	2647
2530	2531	2649	2648
2531	2532	2650	2649
2532	2533	2651	2650
2533	2534	2652	2651
2534	2535	2653	2652
2535	2536	2654	2653
2536	2537	2655	2654
2537	2538	2656	2655
2538	2539	2657	2656
2539	2540	2658	2657
2540	2541	2659	2658
2541	2542	2660	2659
2542	2543	2661	2660
2543	2544	2662	2661
2544	2545	2663	2662
2545	2546	2664	2663
2546	2547	2665	2664
2547	2548	2666	2665
2548	2549	2667	2666
2549	2550	2668	2667
2550	2551	2669	2668
2551	2552	2670	2669
2552	2553	2671	2670
2553	2554	2672	2671
2554	2555	2673	2672
2555	2556	2674	2673
2556	2557	2675	2674
2557	2558	2676	2675
2558	2559	2677	2676
2559	2560	2678	2677
2560	2561	2679	2678
2561	2562	2680	2679
2562	2563	2681	2680
2563	2564	2682	2681
2564	2565	2683	2682
2565	2566	2684	2683
2566	2567	2685	2684
2567	2568	2686	2685
2568	2569	2687	2686
2569	2570	2688	2687
2570	2571	2689	2688
2571	2572	2690	2689
2572	2573	2691	2690
2573	2574	2692	2691
2574	2575	2693	2692
2575	2576	2694	2693
2576	2577	2695	2694
2577	2578	2696	2695
2578	2579	2697	2696
2579	2580	2698	2697
2580	2581	2699	2698
2581	2582	2700	2699
2582	2583	2701	2700
2583	2584	2702	2701
2584	2585	2703	2702
2585	2586	2704	2703
2586	2587	2705	2704
2587	2588	2706	2705
2588	2589	2707	2706
2589	2590	2708	2707
2590	2591	2709	2708
2591	2592	2710	2709
2592	2593	2711	2710
2593	2594	2712	2711
2594	2595	2713	2712
2596	2597	2715	2714
2597	2598	2716	2715
2598	2599	2717	2716
2599	2600	2718	2717
2600	2601	2719	2718
2601	2602	2720	2719
2602	2603	2721	2720
2603	2604	2722	2721
2604	2605	2723	2722
2605	2606	2724	2723
2606	2607	2725	2724
2607	2608	2726	2725
2608	2609	2727	2726
2609	2610	2728	2727
2610	2611	2729	2728
2611	2612	2730	2729
2612	2613	2731	2730
2613	2614	2732	2731
2614	2615	2733	2732
2615	2616	2734	2733
2616	2617	2735	2734
2617	2618	2736	2735
2618	2619	2737	2736
2619	2620	2738	2737
2620	2621	2739	2738
2621	2622	2740	2739
2622	2623	2741	2740
2623	2624	2742	2741
2624	2625	2743	2742
2625	2626	2744	2743
2626	2627	2745	2744
2627	2628	2746	2745
2628	2629	2747	2746
2629	2630	2748	2747
2630	2631	2749	2748
2631	2632	2750	2749
2632	2633	2751	2750
2633	2634	2752	2751
2634	2635	2753	2752
2635	2636	2754	2753
2636	2637	2755	2754
2637	2638	2756	2755
2638	2639	2757	2756
2639	2640	2758	2757
2640	2641	2759	2758
2641	2642	2760	2759
2642	2643	2761	2760
2643	2644	2762	2761
2644	2645	2763	2762
2645	2646	2764	2763
2646	2647	2765	2764
2647	2648	2766	2765
2648	2649	2767	2766
2649	2650	2768	2767
2650	2651	2769	2768
2651	2652	2770	2769
2652	2653	2771	2770
2653	2654	2772	2771
2654	2655	2773	2772
2655	2656	2774	2773
2656	2657	2775	2774
2657	2658	2776	2775
2658	2659	2777	2776
2659	2660	2778	2777
2660	2661	2779	2778
2661	2662	2780	2779
2662	2663	2781	2780
2663	2664	2782	2781
2664	2665	2783	2782
2665	2666	2784	2783
2666	2667	2785	2784
2667	2668	2786	2785
2668	2669	2787	2786
2669	2670	2788	2787
2670	2671	2789	2788
2671	2672	2790	2789
2672	2673	2791	2790
2673	2674	2792	2791
2674	2675	2793	2792
2675	2676	2794	2793
2676	2677	2795	2794
2677	2678	2796	2795
2678	2679	2797	2796
2679	2680	2798	2797
2680	2681	2799	2798
2681	2682	2800	2799
2682	2683	2801	2800
2683	2684	2802	2801
2684	2685	2803	2802
2685	2686	2804	2803
2686	2687	2805	2804
2687	2688	2806	2805
2688	2689	2807	2806
2689	2690	2808	2807
2690	2691	2809	2808
2691	2692	2810	2809
2692	2693	2811	2810
2693	2694	2812	2811
2694	2695	2813	2812
2695	2696	2814	2813
2696	2697	2815	2814
2697	2698	2816	2815
2698	2699	2817	2816
2699	2700	2818	2817
2700	2701	2819	2818
2701	2702	2820	2819
2702	2703	2821	2820
2703	2704	2822	2821
2704	2705	2823	2822
2705	2706	2824	2823
2706	2707	2825	2824
2707	2708	2826	2825
2708	2709	2827	2826
2709	2710	2828	2827
2710	2711	2829	2828
2711	2712	2830	2829
2712	2713	2831	2830
2714	2715	2833	2832
2715	2716	2834	2833
2716	2717	2835	2834
2717	2718	2836	2835
2718	2719	2837	2836
2719	2720	2838	2837
2720	2721	2839	2838
2721	2722	2840	2839
2722	2723	2841	2840
2723	2724	2842	2841
2724	2725	2843	2842
2725	2726	2844	2843
2726	2727	2845	2844
2727	2728	2846	2845
2728	2729	2847	2846
2729	2730	2848	2847
2730	2731	2849	2848
2731	2732	2850	2849
2732	2733	2851	2850
2733	2734	2852	2851
2734	2735	2853	2852
2735	2736	2854	2853
2736	2737	2855	2854
2737	2738	2856	2855
2738	2739	2857	2856
2739	2740	2858	2857
2740	2741	2859	2858
2741	2742	2860	2859
2742	2743	2861	2860
2743	2744	2862	2861
2744	2745	2863	2862
2745	2746	2864	2863
2746	2747	2865	2864
2747	2748	2866	2865
2748	2749	2867	2866
2749	2750	2868	2867
2750	2751	2869	2868
2751	2752	2870	2869
2752	2753	2871	2870
2753	2754	2872	2871
2754	2755	2873	2872
2755	2756	2874	2873
2756	2757	2875	2874
2757	2758	2876	2875
2758	2759	2877	2876
2759	2760	2878	2877
2760	2761	2879	2878
2761	2762	2880	2879
2762	2763	2881	2880
2763	2764	2882	2881
2764	2765	2883	2882
2765	2766	2884	2883
2766	2767	2885	2884
2767	2768	2886	2885
2768	2769	2887	2886
2769	2770	2888	2887
2770	2771	2889	2888
2771	2772	2890	2889
2772	2773	2891	2890
2773	2774	2892	2891
2774	2775	2893	2892
2775	2776	2894	2893
2776	2777	2895	2894
2777	2778	2896	2895
2778	2779	2897	2896
2779	2780	2898	2897
2780	2781	2899	2898
2781	2782	2900	2899
2782	2783	2901	2900
2783	2784	2902	2901
2784	2785	2903	2902
2785	2786	2904	2903
2786	2787	2905	2904
2787	2788	2906	2905
2788	2789	2907	2906
2789	2790	2908	2907
2790	2791	2909	2908
2791	2792	2910	2909
2792	2793	2911	2910
2793	2794	2912	2911
2794	2795	2913	2912
2795	2796	2914	2913
2796	2797	2915	2914
2797	2798	2916	2915
2798	2799	2917	2916
2799	2800	2918	2917
2800	2801	2919	2918
2801	2802	2920	2919
2802	2803	2921	2920
2803	2804	2922	2921
2804	2805	2923	2922
2805	2806	2924	2923
2806	2807	2925	2924
2807	2808	2926	2925
2808	2809	2927	2926
2809	2810	2928	2927
2810	2811	2929	2928
2811	2812	2930	2929
2812	2813	2931	2930
2813	2814	2932	2931
2814	2815	2933	2932
2815	2816	2934	2933
2816	2817	2935	2934
2817	2818	2936	2935
2818	2819	2937	2936
2819	2820	2938	2937
2820	2821	2939	2938
2821	2822	2940	2939
2822	2823	2941	2940
2823	2824	2942	2941
2824	2825	2943	2942
2825	2826	2944	2943
2826	2827	2945	2944
2827	2828	2946	2945
2828	2829	2947	2946
2829	2830	2948	2947
2830	2831	2949	2948
2832	2833	2951	2950
2833	2834	2952	2951
2834	2835	2953	2952
2835	2836	2954	2953
2836	2837	2955	2954
2837	2838	2956	2955
2838	2839	2957	2956
2839	2840	2958	2957
2840	2841	2959	2958
2841	2842	2960	2959
2842	2843	2961	2960
2843	2844	2962	2961
2844	2845	2963	2962
2845	2846	2964	2963
2846	2847	2965	2964
2847	2848	2966	2965
2848	2849	2967	2966
2849	2850	2968	2967
2850	2851	2969	2968
2851	2852	2970	2969
2852	2853	2971	2970
2853	2854	2972	2971
2854	2855	2973	2972
2855	2856	2974	2973
2856	2857	2975	2974
2857	2858	2976	2975
2858	2859	2977	2976
2859	2860	2978	2977
2860	2861	2979	2978
2861	2862	2980	2979
2862	2863	2981	2980
2863	2864	2982	2981
2864	2865	2983	2982
2865	2866	2984	2983
2866	2867	2985	2984
2867	2868	2986	2985
2868	2869	2987	2986
2869	2870	2988	2987
2870	2871	2989	2988
2871	2872	2990	2989
2872	2873	2991	2990
2873	2874	2992	2991
2874	2875	2993	2992
2875	2876	2994	2993
2876	2877	2995	2994
2877	2878	2996	2995
2878	2879	2997	2996
2879	2880	2998	2997
2880	2881	2999	2998
2881	2882	3000	2999
2882	2883	3001	3000
2883	2884	3002	3001
2884	2885	3003	3002
2885	2886	3004	3003
2886	2887	3005	3004
2887	2888	3006	3005
2888	2889	3007	3006
2889	2890	3008	3007
2890	2891	3009	3008
2891	2892	3010	3009
2892	2893	3011	3010
2893	2894	3012	3011
2894	2895	3013	3012
2895	2896	3014	3013
2896	2897	3015	3014
2897	2898	3016	3015
2898	2899	3017	3016
2899	2900	3018	3017
2900	2901	3019	3018
2901	2902	3020	3019
2902	2903	3021	3020
2903	2904	3022	3021
2904	2905	3023	3022
2905	2906	3024	3023
2906	2907	3025	3024
2907	2908	3026	3025
2908	2909	3027	3026
2909	2910	3028	3027
2910	2911	3029	3028
2911	2912	3030	3029
2912	2913	3031	3030
2913	2914	3032	3031
2914	2915	3033	3032
2915	2916	3034	3033
2916	2917	3035	3034
2917	2918	3036	3035
2918	2919	3037	3036
2919	2920	3038	3037
2920	2921	3039	3038
2921	2922	3040	3039
2922	2923	3041	3040
2923	2924	3042	3041
2924	2925	3043	3042
2925	2926	3044	3043
2926	2927	3045	3044
2927	2928	3046	3045
2928	2929	3047	3046
2929	2930	3048	3047
2930	2931	3049	3048
2931	2932	3050	3049
2932	2933	3051	3050
2933	2934	3052	3051
2934	2935	3053	3052
2935	2936	3054	3053
2936	2937	3055	3054
2937	2938	3056	3055
2938	2939	3057	3056
2939	2940	3058	3057
2940	2941	3059	3058
2941	2942	3060	3059
2942	2943	3061	3060
2943	2944	3062	3061
2944	2945	3063	3062
2945	2946	3064	3063
2946	2947	3065	3064
2947	2948	3066	3065
2948	2949	3067	3066
2950	2951	3069	3068
2951	2952	3070	3069
2952	2953	3071	3070
2953	2954	3072	3071
2954	2955	3073	3072
2955	2956	3074	3073
2956	2957	3075	3074
2957	2958	3076	3075
2958	2959	3077	3076
2959	2960	3078	3077
2960	2961	3079	3078
2961	2962	3080	3079
2962	2963	3081	3080
2963	2964	3082	3081
2964	2965	3083	3082
2965	2966	3084	3083
2966	2967	3085	3084
2967	2968	3086	3085
2968	2969	3087	3086
2969	2970	3088	3087
2970	2971	3089	3088
2971	2972	3090	3089
2972	2973	3091	3090
2973	2974	3092	3091
2974	2975	3093	3092
2975	2976	3094	3093
2976	2977	3095	3094
2977	2978	3096	3095
2978	2979	3097	3096
2979	2980	3098	3097
2980	2981	3099	3098
2981	2982	3100	3099
2982	2983	3101	3100
2983	2984	3102	3101
2984	2985	3103	3102
2985	2986	3104	3103
2986	2987	3105	3104
2987	2988	3106	3105
2988	2989	3107	3106
2989	2990	3108	3107
2990	2991	3109	3108
2991	2992	3110	3109
2992	2993	3111	3110
2993	2994	3112	3111
2994	2995	3113	3112
2995	2996	3114	3113
2996	2997	3115	3114
2997	2998	3116	3115
2998	2999	3117	3116
2999	3000	3118	3117
3000	3001	3119	3118
3001	3002	3120	3119
3002	3003	3121	3120
3003	3004	3122	3121
3004	3005	3123	3122
3005	3006	3124	3123
3006	3007	3125	3124
3007	3008	3126	3125
3008	3009	3127	3126
3009	3010	3128	3127
3010	3011	3129	3128
3011	3012	3130	3129
3012	3013	3131	3130
3013	3014	3132	3131
3014	3015	3133	3132
3015	3016	3134	3133
3016	3017	3135	3134
3017	3018	3136	3135
3018	3019	3137	3136
3019	3020	3138	3137
3020	3021	3139	3138
3021	3022	3140	3139
3022	3023	3141	3140
3023	3024	3142	3141
3024	3025	3143	3142
3025	3026	3144	3143
3026	3027	3145	3144
3027	3028	3146	3145
3028	3029	3147	3146
3029	3030	3148	3147
3030	3031	3149	3148
3031	3032	3150	3149
3032	3033	3151	3150
3033	3034	3152	3151
3034	3035	3153	3152
3035	3036	3154	3153
3036	3037	3155	3154
3037	3038	3156	3155
3038	3039	3157	3156
3039	3040	3158	3157
3040	3041	3159	3158
3041	3042	3160	3159
3042	3043	3161	3160
3043	3044	3162	3161
3044	3045	3163	3162
3045	3046	3164	3163
3046	3047	3165	3164
3047	3048	3166	3165
3048	3049	3167	3166
3049	3050	3168	3167
3050	3051	3169	3168
3051	3052	3170	3169
3052	3053	3171	3170
3053	3054	3172	3171
3054	3055	3173	3172
3055	3056	3174	3173
3056	3057	3175	3174
3057	3058	3176	3175
3058	3059	3177	3176
3059	3060	3178	3177
3060	3061	3179	3178
3061	3062	3180	3179
3062	3063	3181	3180
3063	3064	3182	3181
3064	3065	3183	3182
3065	3066	3184	3183
3066	3067	3185	3184
3068	3069	3187	3186
3069	3070	3188	3187
3070	3071	3189	3188
3071	3072	3190	3189
3072	3073	3191	3190
3073	3074	3192	3191
3074	3075	3193	3192
3075	3076	3194	3193
3076	3077	3195	3194
3077	3078	3196	3195
3078	3079	3197	3196
3079	3080	3198	3197
3080	3081	3199	3198
3081	3082	3200	3199
3082	3083	3201	3200
3083	3084	3202	3201
3084	3085	3203	3202
3085	3086	3204	3203
3086	3087	3205	3204
3087	3088	3206	3205
3088	3089	3207	3206
3089	3090	3208	3207
3090	3091	3209	3208
3091	3092	3210	3209
3092	3093	3211	3210
3093	3094	3212	3211
3094	3095	3213	3212
3095	3096	3214	3213
3096	3097	3215	3214
3097	3098	3216	3215
3098	3099	3217	3216
3099	3100	3218	3217
3100	3101	3219	3218
3101	3102	3220	3219
3102	3103	3221	3220
3103	3104	3222	3221
3104	3105	3223	3222
3105	3106	3224	3223
3106	3107	3225	3224
3107	3108	3226	3225
3108	3109	3227	3226
3109	3110	3228	3227
3110	3111	3229	3228
3111	3112	3230	3229
3112	3113	3231	3230
3113	3114	3232	3231
3114	3115	3233	3232
3115	3116	3234	3233
3116	3117	3235	3234
3117	3118	3236	3235
3118	3119	3237	3236
3119	3120	3238	3237
3120	3121	3239	3238
3121	3122	3240	3239
3122	3123	3241	3240
3123	3124	3242	3241
3124	3125	3243	3242
3125	3126	3244	3243
3126	3127	3245	3244
3127	3128	3246	3245
3128	3129	3247	3246
3129	3130	3248	3247
3130	3131	3249	3248
3131	3132	3250	3249
3132	3133	3251	3250
3133	3134	3252	3251
3134	3135	3253	3252
3135	3136	3254	3253
3136	3137	3255	3254
3137	3138	3256	3255
3138	3139	3257	3256
3139	3140	3258	3257
3140	3141	3259	3258
3141	3142	3260	3259
3142	3143	3261	3260
3143	3144	3262	3261
3144	3145	3263	3262
3145	3146	3264	3263
3146	3147	3265	3264
3147	3148	3266	3265
3148	3149	3267	3266
3149	3150	3268	3267
3150	3151	3269	3268
3151	3152	3270	3269
3152	3153	3271	3270
3153	3154	3272	3271
3154	3155	3273	3272
3155	3156	3274	3273
3156	3157	3275	3274
3157	3158	3276	3275
3158	3159	3277	3276
3159	3160	3278	3277
3160	3161	3279	3278
3161	3162	3280	3279
3162	3163	3281	3280
3163	3164	3282	3281
3164	3165	3283	3282
3165	3166	3284	3283
3166	3167	3285	3284
3167	3168	3286	3285
3168	3169	3287	3286
3169	3170	3288	3287
3170	3171	3289	3288
3171	3172	3290	3289
3172	3173	3291	3290
3173	3174	3292	3291
3174	3175	3293	3292
3175	3176	3294	3293
3176	3177	3295	3294
3177	3178	3296	3295
3178	3179	3297	3296
3179	3180	3298	3297
3180	3181	3299	3298
3181	3182	3300	3299
3182	3183	3301	3300
3183	3184	3302	3301
3184	3185	3303	3302
3186	3187	3305	3304
3187	3188	3306	3305
3188	3189	3307	3306
3189	3190	3308	3307
3190	3191	3309	3308
3191	3192	3310	3309
3192	3193	3311	3310
3193	3194	3312	3311
3194	3195	3313	3312
3195	3196	3314	3313
3196	3197	3315	3314
3197	3198	3316	3315
3198	3199	3317	3316
3199	3200	3318	3317
3200	3201	3319	3318
3201	3202	3320	3319
3202	3203	3321	3320
3203	3204	3322	3321
3204	3205	3323	3322
3205	3206	3324	3323
3206	3207	3325	3324
3207	3208	3326	3325
3208	3209	3327	3326
3209	3210	3328	3327
3210	3211	3329	3328
3211	3212	3330	3329
3212	3213	3331	3330
3213	3214	3332	3331
3214	3215	3333	3332
3215	3216	3334	3333
3216	3217	3335	3334
3217	3218	3336	3335
3218	3219	3337	3336
3219	3220	3338	3337
3220	3221	3339	3338
3221	3222	3340	3339
3222	3223	3341	3340
3223	3224	3342	3341
3224	3225	3343	3342
3225	3226	3344	3343
3226	3227	3345	3344
3227	3228	3346	3345
3228	3229	3347	3346
3229	3230	3348	3347
3230	3231	3349	3348
3231	3232	3350	3349
3232	3233	3351	3350
3233	3234	3352	3351
3234	3235	3353	3352
3235	3236	3354	3353
3236	3237	3355	3354
3237	3238	3356	3355
3238	3239	3357	3356
3239	3240	3358	3357
3240	3241	3359	3358
3241	3242	3360	3359
3242	3243	3361	3360
3243	3244	3362	3361
3244	3245	3363	3362
3245	3246	3364	3363
3246	3247	3365	3364
3247	3248	3366	3365
3248	3249	3367	3366
3249	3250	3368	3367
3250	3251	3369	3368
3251	3252	3370	3369
3252	3253	3371	3370
3253	3254	3372	3371
3254	3255	3373	3372
3255	3256	3374	3373
3256	3257	3375	3374
3257	3258	3376	3375
3258	3259	3377	3376
3259	3260	3378	3377
3260	3261	3379	3378
3261	3262	3380	3379
3262	3263	3381	3380
3263	3264	3382	3381
3264	3265	3383	3382
3265	3266	3384	3383
3266	3267	3385	3384
3267	3268	3386	3385
3268	3269	3387	3386
3269	3270	3388	3387
3270	3271	3389	3388
3271	3272	3390	3389
3272	3273	3391	3390
3273	3274	3392	3391
3274	3275	3393	3392
3275	3276	3394	3393
3276	3277	3395	3394
3277	3278	3396	3395
3278	3279	3397	3396
3279	3280	3398	3397
3280	3281	3399	3398
3281	3282	3400	3399
3282	3283	3401	3400
3283	3284	3402	3401
3284	3285	3403	3402
3285	3286	3404	3403
3286	3287	3405	3404
3287	3288	3406	3405
3288	3289	3407	3406
3289	3290	3408	3407
3290	3291	3409	3408
3291	3292	3410	3409
3292	3293	3411	3410
3293	3294	3412	3411
3294	3295	3413	3412
3295	3296	3414	3413
3296	3297	3415	3414
3297	3298	3416	3415
3298	3299	3417	3416
3299	3300	3418	3417
3300	3301	3419	3418
3301	3302	3420	3419
3302	3303	3421	3420
3304	3305	3423	3422
3305	3306	3424	3423
3306	3307	3425	3424
3307	3308	3426	3425
3308	3309	3427	3426
3309	3310	3428	3427
3310	3311	3429	3428
3311	3312	3430	3429
3312	3313	3431	3430
3313	3314	3432	3431
3314	3315	3433	3432
3315	3316	3434	3433
3316	3317	3435	3434
3317	3318	3436	3435
3318	3319	3437	3436
3319	3320	3438	3437
3320	3321	3439	3438
3321	3322	3440	3439
3322	3323	3441	3440
3323	3324	3442	3441
3324	3325	3443	3442
3325	3326	3444	3443
3326	3327	3445	3444
3327	3328	3446	3445
3328	3329	3447	3446
3329	3330	3448	3447
3330	3331	3449	3448
3331	3332	3450	3449
3332	3333	3451	3450
3333	3334	3452	3451
3334	3335	3453	3452
3335	3336	3454	3453
3336	3337	3455	3454
3337	3338	3456	3455
3338	3339	3457	3456
3339	3340	3458	3457
3340	3341	3459	3458
3341	3342	3460	3459
3342	3343	3461	3460
3343	3344	3462	3461
3344	3345	3463	3462
3345	3346	3464	3463
3346	3347	3465	3464
3347	3348	3466	3465
3348	3349	3467	3466
3349	3350	3468	3467
3350	3351	3469	3468
3351	3352	3470	3469
3352	3353	3471	3470
3353	3354	3472	3471
3354	3355	3473	3472
3355	3356	3474	3473
3356	3357	3475	3474
3357	3358	3476	3475
3358	3359	3477	3476
3359	3360	3478	3477
3360	3361	3479	3478
3361	3362	3480	3479
3362	3363	3481	3480
3363	3364	3482	3481
3364	3365	3483	3482
3365	3366	3484	3483
3366	3367	3485	3484
3367	3368	3486	3485
3368	3369	3487	3486
3369	3370	3488	3487
3370	3371	3489	3488
3371	3372	3490	3489
3372	3373	3491	3490
3373	3374	3492	3491
3374	3375	3493	3492
3375	3376	3494	3493
3376	3377	3495	3494
3377	3378	3496	3495
3378	3379	3497	3496
3379	3380	3498	3497
3380	3381	3499	3498
3381	3382	3500	3499
3382	3383	3501	3500
3383	3384	3502	3501
3384	3385	3503	3502
3385	3386	3504	3503
3386	3387	3505	3504
3387	3388	3506	3505
3388	3389	3507	3506
3389	3390	3508	3507
3390	3391	3509	3508
3391	3392	3510	3509
3392	3393	3511	3510
3393	3394	3512	3511
3394	3395	3513	3512
3395	3396	3514	3513
3396	3397	3515	3514
3397	3398	3516	3515
3398	3399	3517	3516
3399	3400	3518	3517
3400	3401	3519	3518
3401	3402	3520	3519
3402	3403	3521	3520
3403	3404	3522	3521
3404	3405	3523	3522
3405	3406	3524	3523
3406	3407	3525	3524
3407	3408	3526	3525
3408	3409	3527	3526
3409	3410	3528	3527
3410	3411	3529	3528
3411	3412	3530	3529
3412	3413	3531	3530
3413	3414	3532	3531
3414	3415	3533	3532
3415	3416	3534	3533
3416	3417	3535	3534
3417	3418	3536	3535
3418	3419	3537	3536
3419	3420	3538	3537
3420	3421	3539	3538
3422	3423	3541	3540
3423	3424	3542	3541
3424	3425	3543	3542
3425	3426	3544	3543
3426	3427	3545	3544
3427	3428	3546	3545
3428	3429	3547	3546
3429	3430	3548	3547
3430	3431	3549	3548
3431	3432	3550	3549
3432	3433	3551	3550
3433	3434	3552	3551
3434	3435	3553	3552
3435	3436	3554	3553
3436	3437	3555	3554
3437	3438	3556	3555
3438	3439	3557	3556
3439	3440	3558	3557
3440	3441	3559	3558
3441	3442	3560	3559
3442	3443	3561	3560
3443	3444	3562	3561
3444	3445	3563	3562
3445	3446	3564	3563
3446	3447	3565	3564
3447	3448	3566	3565
3448	3449	3567	3566
3449	3450	3568	3567
3450	3451	3569	3568
3451	3452	3570	3569
3452	3453	3571	3570
3453	3454	3572	3571
3454	3455	3573	3572
3455	3456	3574	3573
3456	3457	3575	3574
3457	3458	3576	3575
3458	3459	3577	3576
3459	3460	3578	3577
3460	3461	3579	3578
3461	3462	3580	3579
3462	3463	3581	3580
3463	3464	3582	3581
3464	3465	3583	3582
3465	3466	3584	3583
3466	3467	3585	3584
3467	3468	3586	3585
3468	3469	3587	3586
3469	3470	3588	3587
3470	3471	3589	3588
3471	3472	3590	3589
3472	3473	3591	3590
3473	3474	3592	3591
3474	3475	3593	3592
3475	3476	3594	3593
3476	3477	3595	3594
3477	3478	3596	3595
3478	3479	3597	3596
3479	3480	3598	3597
3480	3481	3599	3598
3481	3482	3600	3599
3482	3483	3601	3600
3483	3484	3602	3601
3484	3485	3603	3602
3485	3486	3604	3603
3486	3487	3605	3604
3487	3488	3606	3605
3488	3489	3607	3606
3489	3490	3608	3607
3490	3491	3609	3608
3491	3492	3610	3609
3492	3493	3611	3610
3493	3494	3612	3611
3494	3495	3613	3612
3495	3496	3614	3613
3496	3497	3615	3614
3497	3498	3616	3615
3498	3499	3617	3616
3499	3500	3618	3617
3500	3501	3619	3618
3501	3502	3620	3619
3502	3503	3621	3620
3503	3504	3622	3621
3504	3505	3623	3622
3505	3506	3624	3623
3506	3507	3625	3624
3507	3508	3626	3625
3508	3509	3627	3626
3509	3510	3628	3627
3510	3511	3629	3628
3511	3512	3630	3629
3512	3513	3631	3630
3513	3514	3632	3631
3514	3515	3633	3632
3515	3516	3634	3633
3516	3517	3635	3634
3517	3518	3636	3635
3518	3519	3637	3636
3519	3520	3638	3637
3520	3521	3639	3638
3521	3522	3640	3639
3522	3523	3641	3640
3523	3524	3642	3641
3524	3525	3643	3642
3525	3526	3644	3643
3526	3527	3645	3644
3527	3528	3646	3645
3528	3529	3647	3646
3529	3530	3648	3647
3530	3531	3649	3648
3531	3532	3650	3649
3532	3533	3651	3650
3533	3534	3652	3651
3534	3535	3653	3652
3535	3536	3654	3653
3536	3537	3655	3654
3537	3538	3656	3655
3538	3539	3657	3656
3540	3541	3659	3658
3541	3542	3660	3659
3542	3543	3661	3660
3543	3544	3662	3661
3544	3545	3663	3662
3545	3546	3664	3663
3546	3547	3665	3664
3547	3548	3666	3665
3548	3549	3667	3666
3549	3550	3668	3667
3550	3551	3669	3668
3551	3552	3670	3669
3552	3553	3671	3670
3553	3554	3672	3671
3554	3555	3673	3672
3555	3556	3674	3673
3556	3557	3675	3674
3557	3558	3676	3675
3558	3559	3677	3676
3559	3560	3678	3677
3560	3561	3679	3678
3561	3562	3680	3679
3562	3563	3681	3680
3563	3564	3682	3681
3564	3565	3683	3682
3565	3566	3684	3683
3566	3567	3685	3684
3567	3568	3686	3685
3568	3569	3687	3686
3569	3570	3688	3687
3570	3571	3689	3688
3571	3572	3690	3689
3572	3573	3691	3690
3573	3574	3692	3691
3574	3575	3693	3692
3575	3576	3694	3693
3576	3577	3695	3694
3577	3578	3696	3695
3578	3579	3697	3696
3579	3580	3698	3697
3580	3581	3699	3698
3581	3582	3700	3699
3582	3583	3701	3700
3583	3584	3702	3701
3584	3585	3703	3702
3585	3586	3704	3703
3586	3587	3705	3704
3587	3588	3706	3705
3588	3589	3707	3706
3589	3590	3708	3707
3590	3591	3709	3708
3591	3592	3710	3709
3592	3593	3711	3710
3593	3594	3712	3711
3594	3595	3713	3712
3595	3596	3714	3713
3596	3597	3715	3714
3597	3598	3716	3715
3598	3599	3717	3716
3599	3600	3718	3717
3600	3601	3719	3718
3601	3602	3720	3719
3602	3603	3721	3720
3603	3604	3722	3721
3604	3605	3723	3722
3605	3606	3724	3723
3606	3607	3725	3724
3607	3608	3726	3725
3608	3609	3727	3726
3609	3610	3728	3727
3610	3611	3729	3728
3611	3612	3730	3729
3612	3613	3731	3730
3613	3614	3732	3731
3614	3615	3733	3732
3615	3616	3734	3733
3616	3617	3735	3734
3617	3618	3736	3735
3618	3619	3737	3736
3619	3620	3738	3737
3620	3621	3739	3738
3621	3622	3740	3739
3622	3623	3741	3740
3623	3624	3742	3741
3624	3625	3743	3742
3625	3626	3744	3743
3626	3627	3745	3744
3627	3628	3746	3745
3628	3629	3747	3746
3629	3630	3748	3747
3630	3631	3749	3748
3631	3632	3750	3749
3632	3633	3751	3750
3633	3634	3752	3751
3634	3635	3753	3752
3635	3636	3754	3753
3636	3637	3755	3754
3637	3638	3756	3755
3638	3639	3757	3756
3639	3640	3758	3757
3640	3641	3759	3758
3641	3642	3760	3759
3642	3643	3761	3760
3643	3644	3762	3761
3644	3645	3763	3762
3645	3646	3764	3763
3646	3647	3765	3764
3647	3648	3766	3765
3648	3649	3767	3766
3649	3650	3768	3767
3650	3651	3769	3768
3651	3652	3770	3769
3652	3653	3771	3770
3653	3654	3772	3771
3654	3655	3773	3772
3655	3656	3774	3773
3656	3657	3775	3774
3658	3659	3777	3776
3659	3660	3778	3777
3660	3661	3779	3778
3661	3662	3780	3779
3662	3663	3781	3780
3663	3664	3782	3781
3664	3665	3783	3782
3665	3666	3784	3783
3666	3667	3785	3784
3667	3668	3786	3785
3668	3669	3787	3786
3669	3670	3788	3787
3670	3671	3789	3788
3671	3672	3790	3789
3672	3673	3791	3790
3673	3674	3792	3791
3674	3675	3793	3792
3675	3676	3794	3793
3676	3677	3795	3794
3677	3678	3796	3795
3678	3679	3797	3796
3679	3680	3798	3797
3680	3681	3799	3798
3681	3682	3800	3799
3682	3683	3801	3800
3683	3684	3802	3801
3684	3685	3803	3802
3685	3686	3804	3803
3686	3687	3805	3804
3687	3688	3806	3805
3688	3689	3807	3806
3689	3690	3808	3807
3690	3691	3809	3808
3691	3692	3810	3809
3692	3693	3811	3810
3693	3694	3812	3811
3694	3695	3813	3812
3695	3696	3814	3813
3696	3697	3815	3814
3697	3698	3816	3815
3698	3699	3817	3816
3699	3700	3818	3817
3700	3701	3819	3818
3701	3702	3820	3819
3702	3703	3821	3820
3703	3704	3822	3821
3704	3705	3823	3822
3705	3706	3824	3823
3706	3707	3825	3824
3707	3708	3826	3825
3708	3709	3827	3826
3709	3710	3828	3827
3710	3711	3829	3828
3711	3712	3830	3829
3712	3713	3831	3830
3713	3714	3832	3831
3714	3715	3833	3832
3715	3716	3834	3833
3716	3717	3835	3834
3717	3718	3836	3835
3718	3719	3837	3836
3719	3720	3838	3837
3720	3721	3839	3838
3721	3722	3840	3839
3722	3723	3841	3840
3723	3724	3842	3841
3724	3725	3843	3842
3725	3726	3844	3843
3726	3727	3845	3844
3727	3728	3846	3845
3728	3729	3847	3846
3729	3730	3848	3847
3730	3731	3849	3848
3731	3732	3850	3849
3732	3733	3851	3850
3733	3734	3852	3851
3734	3735	3853	3852
3735	3736	3854	3853
3736	3737	3855	3854
3737	3738	3856	3855
3738	3739	3857	3856
3739	3740	3858	3857
3740	3741	3859	3858
3741	3742	3860	3859
3742	3743	3861	3860
3743	3744	3862	3861
3744	3745	3863	3862
3745	3746	3864	3863
3746	3747	3865	3864
3747	3748	3866	3865
3748	3749	3867	3866
3749	3750	3868	3867
3750	3751	3869	3868
3751	3752	3870	3869
3752	3753	3871	3870
3753	3754	3872	3871
3754	3755	3873	3872
3755	3756	3874	3873
3756	3757	3875	3874
3757	3758	3876	3875
3758	3759	3877	3876
3759	3760	3878	3877
3760	3761	3879	3878
3761	3762	3880	3879
3762	3763	3881	3880
3763	3764	3882	3881
3764	3765	3883	3882
3765	3766	3884	3883
3766	3767	3885	3884
3767	3768	3886	3885
3768	3769	3887	3886
3769	3770	3888	3887
3770	3771	3889	3888
3771	3772	3890	3889
3772	3773	3891	3890
3773	3774	3892	3891
3774	3775	3893	3892
3776	3777	3895	3894
3777	3778	3896	3895
3778	3779	3897	3896
3779	3780	3898	3897
3780	3781	3899	3898
3781	3782	3900	3899
3782	3783	3901	3900
3783	3784	3902	3901
3784	3785	3903	3902
3785	3786	3904	3903
3786	3787	3905	3904
3787	3788	3906	3905
3788	3789	3907	3906
3789	3790	3908	3907
3790	3791	3909	3908
3791	3792	3910	3909
3792	3793	3911	3910
3793	3794	3912	3911
3794	3795	3913	3912
3795	3796	3914	3913
3796	3797	3915	3914
3797	3798	3916	3915
3798	3799	3917	3916
3799	3800	3918	3917
3800	3801	3919	3918
3801	3802	3920	3919
3802	3803	3921	3920
3803	3804	3922	3921
3804	3805	3923	3922
3805	3806	3924	3923
3806	3807	3925	3924
3807	3808	3926	3925
3808	3809	3927	3926
3809	3810	3928	3927
3810	3811	3929	3928
3811	3812	3930	3929
3812	3813	3931	3930
3813	3814	3932	3931
3814	3815	3933	3932
3815	3816	3934	3933
3816	3817	3935	3934
3817	3818	3936	3935
3818	3819	3937	3936
3819	3820	3938	3937
3820	3821	3939	3938
3821	3822	3940	3939
3822	3823	3941	3940
3823	3824	3942	3941
3824	3825	3943	3942
3825	3826	3944	3943
3826	3827	3945	3944
3827	3828	3946	3945
3828	3829	3947	3946
3829	3830	3948	3947
3830	3831	3949	3948
3831	3832	3950	3949
3832	3833	3951	3950
3833	3834	3952	3951
3834	3835	3953	3952
3835	3836	3954	3953
3836	3837	3955	3954
3837	3838	3956	3955
3838	3839	3957	3956
3839	3840	3958	3957
3840	3841	3959	3958
3841	3842	3960	3959
3842	3843	3961	3960
3843	3844	3962	3961
3844	3845	3963	3962
3845	3846	3964	3963
3846	3847	3965	3964
3847	3848	3966	3965
3848	3849	3967	3966
3849	3850	3968	3967
3850	3851	3969	3968
3851	3852	3970	3969
3852	3853	3971	3970
3853	3854	3972	3971
3854	3855	3973	3972
3855	3856	3974	3973
3856	3857	3975	3974
3857	3858	3976	3975
3858	3859	3977	3976
3859	3860	3978	3977
3860	3861	3979	3978
3861	3862	3980	3979
3862	3863	3981	3980
3863	3864	3982	3981
3864	3865	3983	3982
3865	3866	3984	3983
3866	3867	3985	3984
3867	3868	3986	3985
3868	3869	3987	3986
3869	3870	3988	3987
3870	3871	3989	3988
3871	3872	3990	3989
3872	3873	3991	3990
3873	3874	3992	3991
3874	3875	3993	3992
3875	3876	3994	3993
3876	3877	3995	3994
3877	3878	3996	3995
3878	3879	3997	3996
3879	3880	3998	3997
3880	3881	3999	3998
3881	3882	4000	3999
3882	3883	4001	4000
3883	3884	4002	4001
3884	3885	4003	4002
3885	3886	4004	4003
3886	3887	4005	4004
3887	3888	4006	4005
3888	3889	4007	4006
3889	3890	4008	4007
3890	3891	4009	4008
3891	3892	4010	4009
3892	3893	4011	4010
3894	3895	4013	4012
3895	3896	4014	4013
3896	3897	4015	4014
3897	3898	4016	4015
3898	3899	4017	4016
3899	3900	4018	4017
3900	3901	4019	4018
3901	3902	4020	4019
3902	3903	4021	4020
3903	3904	4022	4021
3904	3905	4023	4022
3905	3906	4024	4023
3906	3907	4025	4024
3907	3908	4026	4025
3908	3909	4027	4026
3909	3910	4028	4027
3910	3911	4029	4028
3911	3912	4030	4029
3912	3913	4031	4030
3913	3914	4032	4031
3914	3915	4033	4032
3915	3916	4034	4033
3916	3917	4035	4034
3917	3918	4036	4035
3918	3919	4037	4036
3919	3920	4038	4037
3920	3921	4039	4038
3921	3922	4040	4039
3922	3923	4041	4040
3923	3924	4042	4041
3924	3925	4043	4042
3925	3926	4044	4043
3926	3927	4045	4044
3927	3928	4046	4045
3928	3929	4047	4046
3929	3930	4048	4047
3930	3931	4049	4048
3931	3932	4050	4049
3932	3933	4051	4050
3933	3934	4052	4051
3934	3935	4053	4052
3935	3936	4054	4053
3936	3937	4055	4054
3937	3938	4056	4055
3938	3939	4057	4056
3939	3940	4058	4057
3940	3941	4059	4058
3941	3942	4060	4059
3942	3943	4061	4060
3943	3944	4062	4061
3944	3945	4063	4062
3945	3946	4064	4063
3946	3947	4065	4064
3947	3948	4066	4065
3948	3949	4067	4066
3949	3950	4068	4067
3950	3951	4069	4068
3951	3952	4070	4069
3952	3953	4071	4070
3953	3954	4072	4071
3954	3955	4073	4072
3955	3956	4074	4073
3956	3957	4075	4074
3957	3958	4076	4075
3958	3959	4077	4076
3959	3960	4078	4077
3960	3961	4079	4078
3961	3962	4080	4079
3962	3963	4081	4080
3963	3964	4082	4081
3964	3965	4083	4082
3965	3966	4084	4083
3966	3967	4085	4084
3967	3968	4086	4085
3968	3969	4087	4086
3969	3970	4088	4087
3970	3971	4089	4088
3971	3972	4090	4089
3972	3973	4091	4090
3973	3974	4092	4091
3974	3975	4093	4092
3975	3976	4094	4093
3976	3977	4095	4094
3977	3978	4096	4095
3978	3979	4097	4096
3979	3980	4098	4097
3980	3981	4099	4098
3981	3982	4100	4099
3982	3983	4101	4100
3983	3984	4102	4101
3984	3985	4103	4102
3985	3986	4104	4103
3986	3987	4105	4104
3987	3988	4106	4105
3988	3989	4107	4106
3989	3990	4108	4107
3990	3991	4109	4108
3991	3992	4110	4109
3992	3993	4111	4110
3993	3994	4112	4111
3994	3995	4113	4112
3995	3996	4114	4113
3996	3997	4115	4114
3997	3998	4116	4115
3998	3999	4117	4116
3999	4000	4118	4117
4000	4001	4119	4118
4001	4002	4120	4119
4002	4003	4121	4120
4003	4004	4122	4121
4004	4005	4123	4122
4005	4006	4124	4123
4006	4007	4125	4124
4007	4008	4126	4125
4008	4009	4127	4126
4009	4010	4128	4127
4010	4011	4129	4128
4012	4013	4131	4130
4013	4014	4132	4131
4014	4015	4133	4132
4015	4016	4134	4133
4016	4017	4135	4134
4017	4018	4136	4135
4018	4019	4137	4136
4019	4020	4138	4137
4020	4021	4139	4138
4021	4022	4140	4139
4022	4023	4141	4140
4023	4024	4142	4141
4024	4025	4143	4142
4025	4026	4144	4143
4026	4027	4145	4144
4027	4028	4146	4145
4028	4029	4147	4146
4029	4030	4148	4147
4030	4031	4149	4148
4031	4032	4150	4149
4032	4033	4151	4150
4033	4034	4152	4151
4034	4035	4153	4152
4035	4036	4154	4153
4036	4037	4155	4154
4037	4038	4156	4155
4038	4039	4157	4156
4039	4040	4158	4157
4040	4041	4159	4158
4041	4042	4160	4159
4042	4043	4161	4160
4043	4044	4162	4161
4044	4045	4163	4162
4045	4046	4164	4163
4046	4047	4165	4164
4047	4048	4166	4165
4048	4049	4167	4166
4049	4050	4168	4167
4050	4051	4169	4168
4051	4052	4170	4169
4052	4053	4171	4170
4053	4054	4172	4171
4054	4055	4173	4172
4055	4056	4174	4173
4056	4057	4175	4174
4057	4058	4176	4175
4058	4059	4177	4176
4059	4060	4178	4177
4060	4061	4179	4178
4061	4062	4180	4179
4062	4063	4181	4180
4063	4064	4182	4181
4064	4065	4183	4182
4065	4066	4184	4183
4066	4067	4185	4184
4067	4068	4186	4185
4068	4069	4187	4186
4069	4070	4188	4187
4070	4071	4189	4188
4071	4072	4190	4189
4072	4073	4191	4190
4073	4074	4192	4191
4074	4075	4193	4192
4075	4076	4194	4193
4076	4077	4195	4194
4077	4078	4196	4195
4078	4079	4197	4196
4079	4080	4198	4197
4080	4081	4199	4198
4081	4082	4200	4199
4082	4083	4201	4200
4083	4084	4202	4201
4084	4085	4203	4202
4085	4086	4204	4203
4086	4087	4205	4204
4087	4088	4206	4205
4088	4089	4207	4206
4089	4090	4208	4207
4090	4091	4209	4208
4091	4092	4210	4209
4092	4093	4211	4210
4093	4094	4212	4211
4094	4095	4213	4212
4095	4096	4214	4213
4096	4097	4215	4214
4097	4098	4216	4215
4098	4099	4217	4216
4099	4100	4218	4217
4100	4101	4219	4218
4101	4102	4220	4219
4102	4103	4221	4220
4103	4104	4222	4221
4104	4105	4223	4222
4105	4106	4224	4223
4106	4107	4225	4224
4107	4108	4226	4225
4108	4109	4227	4226
4109	4110	4228	4227
4110	4111	4229	4228
4111	4112	4230	4229
4112	4113	4231	4230
4113	4114	4232	4231
4114	4115	4233	4232
4115	4116	4234	4233
4116	4117	4235	4234
4117	4118	4236	4235
4118	4119	4237	4236
4119	4120	4238	4237
4120	4121	4239	4238
4121	4122	4240	4239
4122	4123	4241	4240
4123	4124	4242	4241
4124	4125	4243	4242
4125	4126	4244	4243
4126	4127	4245	4244
4127	4128	4246	4245
4128	4129	4247	4246
4130	4131	4249	4248
4131	4132	4250	4249
4132	4133	4251	4250
4133	4134	4252	4251
4134	4135	4253	4252
4135	4136	4254	4253
4136	4137	4255	4254
4137	4138	4256	4255
4138	4139	4257	4256
4139	4140	4258	4257
4140	4141	4259	4258
4141	4142	4260	4259
4142	4143	4261	4260
4143	4144	4262	4261
4144	4145	4263	4262
4145	4146	4264	4263
4146	4147	4265	4264
4147	4148	4266	4265
4148	4149	4267	4266
4149	4150	4268	4267
4150	4151	4269	4268
4151	4152	4270	4269
4152	4153	4271	4270
4153	4154	4272	4271
4154	4155	4273	4272
4155	4156	4274	4273
4156	4157	4275	4274
4157	4158	4276	4275
4158	4159	4277	4276
4159	4160	4278	4277
4160	4161	4279	4278
4161	4162	4280	4279
4162	4163	4281	4280
4163	4164	4282	4281
4164	4165	4283	4282
4165	4166	4284	4283
4166	4167	4285	4284
4167	4168	4286	4285
4168	4169	4287	4286
4169	4170	4288	4287
4170	4171	4289	4288
4171	4172	4290	4289
4172	4173	4291	4290
4173	4174	4292	4291
4174	4175	4293	4292
4175	4176	4294	4293
4176	4177	4295	4294
4177	4178	4296	4295
4178	4179	4297	4296
4179	4180	4298	4297
4180	4181	4299	4298
4181	4182	4300	4299
4182	4183	4301	4300
4183	4184	4302	4301
4184	4185	4303	4302
4185	4186	4304	4303
4186	4187	4305	4304
4187	4188	4306	4305
4188	4189	4307	4306
4189	4190	4308	4307
4190	4191	4309	4308
4191	4192	4310	4309
4192	4193	4311	4310
4193	4194	4312	4311
4194	4195	4313	4312
4195	4196	4314	4313
4196	4197	4315	4314
4197	4198	4316	4315
4198	4199	4317	4316
4199	4200	4318	4317
4200	4201	4319	4318
4201	4202	4320	4319
4202	4203	4321	4320
4203	4204	4322	4321
4204	4205	4323	4322
4205	4206	4324	4323
4206	4207	4325	4324
4207	4208	4326	4325
4208	4209	4327	4326
4209	4210	4328	4327
4210	4211	4329	4328
4211	4212	4330	4329
4212	4213	4331	4330
4213	4214	4332	4331
4214	4215	4333	4332
4215	4216	4334	4333
4216	4217	4335	4334
4217	4218	4336	4335
4218	4219	4337	4336
4219	4220	4338	4337
4220	4221	4339	4338
4221	4222	4340	4339
4222	4223	4341	4340
4223	4224	4342	4341
4224	4225	4343	4342
4225	4226	4344	4343
4226	4227	4345	4344
4227	4228	4346	4345
4228	4229	4347	4346
4229	4230	4348	4347
4230	4231	4349	4348
4231	4232	4350	4349
4232	4233	4351	4350
4233	4234	4352	4351
4234	4235	4353	4352
4235	4236	4354	4353
4236	4237	4355	4354
4237	4238	4356	4355
4238	4239	4357	4356
4239	4240	4358	4357
4240	4241	4359	4358
4241	4242	4360	4359
4242	4243	4361	4360
4243	4244	4362	4361
4244	4245	4363	4362
4245	4246	4364	4363
4246	4247	4365	4364
4248	4249	4367	4366
4249	4250	4368	4367
4250	4251	4369	4368
4251	4252	4370	4369
4252	4253	4371	4370
4253	4254	4372	4371
4254	4255	4373	4372
4255	4256	4374	4373
4256	4257	4375	4374
4257	4258	4376	4375
4258	4259	4377	4376
4259	4260	4378	4377
4260	4261	4379	4378
4261	4262	4380	4379
4262	4263	4381	4380
4263	4264	4382	4381
4264	4265	4383	4382
4265	4266	4384	4383
4266	4267	4385	4384
4267	4268	4386	4385
4268	4269	4387	4386
4269	4270	4388	4387
4270	4271	4389	4388
4271	4272	4390	4389
4272	4273	4391	4390
4273	4274	4392	4391
4274	4275	4393	4392
4275	4276	4394	4393
4276	4277	4395	4394
4277	4278	4396	4395
4278	4279	4397	4396
4279	4280	4398	4397
4280	4281	4399	4398
4281	4282	4400	4399
4282	4283	4401	4400
4283	4284	4402	4401
4284	4285	4403	4402
4285	4286	4404	4403
4286	4287	4405	4404
4287	4288	4406	4405
4288	4289	4407	4406
4289	4290	4408	4407
4290	4291	4409	4408
4291	4292	4410	4409
4292	4293	4411	4410
4293	4294	4412	4411
4294	4295	4413	4412
4295	4296	4414	4413
4296	4297	4415	4414
4297	4298	4416	4415
4298	4299	4417	4416
4299	4300	4418	4417
4300	4301	4419	4418
4301	4302	4420	4419
4302	4303	4421	4420
4303	4304	4422	4421
4304	4305	4423	4422
4305	4306	4424	4423
4306	4307	4425	4424
4307	4308	4426	4425
4308	4309	4427	4426
4309	4310	4428	4427
4310	4311	4429	4428
4311	4312	4430	4429
4312	4313	4431	4430
4313	4314	4432	4431
4314	4315	4433	4432
4315	4316	4434	4433
4316	4317	4435	4434
4317	4318	4436	4435
4318	4319	4437	4436
4319	4320	4438	4437
4320	4321	4439	4438
4321	4322	4440	4439
4322	4323	4441	4440
4323	4324	4442	4441
4324	4325	4443	4442
4325	4326	4444	4443
4326	4327	4445	4444
4327	4328	4446	4445
4328	4329	4447	4446
4329	4330	4448	4447
4330	4331	4449	4448
4331	4332	4450	4449
4332	4333	4451	4450
4333	4334	4452	4451
4334	4335	4453	4452
4335	4336	4454	4453
4336	4337	4455	4454
4337	4338	4456	4455
4338	4339	4457	4456
4339	4340	4458	4457
4340	4341	4459	4458
4341	4342	4460	4459
4342	4343	4461	4460
4343	4344	4462	4461
4344	4345	4463	4462
4345	4346	4464	4463
4346	4347	4465	4464
4347	4348	4466	4465
4348	4349	4467	4466
4349	4350	4468	4467
4350	4351	4469	4468
4351	4352	4470	4469
4352	4353	4471	4470
4353	4354	4472	4471
4354	4355	4473	4472
4355	4356	4474	4473
4356	4357	4475	4474
4357	4358	4476	4475
4358	4359	4477	4476
4359	4360	4478	4477
4360	4361	4479	4478
4361	4362	4480	4479
4362	4363	4481	4480
4363	4364	4482	4481
4364	4365	4483	4482
4366	4367	4485	4484
4367	4368	4486	4485
4368	4369	4487	4486
4369	4370	4488	4487
4370	4371	4489	4488
4371	4372	4490	4489
4372	4373	4491	4490
4373	4374	4492	4491
4374	4375	4493	4492
4375	4376	4494	4493
4376	4377	4495	4494
4377	4378	4496	4495
4378	4379	4497	4496
4379	4380	4498	4497
4380	4381	4499	4498
4381	4382	4500	4499
4382	4383	4501	4500
4383	4384	4502	4501
4384	4385	4503	4502
4385	4386	4504	4503
4386	4387	4505	4504
4387	4388	4506	4505
4388	4389	4507	4506
4389	4390	4508	4507
4390	4391	4509	4508
4391	4392	4510	4509
4392	4393	4511	4510
4393	4394	4512	4511
4394	4395	4513	4512
4395	4396	4514	4513
4396	4397	4515	4514
4397	4398	4516	4515
4398	4399	4517	4516
4399	4400	4518	4517
4400	4401	4519	4518
4401	4402	4520	4519
4402	4403	4521	4520
4403	4404	4522	4521
4404	4405	4523	4522
4405	4406	4524	4523
4406	4407	4525	4524
4407	4408	4526	4525
4408	4409	4527	4526
4409	4410	4528	4527
4410	4411	4529	4528
4411	4412	4530	4529
4412	4413	4531	4530
4413	4414	4532	4531
4414	4415	4533	4532
4415	4416	4534	4533
4416	4417	4535	4534
4417	4418	4536	4535
4418	4419	4537	4536
4419	4420	4538	4537
4420	4421	4539	4538
4421	4422	4540	4539
4422	4423	4541	4540
4423	4424	4542	4541
4424	4425	4543	4542
4425	4426	4544	4543
4426	4427	4545	4544
4427	4428	4546	4545
4428	4429	4547	4546
4429	4430	4548	4547
4430	4431	4549	4548
4431	4432	4550	4549
4432	4433	4551	4550
4433	4434	4552	4551
4434	4435	4553	4552
4435	4436	4554	4553
4436	4437	4555	4554
4437	4438	4556	4555
4438	4439	4557	4556
4439	4440	4558	4557
4440	4441	4559	4558
4441	4442	4560	4559
4442	4443	4561	4560
4443	4444	4562	4561
4444	4445	4563	4562
4445	4446	4564	4563
4446	4447	4565	4564
4447	4448	4566	4565
4448	4449	4567	4566
4449	4450	4568	4567
4450	4451	4569	4568
4451	4452	4570	4569
4452	4453	4571	4570
4453	4454	4572	4571
4454	4455	4573	4572
4455	4456	4574	4573
4456	4457	4575	4574
4457	4458	4576	4575
4458	4459	4577	4576
4459	4460	4578	4577
4460	4461	4579	4578
4461	4462	4580	4579
4462	4463	4581	4580
4463	4464	4582	4581
4464	4465	4583	4582
4465	4466	4584	4583
4466	4467	4585	4584
4467	4468	4586	4585
4468	4469	4587	4586
4469	4470	4588	4587
4470	4471	4589	4588
4471	4472	4590	4589
4472	4473	4591	4590
4473	4474	4592	4591
4474	4475	4593	4592
4475	4476	4594	4593
4476	4477	4595	4594
4477	4478	4596	4595
4478	4479	4597	4596
4479	4480	4598	4597
4480	4481	4599	4598
4481	4482	4600	4599
4482	4483	4601	4600
4484	4485	4603	4602
4485	4486	4604	4603
4486	4487	4605	4604
4487	4488	4606	4605
4488	4489	4607	4606
4489	4490	4608	4607
4490	4491	4609	4608
4491	4492	4610	4609
4492	4493	4611	4610
4493	4494	4612	4611
4494	4495	4613	4612
4495	4496	4614	4613
4496	4497	4615	4614
4497	4498	4616	4615
4498	4499	4617	4616
4499	4500	4618	4617
4500	4501	4619	4618
4501	4502	4620	4619
4502	4503	4621	4620
4503	4504	4622	4621
4504	4505	4623	4622
4505	4506	4624	4623
4506	4507	4625	4624
4507	4508	4626	4625
4508	4509	4627	4626
4509	4510	4628	4627
4510	4511	4629	4628
4511	4512	4630	4629
4512	4513	4631	4630
4513	4514	4632	4631
4514	4515	4633	4632
4515	4516	4634	4633
4516	4517	4635	4634
4517	4518	4636	4635
4518	4519	4637	4636
4519	4520	4638	4637
4520	4521	4639	4638
4521	4522	4640	4639
4522	4523	4641	4640
4523	4524	4642	4641
4524	4525	4643	4642
4525	4526	4644	4643
4526	4527	4645	4644
4527	4528	4646	4645
4528	4529	4647	4646
4529	4530	4648	4647
4530	4531	4649	4648
4531	4532	4650	4649
4532	4533	4651	4650
4533	4534	4652	4651
4534	4535	4653	4652
4535	4536	4654	4653
4536	4537	4655	4654
4537	4538	4656	4655
4538	4539	4657	4656
4539	4540	4658	4657
4540	4541	4659	4658
4541	4542	4660	4659
4542	4543	4661	4660
4543	4544	4662	4661
4544	4545	4663	4662
4545	4546	4664	4663
4546	4547	4665	4664
4547	4548	4666	4665
4548	4549	4667	4666
4549	4550	4668	4667
4550	4551	4669	4668
4551	4552	4670	4669
4552	4553	4671	4670
4553	4554	4672	4671
4554	4555	4673	4672
4555	4556	4674	4673
4556	4557	4675	4674
4557	4558	4676	4675
4558	4559	4677	4676
4559	4560	4678	4677
4560	4561	4679	4678
4561	4562	4680	4679
4562	4563	4681	4680
4563	4564	4682	4681
4564	4565	4683	4682
4565	4566	4684	4683
4566	4567	4685	4684
4567	4568	4686	4685
4568	4569	4687	4686
4569	4570	4688	4687
4570	4571	4689	4688
4571	4572	4690	4689
4572	4573	4691	4690
4573	4574	4692	4691
4574	4575	4693	4692
4575	4576	4694	4693
4576	4577	4695	4694
4577	4578	4696	4695
4578	4579	4697	4696
4579	4580	4698	4697
4580	4581	4699	4698
4581	4582	4700	4699
4582	4583	4701	4700
4583	4584	4702	4701
4584	4585	4703	4702
4585	4586	4704	4703
4586	4587	4705	4704
4587	4588	4706	4705
4588	4589	4707	4706
4589	4590	4708	4707
4590	4591	4709	4708
4591	4592	4710	4709
4592	4593	4711	4710
4593	4594	4712	4711
4594	4595	4713	4712
4595	4596	4714	4713
4596	4597	4715	4714
4597	4598	4716	4715
4598	4599	4717	4716
4599	4600	4718	4717
4600	4601	4719	4718
4602	4603	4721	4720
4603	4604	4722	4721
4604	4605	4723	4722
4605	4606	4724	4723
4606	4607	4725	4724
4607	4608	4726	4725
4608	4609	4727	4726
4609	4610	4728	4727
4610	4611	4729	4728
4611	4612	4730	4729
4612	4613	4731	4730
4613	4614	4732	4731
4614	4615	4733	4732
4615	4616	4734	4733
4616	4617	4735	4734
4617	4618	4736	4735
4618	4619	4737	4736
4619	4620	4738	4737
4620	4621	4739	4738
4621	4622	4740	4739
4622	4623	4741	4740
4623	4624	4742	4741
4624	4625	4743	4742
4625	4626	4744	4743
4626	4627	4745	4744
4627	4628	4746	4745
4628	4629	4747	4746
4629	4630	4748	4747
4630	4631	4749	4748
4631	4632	4750	4749
4632	4633	4751	4750
4633	4634	4752	4751
4634	4635	4753	4752
4635	4636	4754	4753
4636	4637	4755	4754
4637	4638	4756	4755
4638	4639	4757	4756
4639	4640	4758	4757
4640	4641	4759	4758
4641	4642	4760	4759
4642	4643	4761	4760
4643	4644	4762	4761
4644	4645	4763	4762
4645	4646	4764	4763
4646	4647	4765	4764
4647	4648	4766	4765
4648	4649	4767	4766
4649	4650	4768	4767
4650	4651	4769	4768
4651	4652	4770	4769
4652	4653	4771	4770
4653	4654	4772	4771
4654	4655	4773	4772
4655	4656	4774	4773
4656	4657	4775	4774
4657	4658	4776	4775
4658	4659	4777	4776
4659	4660	4778	4777
4660	4661	4779	4778
4661	4662	4780	4779
4662	4663	4781	4780
4663	4664	4782	4781
4664	4665	4783	4782
4665	4666	4784	4783
4666	4667	4785	4784
4667	4668	4786	4785
4668	4669	4787	4786
4669	4670	4788	4787
4670	4671	4789	4788
4671	4672	4790	4789
4672	4673	4791	4790
4673	4674	4792	4791
4674	4675	4793	4792
4675	4676	4794	4793
4676	4677	4795	4794
4677	4678	4796	4795
4678	4679	4797	4796
4679	4680	4798	4797
4680	4681	4799	4798
4681	4682	4800	4799
4682	4683	4801	4800
4683	4684	4802	4801
4684	4685	4803	4802
4685	4686	4804	4803
4686	4687	4805	4804
4687	4688	4806	4805
4688	4689	4807	4806
4689	4690	4808	4807
4690	4691	4809	4808
4691	4692	4810	4809
4692	4693	4811	4810
4693	4694	4812	4811
4694	4695	4813	4812
4695	4696	4814	4813
4696	4697	4815	4814
4697	4698	4816	4815
4698	4699	4817	4816
4699	4700	4818	4817
4700	4701	4819	4818
4701	4702	4820	4819
4702	4703	4821	4820
4703	4704	4822	4821
4704	4705	4823	4822
4705	4706	4824	4823
4706	4707	4825	4824
4707	4708	4826	4825
4708	4709	4827	4826
4709	4710	4828	4827
4710	4711	4829	4828
4711	4712	4830	4829
4712	4713	4831	4830
4713	4714	4832	4831
4714	4715	4833	4832
4715	4716	4834	4833
4716	4717	4835	4834
4717	4718	4836	4835
4718	4719	4837	4836
